id,text,aspects
2339,I charge it at night and skip taking the cord with me because of the good battery life.,"{'term': array(['cord', 'battery life'], dtype=object), 'polarity': array(['neutral', 'positive'], dtype=object), 'from': array([41, 74], dtype=int16), 'to': array([45, 86], dtype=int16)}"
812,I bought a HP Pavilion DV4-1222nr laptop and have had so many problems with the computer.,"{'term': array([''], dtype=object), 'polarity': array([''], dtype=object), 'from': array([0], dtype=int16), 'to': array([0], dtype=int16)}"
1316,"The tech guy then said the service center does not do 1-to-1 exchange and I have to direct my concern to the ""sales"" team, which is the retail shop which I bought my netbook from.","{'term': array(['service center', '""sales"" team', 'tech guy'], dtype=object), 'polarity': array(['negative', 'negative', 'neutral'], dtype=object), 'from': array([ 27, 109,   4], dtype=int16), 'to': array([ 41, 121,  12], dtype=int16)}"
2328,I investigated netbooks and saw the Toshiba NB305-N410BL.,"{'term': array([''], dtype=object), 'polarity': array([''], dtype=object), 'from': array([0], dtype=int16), 'to': array([0], dtype=int16)}"
2193,"The other day I had a presentation to do for a seminar at a large conference in town- lots of people, little time to prep and have to set up a computer to a projector, etc.","{'term': array([''], dtype=object), 'polarity': array([''], dtype=object), 'from': array([0], dtype=int16), 'to': array([0], dtype=int16)}"
2005,"it is of high quality, has a killer GUI, is extremely stable, is highly expandable, is bundled with lots of very good applications, is easy to use, and is absolutely gorgeous.","{'term': array(['quality', 'GUI', 'applications', 'use'], dtype=object), 'polarity': array(['positive', 'positive', 'positive', 'positive'], dtype=object), 'from': array([ 14,  36, 118, 143], dtype=int16), 'to': array([ 21,  39, 130, 146], dtype=int16)}"
2789,Easy to start up and does not overheat as much as other laptops.,"{'term': array(['start up'], dtype=object), 'polarity': array(['positive'], dtype=object), 'from': array([8], dtype=int16), 'to': array([16], dtype=int16)}"
425,Sad very SAD.,"{'term': array([''], dtype=object), 'polarity': array([''], dtype=object), 'from': array([0], dtype=int16), 'to': array([0], dtype=int16)}"
76,"I even got my teenage son one, because of the features that it offers, like, iChat, Photobooth, garage band and more!","{'term': array(['features', 'iChat', 'Photobooth', 'garage band'], dtype=object), 'polarity': array(['positive', 'positive', 'positive', 'positive'], dtype=object), 'from': array([46, 77, 84, 96], dtype=int16), 'to': array([ 54,  82,  94, 107], dtype=int16)}"
747,Needless to say a PC that can't support a cell phone is less than useless!,"{'term': array([''], dtype=object), 'polarity': array([''], dtype=object), 'from': array([0], dtype=int16), 'to': array([0], dtype=int16)}"
80,Great laptop that offers many great features!,"{'term': array(['features'], dtype=object), 'polarity': array(['positive'], dtype=object), 'from': array([36], dtype=int16), 'to': array([44], dtype=int16)}"
796,they have done absolutely nothing to fix the computer problem.,"{'term': array([''], dtype=object), 'polarity': array([''], dtype=object), 'from': array([0], dtype=int16), 'to': array([0], dtype=int16)}"
917," One night I turned the freaking thing off after using it, the next day I turn it on, no GUI, screen all dark, power light steady, hard drive light steady and not flashing as it usually does.","{'term': array(['GUI', 'screen', 'power light', 'hard drive ligh'], dtype=object), 'polarity': array(['negative', 'negative', 'neutral', 'negative'], dtype=object), 'from': array([ 89,  94, 111, 131], dtype=int16), 'to': array([ 92, 100, 122, 146], dtype=int16)}"
1788,"Still pretty pricey, but I've been putting off money for a while as a little Macbook Fund, and finally got to use it.","{'term': array([''], dtype=object), 'polarity': array([''], dtype=object), 'from': array([0], dtype=int16), 'to': array([0], dtype=int16)}"
338,"My only disappointment with the 13"" model is that they're the only ones in the MacBook Pro line up without an i5 or i7 processor and dual graphics cards, however the trade-off is that you achieve a longer battery life (of about 2 more hours).","{'term': array(['processor', 'graphics cards', 'battery life'], dtype=object), 'polarity': array(['negative', 'negative', 'positive'], dtype=object), 'from': array([119, 138, 205], dtype=int16), 'to': array([128, 152, 217], dtype=int16)}"
1630,I took it back for an Asus and same thing- blue screen which required me to remove the battery to reset.,"{'term': array(['battery'], dtype=object), 'polarity': array(['neutral'], dtype=object), 'from': array([87], dtype=int16), 'to': array([94], dtype=int16)}"
38,"In the shop, these MacBooks are encased in a soft rubber enclosure - so you will never know about the razor edge until you buy it, get it home, break the seal and use it (very clever con).","{'term': array(['rubber enclosure', 'edge'], dtype=object), 'polarity': array(['positive', 'negative'], dtype=object), 'from': array([ 50, 108], dtype=int16), 'to': array([ 66, 112], dtype=int16)}"
337,"However, the multi-touch gestures and large tracking area make having an external mouse unnecessary (unless you're gaming).","{'term': array(['multi-touch gestures', 'tracking area', 'external mouse',
       'gaming'], dtype=object), 'polarity': array(['positive', 'positive', 'neutral', 'neutral'], dtype=object), 'from': array([ 13,  44,  73, 115], dtype=int16), 'to': array([ 33,  57,  87, 121], dtype=int16)}"
1505,Plus it is small and reasonably light so I can take it with me to and from work.,"{'term': array([''], dtype=object), 'polarity': array([''], dtype=object), 'from': array([0], dtype=int16), 'to': array([0], dtype=int16)}"
263,I HATE this one.,"{'term': array([''], dtype=object), 'polarity': array([''], dtype=object), 'from': array([0], dtype=int16), 'to': array([0], dtype=int16)}"
1227,They were totally unconcerned that the computer was not correctly repaired in the first place.,"{'term': array([''], dtype=object), 'polarity': array([''], dtype=object), 'from': array([0], dtype=int16), 'to': array([0], dtype=int16)}"
1019,Toshiba does not send any one out unless you have paid extra to have the on site repair done.,"{'term': array([''], dtype=object), 'polarity': array([''], dtype=object), 'from': array([0], dtype=int16), 'to': array([0], dtype=int16)}"
1158,"Oh, boy!","{'term': array([''], dtype=object), 'polarity': array([''], dtype=object), 'from': array([0], dtype=int16), 'to': array([0], dtype=int16)}"
1168,But while this is one big advantage (as you may know from the company s recent commercials) there are other things to consider before going with Apple.,"{'term': array([''], dtype=object), 'polarity': array([''], dtype=object), 'from': array([0], dtype=int16), 'to': array([0], dtype=int16)}"
2568,I love the way the entire suite of software works together.,"{'term': array(['suite of software'], dtype=object), 'polarity': array(['positive'], dtype=object), 'from': array([26], dtype=int16), 'to': array([43], dtype=int16)}"
295,The speed is incredible and I am more than satisfied.,"{'term': array(['speed'], dtype=object), 'polarity': array(['positive'], dtype=object), 'from': array([4], dtype=int16), 'to': array([9], dtype=int16)}"
951,on the bright side at least I wasn't without my laptop for long this time!,"{'term': array([''], dtype=object), 'polarity': array([''], dtype=object), 'from': array([0], dtype=int16), 'to': array([0], dtype=int16)}"
2759,This laptop meets every expectation and Windows 7 is great!,"{'term': array(['Windows 7'], dtype=object), 'polarity': array(['positive'], dtype=object), 'from': array([40], dtype=int16), 'to': array([49], dtype=int16)}"
2055,That's how frustrating it was.,"{'term': array([''], dtype=object), 'polarity': array([''], dtype=object), 'from': array([0], dtype=int16), 'to': array([0], dtype=int16)}"
2980,I can barely use any usb devices because they will not stay connected properly.,"{'term': array(['usb devices'], dtype=object), 'polarity': array(['negative'], dtype=object), 'from': array([21], dtype=int16), 'to': array([32], dtype=int16)}"
2454,"The one down side to it is that when I play a certin game on here, it tends to freeze up sometimes, but thats the only bad thing about this computer.","{'term': array([''], dtype=object), 'polarity': array([''], dtype=object), 'from': array([0], dtype=int16), 'to': array([0], dtype=int16)}"
1054,"-No backlit keyboard, but not an issue for me.","{'term': array(['keyboard'], dtype=object), 'polarity': array(['conflict'], dtype=object), 'from': array([12], dtype=int16), 'to': array([20], dtype=int16)}"
743,When I finally had everything running with all my software installed I plugged in my droid to recharge and the system crashed.,"{'term': array(['software', 'system'], dtype=object), 'polarity': array(['neutral', 'negative'], dtype=object), 'from': array([ 50, 111], dtype=int16), 'to': array([ 58, 117], dtype=int16)}"
1155,I can't even turn it off.,"{'term': array([''], dtype=object), 'polarity': array([''], dtype=object), 'from': array([0], dtype=int16), 'to': array([0], dtype=int16)}"
2587,"One suggestion I do have, is to not bother getting Microsoft office for the mac expecting it will work just like you knew it to on a PC.","{'term': array(['Microsoft office for the mac'], dtype=object), 'polarity': array(['negative'], dtype=object), 'from': array([51], dtype=int16), 'to': array([79], dtype=int16)}"
2202,Pairing it with an iPhone is a pure pleasure - talk about painless syncing - used to take me forever - now it's a snap.,"{'term': array(['syncing'], dtype=object), 'polarity': array(['positive'], dtype=object), 'from': array([67], dtype=int16), 'to': array([74], dtype=int16)}"
2799,I shopped around before buying.,"{'term': array([''], dtype=object), 'polarity': array([''], dtype=object), 'from': array([0], dtype=int16), 'to': array([0], dtype=int16)}"
2227,"I also got the added bonus of a 30"" HD Monitor, which really helps to extend my screen and keep my eyes fresh!","{'term': array(['30"" HD Monitor', 'screen'], dtype=object), 'polarity': array(['positive', 'neutral'], dtype=object), 'from': array([32, 80], dtype=int16), 'to': array([46, 86], dtype=int16)}"
2241,Would do business again.,"{'term': array([''], dtype=object), 'polarity': array([''], dtype=object), 'from': array([0], dtype=int16), 'to': array([0], dtype=int16)}"
92,The machine is slow to boot up and occasionally crashes completely.,"{'term': array(['boot up'], dtype=object), 'polarity': array(['negative'], dtype=object), 'from': array([23], dtype=int16), 'to': array([30], dtype=int16)}"
1204,"After paying several hundred dollars for this service, it is frustrating that you cannot get help after hours.","{'term': array(['service'], dtype=object), 'polarity': array(['negative'], dtype=object), 'from': array([46], dtype=int16), 'to': array([53], dtype=int16)}"
2026,I have had the luxury (sarcasm) of owning 2 of these laptops.,"{'term': array([''], dtype=object), 'polarity': array([''], dtype=object), 'from': array([0], dtype=int16), 'to': array([0], dtype=int16)}"
535,What a waste.,"{'term': array([''], dtype=object), 'polarity': array([''], dtype=object), 'from': array([0], dtype=int16), 'to': array([0], dtype=int16)}"
478,It was a total Dhell experience that I will never repeat.,"{'term': array([''], dtype=object), 'polarity': array([''], dtype=object), 'from': array([0], dtype=int16), 'to': array([0], dtype=int16)}"
1690,There are a few flaws as well that I noticed.,"{'term': array([''], dtype=object), 'polarity': array([''], dtype=object), 'from': array([0], dtype=int16), 'to': array([0], dtype=int16)}"
1789,Completely worth every single penny dime and nickel.,"{'term': array([''], dtype=object), 'polarity': array([''], dtype=object), 'from': array([0], dtype=int16), 'to': array([0], dtype=int16)}"
250,I tried to upgrade it to a newer version a couple of months ago and I still have the same problem.,"{'term': array([''], dtype=object), 'polarity': array([''], dtype=object), 'from': array([0], dtype=int16), 'to': array([0], dtype=int16)}"
325,"I did have to replace the battery once, but that was only a couple months ago and it's been working perfect ever since.","{'term': array(['battery'], dtype=object), 'polarity': array(['conflict'], dtype=object), 'from': array([26], dtype=int16), 'to': array([33], dtype=int16)}"
324,:) In the past four years I've had it I have never once gotten a virus.,"{'term': array([''], dtype=object), 'polarity': array([''], dtype=object), 'from': array([0], dtype=int16), 'to': array([0], dtype=int16)}"
1574,I love the operating system and the preloaded software.,"{'term': array(['operating system', 'preloaded software'], dtype=object), 'polarity': array(['positive', 'positive'], dtype=object), 'from': array([11, 36], dtype=int16), 'to': array([27, 54], dtype=int16)}"
1005,"They were great in handling this problem, and I'm looking forward in purchasing additonal products from them in the future.","{'term': array([''], dtype=object), 'polarity': array([''], dtype=object), 'from': array([0], dtype=int16), 'to': array([0], dtype=int16)}"
989,I've tried going back to XL but there still problems.,"{'term': array([''], dtype=object), 'polarity': array([''], dtype=object), 'from': array([0], dtype=int16), 'to': array([0], dtype=int16)}"
3073,The best thing about this laptop is the price along with some of the newer features.,"{'term': array(['price', 'features'], dtype=object), 'polarity': array(['positive', 'positive'], dtype=object), 'from': array([40, 75], dtype=int16), 'to': array([45, 83], dtype=int16)}"
1254,"After numerous attempts of trying (including setting the clock in BIOS setup directly), I gave up(I am a techie).","{'term': array(['clock in BIOS setup'], dtype=object), 'polarity': array(['negative'], dtype=object), 'from': array([57], dtype=int16), 'to': array([76], dtype=int16)}"
810,YOU WILL NOT BE ABLE TO TALK TO AN AMERICAN WARRANTY SERVICE IS OUT OF COUNTRY.,"{'term': array(['WARRANTY SERVICE'], dtype=object), 'polarity': array(['negative'], dtype=object), 'from': array([44], dtype=int16), 'to': array([60], dtype=int16)}"
1346,But it may be potentially hundreds or thousands in the near future.,"{'term': array([''], dtype=object), 'polarity': array([''], dtype=object), 'from': array([0], dtype=int16), 'to': array([0], dtype=int16)}"
2383,Has met or exceeded my needs for a compact travel device.,"{'term': array([''], dtype=object), 'polarity': array([''], dtype=object), 'from': array([0], dtype=int16), 'to': array([0], dtype=int16)}"
130,but now i have realized its a problem with this brand.,"{'term': array(['brand'], dtype=object), 'polarity': array(['negative'], dtype=object), 'from': array([48], dtype=int16), 'to': array([53], dtype=int16)}"
1253,It cannot save the correct date and time I set.,"{'term': array([''], dtype=object), 'polarity': array([''], dtype=object), 'from': array([0], dtype=int16), 'to': array([0], dtype=int16)}"
839,I sent it back to Toshiba twice they covered it under the  warranty.,"{'term': array(['warranty'], dtype=object), 'polarity': array(['positive'], dtype=object), 'from': array([59], dtype=int16), 'to': array([67], dtype=int16)}"
1473,And this isn't just my one experine.,"{'term': array([''], dtype=object), 'polarity': array([''], dtype=object), 'from': array([0], dtype=int16), 'to': array([0], dtype=int16)}"
782,They sent me a replacement part and without informing me are requiring that I return it within 15 days or contact them and let them know the broken part will be returned later.,"{'term': array([''], dtype=object), 'polarity': array([''], dtype=object), 'from': array([0], dtype=int16), 'to': array([0], dtype=int16)}"
696,I was looking for a mac which is portable and has all the features that I was looking for.,"{'term': array(['features'], dtype=object), 'polarity': array(['positive'], dtype=object), 'from': array([58], dtype=int16), 'to': array([66], dtype=int16)}"
2878,I would highly recommend this one to my friends,"{'term': array([''], dtype=object), 'polarity': array([''], dtype=object), 'from': array([0], dtype=int16), 'to': array([0], dtype=int16)}"
226,"I honestly love my mac, thats why I am a self proclaimed mac addict.","{'term': array([''], dtype=object), 'polarity': array([''], dtype=object), 'from': array([0], dtype=int16), 'to': array([0], dtype=int16)}"
1652,And these are some reasons you should get a macbook pro.,"{'term': array([''], dtype=object), 'polarity': array([''], dtype=object), 'from': array([0], dtype=int16), 'to': array([0], dtype=int16)}"
1030,Also kinda loud when the fan was running.,"{'term': array(['fan'], dtype=object), 'polarity': array(['negative'], dtype=object), 'from': array([25], dtype=int16), 'to': array([28], dtype=int16)}"
1425,"In desparation, I called their Customer Service number and was told that my warranty had expired (2 days old) and that the priviledge of talking to a technician would cost me (""have your credit card ready"").","{'term': array(['Customer Service number', 'warranty', 'talking to a technician'],
      dtype=object), 'polarity': array(['neutral', 'negative', 'negative'], dtype=object), 'from': array([ 31,  76, 137], dtype=int16), 'to': array([ 54,  84, 160], dtype=int16)}"
2861,I purchased this laptop while on a business trip to keep up with my email.,"{'term': array([''], dtype=object), 'polarity': array([''], dtype=object), 'from': array([0], dtype=int16), 'to': array([0], dtype=int16)}"
661,There also seemed to be a problem with the hard disc as certain times windows loads but claims to not be able to find any drivers or files.,"{'term': array(['hard disc', 'windows', 'drivers'], dtype=object), 'polarity': array(['negative', 'negative', 'neutral'], dtype=object), 'from': array([ 43,  70, 122], dtype=int16), 'to': array([ 52,  77, 129], dtype=int16)}"
997,Drivers updated ok but the BIOS update froze the system up and the computer shut down.,"{'term': array(['Drivers', 'BIOS update', 'system'], dtype=object), 'polarity': array(['positive', 'negative', 'negative'], dtype=object), 'from': array([ 0, 27, 49], dtype=int16), 'to': array([ 7, 38, 55], dtype=int16)}"
192,-they lost my laptop for a month,"{'term': array([''], dtype=object), 'polarity': array([''], dtype=object), 'from': array([0], dtype=int16), 'to': array([0], dtype=int16)}"
463,Spent 2 hours on phone with HP Technical Support.,"{'term': array(['HP Technical Support'], dtype=object), 'polarity': array(['neutral'], dtype=object), 'from': array([28], dtype=int16), 'to': array([48], dtype=int16)}"
2866,"This is my second laptop,and it is head and shoulders above my first.","{'term': array([''], dtype=object), 'polarity': array([''], dtype=object), 'from': array([0], dtype=int16), 'to': array([0], dtype=int16)}"
935,at first!,"{'term': array([''], dtype=object), 'polarity': array([''], dtype=object), 'from': array([0], dtype=int16), 'to': array([0], dtype=int16)}"
1193,"Speaking of the browser, it too has problems.","{'term': array(['browser'], dtype=object), 'polarity': array(['negative'], dtype=object), 'from': array([16], dtype=int16), 'to': array([23], dtype=int16)}"
2192,I think just going from PC to Mac has gotten me totally spoiled and I can't imagine ever going back.,"{'term': array([''], dtype=object), 'polarity': array([''], dtype=object), 'from': array([0], dtype=int16), 'to': array([0], dtype=int16)}"
147,The keyboard is too slick.,"{'term': array(['keyboard'], dtype=object), 'polarity': array(['negative'], dtype=object), 'from': array([4], dtype=int16), 'to': array([12], dtype=int16)}"
1433,Nightly my computer defrags itself and runs a virus scan.,"{'term': array(['virus scan'], dtype=object), 'polarity': array(['neutral'], dtype=object), 'from': array([46], dtype=int16), 'to': array([56], dtype=int16)}"
1669,"It's like 9 punds, but if you can look past it, it's GREAT!","{'term': array(['9 punds'], dtype=object), 'polarity': array(['negative'], dtype=object), 'from': array([10], dtype=int16), 'to': array([17], dtype=int16)}"
2462,It's just as fast with one program open as it is with sixteen open.,"{'term': array(['program'], dtype=object), 'polarity': array(['neutral'], dtype=object), 'from': array([27], dtype=int16), 'to': array([34], dtype=int16)}"
2719,"Still under warrenty so called Toshiba, no help at all.","{'term': array(['warrenty'], dtype=object), 'polarity': array(['negative'], dtype=object), 'from': array([12], dtype=int16), 'to': array([20], dtype=int16)}"
1224,I was happy with My purchase of a Toshiba Satellite L305D-S5934 laptop until it came time to have it repaired under the Toshiba Warranty.,"{'term': array(['Toshiba Warranty'], dtype=object), 'polarity': array(['negative'], dtype=object), 'from': array([120], dtype=int16), 'to': array([136], dtype=int16)}"
588,I LOVE IT!,"{'term': array([''], dtype=object), 'polarity': array([''], dtype=object), 'from': array([0], dtype=int16), 'to': array([0], dtype=int16)}"
2492,Amazing Quality!,"{'term': array(['Quality'], dtype=object), 'polarity': array(['positive'], dtype=object), 'from': array([8], dtype=int16), 'to': array([15], dtype=int16)}"
1541,The fact that you can spend over $100 on just a webcam underscores the value of this machine.,"{'term': array(['webcam', 'value'], dtype=object), 'polarity': array(['neutral', 'positive'], dtype=object), 'from': array([48, 71], dtype=int16), 'to': array([54, 76], dtype=int16)}"
3060,"I mainly use it for email, internet, and managing personal files (pics, vids, etc.).","{'term': array(['internet', 'managing personal files'], dtype=object), 'polarity': array(['neutral', 'neutral'], dtype=object), 'from': array([27, 41], dtype=int16), 'to': array([35, 64], dtype=int16)}"
915,"A month or so ago, the freaking motherboard just died.","{'term': array(['motherboard'], dtype=object), 'polarity': array(['negative'], dtype=object), 'from': array([32], dtype=int16), 'to': array([43], dtype=int16)}"
2050,"The system it comes with does not work properly, so when trying to fix the problems with it it started not working at all.","{'term': array(['system'], dtype=object), 'polarity': array(['negative'], dtype=object), 'from': array([4], dtype=int16), 'to': array([10], dtype=int16)}"
460,Then after 4 or so months the charger stopped working so I was forced to go out and buy new hardware just to keep this computer running.,"{'term': array(['charger', 'hardware'], dtype=object), 'polarity': array(['negative', 'negative'], dtype=object), 'from': array([30, 92], dtype=int16), 'to': array([ 37, 100], dtype=int16)}"
1954,I took it back to Best Buy where they were so helpful and immediately gave me a new one.,"{'term': array([''], dtype=object), 'polarity': array([''], dtype=object), 'from': array([0], dtype=int16), 'to': array([0], dtype=int16)}"
1728,"If you had PC for four years I can almost gaurentee that something would of gone wrong by now, maybe even forcing you to replace your entire computer.","{'term': array([''], dtype=object), 'polarity': array([''], dtype=object), 'from': array([0], dtype=int16), 'to': array([0], dtype=int16)}"
620,"*2 weeks after giving the computer for repair*-Called headquarters, they report that they have not looked at it yet but it is ""on the top of the stack"".","{'term': array([''], dtype=object), 'polarity': array([''], dtype=object), 'from': array([0], dtype=int16), 'to': array([0], dtype=int16)}"
2423,This machine delivers.,"{'term': array([''], dtype=object), 'polarity': array([''], dtype=object), 'from': array([0], dtype=int16), 'to': array([0], dtype=int16)}"
1781,Then 2 of my nephews were going into music and both fell in love with the MacBook Pro.,"{'term': array([''], dtype=object), 'polarity': array([''], dtype=object), 'from': array([0], dtype=int16), 'to': array([0], dtype=int16)}"
645,I complain again...,"{'term': array([''], dtype=object), 'polarity': array([''], dtype=object), 'from': array([0], dtype=int16), 'to': array([0], dtype=int16)}"
2,This laptop is insane!!!,"{'term': array([''], dtype=object), 'polarity': array([''], dtype=object), 'from': array([0], dtype=int16), 'to': array([0], dtype=int16)}"
1524,"If a website ever freezes (which is rare), its really easy to force quit.","{'term': array(['force quit'], dtype=object), 'polarity': array(['positive'], dtype=object), 'from': array([62], dtype=int16), 'to': array([72], dtype=int16)}"
2472,It does run a little warm but that is a negligible concern.,"{'term': array([''], dtype=object), 'polarity': array([''], dtype=object), 'from': array([0], dtype=int16), 'to': array([0], dtype=int16)}"
803,It rarely works and when it does it's incredibly slow.,"{'term': array(['works'], dtype=object), 'polarity': array(['negative'], dtype=object), 'from': array([10], dtype=int16), 'to': array([15], dtype=int16)}"
2225,I also enjoy the fact that my MacBook Pro laptop allows me to run Windows 7 on it by using the VMWare program.,"{'term': array(['Windows 7', 'VMWare program'], dtype=object), 'polarity': array(['positive', 'neutral'], dtype=object), 'from': array([66, 95], dtype=int16), 'to': array([ 75, 109], dtype=int16)}"
2644,"It's so much easier to navigate through the operating system, to find files, and it runs a lot faster!","{'term': array(['operating system', 'runs', 'navigate', 'find files'], dtype=object), 'polarity': array(['positive', 'positive', 'positive', 'positive'], dtype=object), 'from': array([44, 84, 23, 65], dtype=int16), 'to': array([60, 88, 31, 75], dtype=int16)}"
1365,Purchased a Toshiba Lap top it worked good until just after the warrenty went out.,"{'term': array(['warrenty'], dtype=object), 'polarity': array(['negative'], dtype=object), 'from': array([64], dtype=int16), 'to': array([72], dtype=int16)}"
1555,I always swore by PCs and would never consider a MAC.,"{'term': array([''], dtype=object), 'polarity': array([''], dtype=object), 'from': array([0], dtype=int16), 'to': array([0], dtype=int16)}"
2199,"what an elegant, wonderful machine.","{'term': array([''], dtype=object), 'polarity': array([''], dtype=object), 'from': array([0], dtype=int16), 'to': array([0], dtype=int16)}"
72,This is now my 3rd MacBook Pro and I really honestly love it!,"{'term': array([''], dtype=object), 'polarity': array([''], dtype=object), 'from': array([0], dtype=int16), 'to': array([0], dtype=int16)}"
1151,for 2 months.,"{'term': array([''], dtype=object), 'polarity': array([''], dtype=object), 'from': array([0], dtype=int16), 'to': array([0], dtype=int16)}"
2033,"I wanted to purchase the extended warranty and they refused, because they knew it was trouble.","{'term': array(['extended warranty'], dtype=object), 'polarity': array(['neutral'], dtype=object), 'from': array([25], dtype=int16), 'to': array([42], dtype=int16)}"
2113,Do you ever think HP would do that? NEVER!,"{'term': array([''], dtype=object), 'polarity': array([''], dtype=object), 'from': array([0], dtype=int16), 'to': array([0], dtype=int16)}"
2271,We upgraded the memory to four gigabytes in order to take advantage of the performace increase in speed.,"{'term': array(['memory', 'speed', 'performace'], dtype=object), 'polarity': array(['neutral', 'positive', 'positive'], dtype=object), 'from': array([16, 98, 75], dtype=int16), 'to': array([ 22, 103,  85], dtype=int16)}"
1307,It's not like I have used for half a year and then complained about it.,"{'term': array([''], dtype=object), 'polarity': array([''], dtype=object), 'from': array([0], dtype=int16), 'to': array([0], dtype=int16)}"
2186,Still trying to learn how to use it.,"{'term': array([''], dtype=object), 'polarity': array([''], dtype=object), 'from': array([0], dtype=int16), 'to': array([0], dtype=int16)}"
103,"The reality was, it heated up very quickly, and took way too long to do simple things, like opening my Documents folder.","{'term': array(['opening my Documents folder'], dtype=object), 'polarity': array(['negative'], dtype=object), 'from': array([92], dtype=int16), 'to': array([119], dtype=int16)}"
1875,I bought the netbook because it was smaller and lighter for me to carry around.,"{'term': array([''], dtype=object), 'polarity': array([''], dtype=object), 'from': array([0], dtype=int16), 'to': array([0], dtype=int16)}"
1359,The Genius at the Apple store advised me that there was nothing about my use of the computer that caused this failure.,"{'term': array([''], dtype=object), 'polarity': array([''], dtype=object), 'from': array([0], dtype=int16), 'to': array([0], dtype=int16)}"
2483,We'll save our money to replace it with a Mac again!,"{'term': array([''], dtype=object), 'polarity': array([''], dtype=object), 'from': array([0], dtype=int16), 'to': array([0], dtype=int16)}"
2945,Thank you for your great product!,"{'term': array([''], dtype=object), 'polarity': array([''], dtype=object), 'from': array([0], dtype=int16), 'to': array([0], dtype=int16)}"
197,"this company truely does make horrible products and doesnt seem to because they are certain things like this ""never"" happen...","{'term': array([''], dtype=object), 'polarity': array([''], dtype=object), 'from': array([0], dtype=int16), 'to': array([0], dtype=int16)}"
1149,I had always used PCs and been constantly frustrated by the crashing and the poorly designed operating systems that were never very intuitive.,"{'term': array(['operating systems'], dtype=object), 'polarity': array(['negative'], dtype=object), 'from': array([93], dtype=int16), 'to': array([110], dtype=int16)}"
163,"Sorry Toshiba, but 1st impressions do count for something.","{'term': array([''], dtype=object), 'polarity': array([''], dtype=object), 'from': array([0], dtype=int16), 'to': array([0], dtype=int16)}"
900,"Then, within 5 months, the charger crapped out on me.","{'term': array(['charger'], dtype=object), 'polarity': array(['negative'], dtype=object), 'from': array([27], dtype=int16), 'to': array([34], dtype=int16)}"
1649,And if you have a iphone or ipod touch you can connect and download songs to it at high speed.,"{'term': array(['speed'], dtype=object), 'polarity': array(['positive'], dtype=object), 'from': array([88], dtype=int16), 'to': array([93], dtype=int16)}"
2972,Overall this laptop is great.,"{'term': array([''], dtype=object), 'polarity': array([''], dtype=object), 'from': array([0], dtype=int16), 'to': array([0], dtype=int16)}"
446,I love the glass touchpad.,"{'term': array(['glass touchpad'], dtype=object), 'polarity': array(['positive'], dtype=object), 'from': array([11], dtype=int16), 'to': array([25], dtype=int16)}"
1912,  I continued to take the computer in AGAIN and they replaced the hard drive and mother board yet again.,"{'term': array(['hard drive', 'mother board'], dtype=object), 'polarity': array(['negative', 'negative'], dtype=object), 'from': array([66, 81], dtype=int16), 'to': array([76, 93], dtype=int16)}"
2752,I am using the external speaker- sound is good.,"{'term': array(['external speaker', 'sound'], dtype=object), 'polarity': array(['positive', 'positive'], dtype=object), 'from': array([15, 33], dtype=int16), 'to': array([31, 38], dtype=int16)}"
270,The Apple MC371LL/A 2.4Ghz 15.4-inch MacBook Pro Notebook is a horrible waste of money.,"{'term': array([''], dtype=object), 'polarity': array([''], dtype=object), 'from': array([0], dtype=int16), 'to': array([0], dtype=int16)}"
2646,"Ok, this is probably the best laptop series ever devised by Apple.","{'term': array([''], dtype=object), 'polarity': array([''], dtype=object), 'from': array([0], dtype=int16), 'to': array([0], dtype=int16)}"
886,"As of a couple weeks ago the middle portion of the laptop from top to bottom,,,about 4 inches across is hardly visible.","{'term': array([''], dtype=object), 'polarity': array([''], dtype=object), 'from': array([0], dtype=int16), 'to': array([0], dtype=int16)}"
2381,"still testing the battery life as i thought it would be better, but am very happy with the upgrade.","{'term': array(['battery life'], dtype=object), 'polarity': array(['negative'], dtype=object), 'from': array([18], dtype=int16), 'to': array([30], dtype=int16)}"
404,"Then HP sends it back to me with the hardware screwed up, not able to connect.","{'term': array(['hardware'], dtype=object), 'polarity': array(['negative'], dtype=object), 'from': array([37], dtype=int16), 'to': array([45], dtype=int16)}"
2772,I just hope the reputation that Toshiba has is true and I won't have to worry about a crash.,"{'term': array([''], dtype=object), 'polarity': array([''], dtype=object), 'from': array([0], dtype=int16), 'to': array([0], dtype=int16)}"
407,"Oh yeah, don't forget the expensive shipping to and from HP.","{'term': array(['shipping'], dtype=object), 'polarity': array(['negative'], dtype=object), 'from': array([36], dtype=int16), 'to': array([44], dtype=int16)}"
699,I would recommend anyone to buy from pcconnection express.,"{'term': array([''], dtype=object), 'polarity': array([''], dtype=object), 'from': array([0], dtype=int16), 'to': array([0], dtype=int16)}"
1034,Good luck.,"{'term': array([''], dtype=object), 'polarity': array([''], dtype=object), 'from': array([0], dtype=int16), 'to': array([0], dtype=int16)}"
1731,"Everything is so easy to use, Mac software is just so much simpler than Microsoft software.","{'term': array(['Mac software', 'Microsoft software', 'use'], dtype=object), 'polarity': array(['positive', 'negative', 'positive'], dtype=object), 'from': array([30, 72, 25], dtype=int16), 'to': array([42, 90, 28], dtype=int16)}"
1863,"  My favorite by far, although the most expensive, was my Sony.","{'term': array([''], dtype=object), 'polarity': array([''], dtype=object), 'from': array([0], dtype=int16), 'to': array([0], dtype=int16)}"
1186,"And if you do a lot of writing, editing is a problem since there is no  forward delete  key.","{'term': array(['delete  key', 'editing'], dtype=object), 'polarity': array(['negative', 'negative'], dtype=object), 'from': array([80, 32], dtype=int16), 'to': array([91, 39], dtype=int16)}"
1029,Also I typed faster then then letters would show and it got to be realy annoying.,"{'term': array([''], dtype=object), 'polarity': array([''], dtype=object), 'from': array([0], dtype=int16), 'to': array([0], dtype=int16)}"
1014,As an owner of a Toshiba Satalite laptop computer things you should know before you buy.,"{'term': array([''], dtype=object), 'polarity': array([''], dtype=object), 'from': array([0], dtype=int16), 'to': array([0], dtype=int16)}"
2470,Its ease of use and the top service from Apple- be it their phone assistance or bellying up to the genius bar- cannot be beat.,"{'term': array(['use', 'service', 'phone assistance', 'genius bar'], dtype=object), 'polarity': array(['positive', 'positive', 'positive', 'positive'], dtype=object), 'from': array([12, 28, 60, 99], dtype=int16), 'to': array([ 15,  35,  76, 109], dtype=int16)}"
331,"It has a 10 hour battery life when you're doing web browsing and word editing, making it perfect for the classroom or office, and in terms of gaming and movie playing it'll have a battery life of just over 5 hours.","{'term': array(['battery life', 'battery life', 'gaming', 'movie playing',
       'web browsing', 'word editing'], dtype=object), 'polarity': array(['positive', 'positive', 'neutral', 'neutral', 'neutral', 'neutral'],
      dtype=object), 'from': array([ 17, 180, 142, 153,  48,  65], dtype=int16), 'to': array([ 29, 192, 148, 166,  60,  77], dtype=int16)}"
1073,"I shipped out on Saturday, July 17.","{'term': array([''], dtype=object), 'polarity': array([''], dtype=object), 'from': array([0], dtype=int16), 'to': array([0], dtype=int16)}"
2788,I bought it for really cheap also and it's AMAZING.,"{'term': array([''], dtype=object), 'polarity': array([''], dtype=object), 'from': array([0], dtype=int16), 'to': array([0], dtype=int16)}"
1057,"Acer has set me up with FREE recovery discs, when they are available since I asked.","{'term': array(['recovery discs'], dtype=object), 'polarity': array(['positive'], dtype=object), 'from': array([29], dtype=int16), 'to': array([43], dtype=int16)}"
1095,"I also purchased Office Max's ""Max Assurance"" with the ""no lemon"" clause.","{'term': array(['Office Max\'s ""Max Assurance""'], dtype=object), 'polarity': array(['neutral'], dtype=object), 'from': array([17], dtype=int16), 'to': array([45], dtype=int16)}"
210,If you find yourself in the market for a new laptop (and have the money) don't exclude looking at the MBPs.,"{'term': array([''], dtype=object), 'polarity': array([''], dtype=object), 'from': array([0], dtype=int16), 'to': array([0], dtype=int16)}"
1718,I eventually did the migration from my iMac backup disc which uses USB.,"{'term': array(['iMac backup disc', 'USB'], dtype=object), 'polarity': array(['neutral', 'neutral'], dtype=object), 'from': array([39, 67], dtype=int16), 'to': array([55, 70], dtype=int16)}"
2770,Those things are very important - vital even!,"{'term': array([''], dtype=object), 'polarity': array([''], dtype=object), 'from': array([0], dtype=int16), 'to': array([0], dtype=int16)}"
642,"-They say it will take ""up to two weeks"".","{'term': array([''], dtype=object), 'polarity': array([''], dtype=object), 'from': array([0], dtype=int16), 'to': array([0], dtype=int16)}"
471,I didn't like one thing about it.,"{'term': array([''], dtype=object), 'polarity': array([''], dtype=object), 'from': array([0], dtype=int16), 'to': array([0], dtype=int16)}"
2923,"The battery life seems to be very good, and have had no issues with it.","{'term': array(['battery life'], dtype=object), 'polarity': array(['positive'], dtype=object), 'from': array([4], dtype=int16), 'to': array([16], dtype=int16)}"
3027,Enabling the battery timer is useless.,"{'term': array(['battery timer'], dtype=object), 'polarity': array(['negative'], dtype=object), 'from': array([13], dtype=int16), 'to': array([26], dtype=int16)}"
654,Temperatures on the outside were alright but i did not track in Core Processing Unit temperatures.,"{'term': array(['Temperatures', 'Core Processing Unit temperatures'], dtype=object), 'polarity': array(['neutral', 'neutral'], dtype=object), 'from': array([ 0, 64], dtype=int16), 'to': array([12, 97], dtype=int16)}"
1340,"Yeah, to you.","{'term': array([''], dtype=object), 'polarity': array([''], dtype=object), 'from': array([0], dtype=int16), 'to': array([0], dtype=int16)}"
2638,I got a mac as my HS graduation gift.,"{'term': array([''], dtype=object), 'polarity': array([''], dtype=object), 'from': array([0], dtype=int16), 'to': array([0], dtype=int16)}"
2099,I have now had it for 1.5 months and love it.,"{'term': array([''], dtype=object), 'polarity': array([''], dtype=object), 'from': array([0], dtype=int16), 'to': array([0], dtype=int16)}"
58,It turned out it's not really a problem to have a Mac.,"{'term': array([''], dtype=object), 'polarity': array([''], dtype=object), 'from': array([0], dtype=int16), 'to': array([0], dtype=int16)}"
2716,Page just disapeared after you got yahoo or downloaded something.,"{'term': array([''], dtype=object), 'polarity': array([''], dtype=object), 'from': array([0], dtype=int16), 'to': array([0], dtype=int16)}"
2317,Images can be multi-selected and viewed swiftly or in slideshow mode.,"{'term': array([''], dtype=object), 'polarity': array([''], dtype=object), 'from': array([0], dtype=int16), 'to': array([0], dtype=int16)}"
1110,Going to bring it to service today.,"{'term': array(['service'], dtype=object), 'polarity': array(['neutral'], dtype=object), 'from': array([21], dtype=int16), 'to': array([28], dtype=int16)}"
1488,"There is no need to purchase virus protection for Mac, which saves me a lot of time and money.","{'term': array(['virus protection for Mac'], dtype=object), 'polarity': array(['positive'], dtype=object), 'from': array([29], dtype=int16), 'to': array([53], dtype=int16)}"
488,"But we had paid for bluetooth, and there was none.","{'term': array(['bluetooth'], dtype=object), 'polarity': array(['negative'], dtype=object), 'from': array([20], dtype=int16), 'to': array([29], dtype=int16)}"
1289,"So, I paid a visit to LG notebook service center at Alexandra Road, hoping they can make the hinge tighter.","{'term': array(['LG notebook service center', 'hinge'], dtype=object), 'polarity': array(['neutral', 'negative'], dtype=object), 'from': array([22, 93], dtype=int16), 'to': array([48, 98], dtype=int16)}"
2985,"My daughter uses it for games, email, facebook, pictures and music.","{'term': array(['games'], dtype=object), 'polarity': array(['neutral'], dtype=object), 'from': array([24], dtype=int16), 'to': array([29], dtype=int16)}"
2145,Laptop is to be used like a Netbook.,"{'term': array([''], dtype=object), 'polarity': array([''], dtype=object), 'from': array([0], dtype=int16), 'to': array([0], dtype=int16)}"
1573,"It is always reliable, never bugged and responds well.","{'term': array(['responds'], dtype=object), 'polarity': array(['positive'], dtype=object), 'from': array([40], dtype=int16), 'to': array([48], dtype=int16)}"
1928,After about a week I finally got it back and was told that the motherboard had failed and so they installed a new motherboard.,"{'term': array(['motherboard', 'motherboard'], dtype=object), 'polarity': array(['negative', 'neutral'], dtype=object), 'from': array([ 63, 114], dtype=int16), 'to': array([ 74, 125], dtype=int16)}"
704,"Trying to balance all of my roles leaves very little time for me to do anything, so I want to manage my time I do have to be the most efficient.","{'term': array([''], dtype=object), 'polarity': array([''], dtype=object), 'from': array([0], dtype=int16), 'to': array([0], dtype=int16)}"
1099,"It was slow, locked up, and also had hardware replaced after only 2 months!","{'term': array(['hardware'], dtype=object), 'polarity': array(['negative'], dtype=object), 'from': array([37], dtype=int16), 'to': array([45], dtype=int16)}"
1347,they had to replace the motherboard in April,"{'term': array(['motherboard'], dtype=object), 'polarity': array(['negative'], dtype=object), 'from': array([24], dtype=int16), 'to': array([35], dtype=int16)}"
1408,"Yes, the computer was light weight, less expensive than the average laptop, and was pretty self explantory in use.","{'term': array(['use'], dtype=object), 'polarity': array(['positive'], dtype=object), 'from': array([110], dtype=int16), 'to': array([113], dtype=int16)}"
1374,"Also, if you need to talk to a representive at Microsoft, there is a charge, which I believe is robbery, since you are charged enormous amounts for a very badly designed system, which most people would have went with XP if they could.","{'term': array(['representive at Microsoft', 'system', 'XP'], dtype=object), 'polarity': array(['negative', 'negative', 'positive'], dtype=object), 'from': array([ 31, 170, 217], dtype=int16), 'to': array([ 56, 176, 219], dtype=int16)}"
34,There is a little indent to help open it - but good luck with that.,"{'term': array([''], dtype=object), 'polarity': array([''], dtype=object), 'from': array([0], dtype=int16), 'to': array([0], dtype=int16)}"
2864,I love WIndows 7 which is a vast improvment over Vista.,"{'term': array(['WIndows 7', 'Vista'], dtype=object), 'polarity': array(['positive', 'negative'], dtype=object), 'from': array([ 7, 49], dtype=int16), 'to': array([16, 54], dtype=int16)}"
815,"  Also, I have alot of trouble with it getting very hot, and not even sitting on anything to make it hot.","{'term': array([''], dtype=object), 'polarity': array([''], dtype=object), 'from': array([0], dtype=int16), 'to': array([0], dtype=int16)}"
2801,It Was a great deal after all.,"{'term': array([''], dtype=object), 'polarity': array([''], dtype=object), 'from': array([0], dtype=int16), 'to': array([0], dtype=int16)}"
1568,This mac is great!,"{'term': array([''], dtype=object), 'polarity': array([''], dtype=object), 'from': array([0], dtype=int16), 'to': array([0], dtype=int16)}"
30,"Keyboard is great, very quiet for all the typing that I do.","{'term': array(['Keyboard'], dtype=object), 'polarity': array(['positive'], dtype=object), 'from': array([0], dtype=int16), 'to': array([8], dtype=int16)}"
362,I grew up in a design family so it only made sense.,"{'term': array([''], dtype=object), 'polarity': array([''], dtype=object), 'from': array([0], dtype=int16), 'to': array([0], dtype=int16)}"
619,Gave phonenumber.,"{'term': array([''], dtype=object), 'polarity': array([''], dtype=object), 'from': array([0], dtype=int16), 'to': array([0], dtype=int16)}"
708,It would take up too much time to do reaearch for my papers and I would be up hours-just because the computer was too slow.,"{'term': array([''], dtype=object), 'polarity': array([''], dtype=object), 'from': array([0], dtype=int16), 'to': array([0], dtype=int16)}"
167,Oh my goodness-I am not a happy camper.,"{'term': array([''], dtype=object), 'polarity': array([''], dtype=object), 'from': array([0], dtype=int16), 'to': array([0], dtype=int16)}"
474,Dell's customer disservice is an insult to it's customers who pay good money for shoddy products.,"{'term': array([""Dell's customer disservice""], dtype=object), 'polarity': array(['negative'], dtype=object), 'from': array([0], dtype=int16), 'to': array([26], dtype=int16)}"
1563,I'd recommend this laptop to anyone!,"{'term': array([''], dtype=object), 'polarity': array([''], dtype=object), 'from': array([0], dtype=int16), 'to': array([0], dtype=int16)}"
172,"Yet, HP won't do anything about the problem.","{'term': array([''], dtype=object), 'polarity': array([''], dtype=object), 'from': array([0], dtype=int16), 'to': array([0], dtype=int16)}"
1396,i'm returning mine,"{'term': array([''], dtype=object), 'polarity': array([''], dtype=object), 'from': array([0], dtype=int16), 'to': array([0], dtype=int16)}"
156,"It had a cooling system malfunction after 10 minutes of general use, and would not move past this error.","{'term': array(['cooling system', 'use'], dtype=object), 'polarity': array(['negative', 'neutral'], dtype=object), 'from': array([ 9, 64], dtype=int16), 'to': array([23, 67], dtype=int16)}"
2095,"I can render AVCHD movies with little effort, which was a problem for most pc's unless you had a quad core I7.","{'term': array(['quad core I7'], dtype=object), 'polarity': array(['positive'], dtype=object), 'from': array([97], dtype=int16), 'to': array([109], dtype=int16)}"
46,It's a bummer and one out of five is being kind.,"{'term': array([''], dtype=object), 'polarity': array([''], dtype=object), 'from': array([0], dtype=int16), 'to': array([0], dtype=int16)}"
418,"This is what they told me: It heats up, and that is the reason we no longer call them laptops, and simply categorize them as portables.","{'term': array([''], dtype=object), 'polarity': array([''], dtype=object), 'from': array([0], dtype=int16), 'to': array([0], dtype=int16)}"
1722,"After talking it over with the very knowledgeable sales associate, I chose the MacBook Pro over the white MacBook.","{'term': array(['sales associate'], dtype=object), 'polarity': array(['positive'], dtype=object), 'from': array([50], dtype=int16), 'to': array([65], dtype=int16)}"
2004,"If you really want a bang-up system and don't need to run Windows applications, go with an Apple;","{'term': array(['system', 'Windows applications'], dtype=object), 'polarity': array(['positive', 'neutral'], dtype=object), 'from': array([29, 58], dtype=int16), 'to': array([35, 78], dtype=int16)}"
2296,You won't have to spend gobs of money on some inefficient virus program that needs to be updated every month and that constantly drains your wallet.,"{'term': array(['virus program'], dtype=object), 'polarity': array(['negative'], dtype=object), 'from': array([58], dtype=int16), 'to': array([71], dtype=int16)}"
1514,This laptop is fast and you will literally learn all you can do with this dynamo by just watching the online tutorials.,"{'term': array([''], dtype=object), 'polarity': array([''], dtype=object), 'from': array([0], dtype=int16), 'to': array([0], dtype=int16)}"
2699,One of them seems to have worked.,"{'term': array([''], dtype=object), 'polarity': array([''], dtype=object), 'from': array([0], dtype=int16), 'to': array([0], dtype=int16)}"
524,Which I still use and have hooked up to my TV.,"{'term': array([''], dtype=object), 'polarity': array([''], dtype=object), 'from': array([0], dtype=int16), 'to': array([0], dtype=int16)}"
155,The problem I had with this unit was unresolvable.,"{'term': array([''], dtype=object), 'polarity': array([''], dtype=object), 'from': array([0], dtype=int16), 'to': array([0], dtype=int16)}"
493,It weighed like seven pounds or something like that.,"{'term': array(['weighed', 'seven pounds'], dtype=object), 'polarity': array(['neutral', 'neutral'], dtype=object), 'from': array([ 3, 16], dtype=int16), 'to': array([10, 28], dtype=int16)}"
902,"2 months later, the battery went.","{'term': array(['battery'], dtype=object), 'polarity': array(['negative'], dtype=object), 'from': array([20], dtype=int16), 'to': array([27], dtype=int16)}"
2433,You may need to special order a bag.,"{'term': array(['bag'], dtype=object), 'polarity': array(['neutral'], dtype=object), 'from': array([32], dtype=int16), 'to': array([35], dtype=int16)}"
1675,It's color is even cool.,"{'term': array(['color'], dtype=object), 'polarity': array(['positive'], dtype=object), 'from': array([5], dtype=int16), 'to': array([10], dtype=int16)}"
3000,and it has blue screen crashed on me twice.,"{'term': array([''], dtype=object), 'polarity': array([''], dtype=object), 'from': array([0], dtype=int16), 'to': array([0], dtype=int16)}"
954,  Another two weeks later and it was back in my possession.,"{'term': array([''], dtype=object), 'polarity': array([''], dtype=object), 'from': array([0], dtype=int16), 'to': array([0], dtype=int16)}"
609,keys are all in weird places and is way too large for the way it is designed.,"{'term': array(['keys', 'designed'], dtype=object), 'polarity': array(['negative', 'negative'], dtype=object), 'from': array([ 0, 68], dtype=int16), 'to': array([ 4, 76], dtype=int16)}"
50,"I've owned every ""Pro"" model Apple laptop for the last 8 years, this is BY FAR the WORST one I've ever had.","{'term': array([''], dtype=object), 'polarity': array([''], dtype=object), 'from': array([0], dtype=int16), 'to': array([0], dtype=int16)}"
1265,We purchase the Dell XPS several years ago for my home business.,"{'term': array([''], dtype=object), 'polarity': array([''], dtype=object), 'from': array([0], dtype=int16), 'to': array([0], dtype=int16)}"
2150,"Have purchased many products over the years from MacConnection and this transaction, like all the others, we smoothly with no problems.","{'term': array([''], dtype=object), 'polarity': array([''], dtype=object), 'from': array([0], dtype=int16), 'to': array([0], dtype=int16)}"
1777,I would recommend anyone to buy from pcconnection express.,"{'term': array([''], dtype=object), 'polarity': array([''], dtype=object), 'from': array([0], dtype=int16), 'to': array([0], dtype=int16)}"
296,"Yes, a Mac is much more money than the average laptop out there, but there is no comparison in style, speed and just cool factor.","{'term': array(['style', 'speed'], dtype=object), 'polarity': array(['positive', 'positive'], dtype=object), 'from': array([ 95, 102], dtype=int16), 'to': array([100, 107], dtype=int16)}"
1585,He gave me this PC about 3 years ago and up to this point im still sitting here using it.,"{'term': array([''], dtype=object), 'polarity': array([''], dtype=object), 'from': array([0], dtype=int16), 'to': array([0], dtype=int16)}"
2444,I'm pleased.,"{'term': array([''], dtype=object), 'polarity': array([''], dtype=object), 'from': array([0], dtype=int16), 'to': array([0], dtype=int16)}"
2335,The keyboard feels good and I type just fine on it.,"{'term': array(['keyboard'], dtype=object), 'polarity': array(['positive'], dtype=object), 'from': array([4], dtype=int16), 'to': array([12], dtype=int16)}"
1635,"With a healthy pessimism, I took the machine home and tried to find a flaw.","{'term': array([''], dtype=object), 'polarity': array([''], dtype=object), 'from': array([0], dtype=int16), 'to': array([0], dtype=int16)}"
1661,Shiny  This Laptop is the Best of the best!,"{'term': array([''], dtype=object), 'polarity': array([''], dtype=object), 'from': array([0], dtype=int16), 'to': array([0], dtype=int16)}"
2416,I thought the white Mac computers looked dirty too quicly where you use the mousepad and where you place your hands when typing.,"{'term': array(['mousepad'], dtype=object), 'polarity': array(['neutral'], dtype=object), 'from': array([76], dtype=int16), 'to': array([84], dtype=int16)}"
1471,"And not to mention after using it for a few months or so, the battery will slowly less and less hold a charge until you can't leave it unplugged for more than 5 minutes without the thing dying.","{'term': array(['battery'], dtype=object), 'polarity': array(['negative'], dtype=object), 'from': array([62], dtype=int16), 'to': array([69], dtype=int16)}"
1388,"Don't waste their money, save it and but a mac.","{'term': array([''], dtype=object), 'polarity': array([''], dtype=object), 'from': array([0], dtype=int16), 'to': array([0], dtype=int16)}"
715,Money and time well spent!,"{'term': array([''], dtype=object), 'polarity': array([''], dtype=object), 'from': array([0], dtype=int16), 'to': array([0], dtype=int16)}"
1901,  Gradually the freezing screen evolved into a screen that froze in weird shapes.,"{'term': array([''], dtype=object), 'polarity': array([''], dtype=object), 'from': array([0], dtype=int16), 'to': array([0], dtype=int16)}"
1427,"BEST BUY - 5 STARS + + + (sales, service, respect for old men who aren't familiar with the technology) DELL COMPUTERS - 3 stars DELL SUPPORT - owes a me a couple","{'term': array(['sales', 'service', 'DELL SUPPORT'], dtype=object), 'polarity': array(['positive', 'positive', 'positive'], dtype=object), 'from': array([ 26,  33, 128], dtype=int16), 'to': array([ 31,  40, 140], dtype=int16)}"
2389,Good laptop for the money.,"{'term': array([''], dtype=object), 'polarity': array([''], dtype=object), 'from': array([0], dtype=int16), 'to': array([0], dtype=int16)}"
2667,I like the laptop overall.,"{'term': array([''], dtype=object), 'polarity': array([''], dtype=object), 'from': array([0], dtype=int16), 'to': array([0], dtype=int16)}"
1618,I now travel with this laptop and my work PC.,"{'term': array([''], dtype=object), 'polarity': array([''], dtype=object), 'from': array([0], dtype=int16), 'to': array([0], dtype=int16)}"
1460,  I am however pleased that it is still hanging in there.,"{'term': array([''], dtype=object), 'polarity': array([''], dtype=object), 'from': array([0], dtype=int16), 'to': array([0], dtype=int16)}"
2964,Both my husband and I have this model Toshiba.,"{'term': array([''], dtype=object), 'polarity': array([''], dtype=object), 'from': array([0], dtype=int16), 'to': array([0], dtype=int16)}"
911,"no complaints with their desktop, and maybe because it just sits on your desktop, and you don't carry it around, which could jar the hard drive, or the motherboard.","{'term': array(['hard drive', 'motherboard'], dtype=object), 'polarity': array(['neutral', 'neutral'], dtype=object), 'from': array([133, 152], dtype=int16), 'to': array([143, 163], dtype=int16)}"
2001,"Yes, they cost more, but they more than make up for it in speed, construction quality, and longevity.","{'term': array(['speed', 'construction quality', 'longevity', 'cost'], dtype=object), 'polarity': array(['positive', 'positive', 'positive', 'conflict'], dtype=object), 'from': array([58, 65, 91, 10], dtype=int16), 'to': array([ 63,  85, 100,  14], dtype=int16)}"
2465,"Since I keyboard over 100 wpm, I look for a unit that has a comfortble keyboard (no keys sticking or lagging, strange configuration of ""extra key"", etc.","{'term': array(['keyboard', 'keys', 'configuration of ""extra key""'], dtype=object), 'polarity': array(['positive', 'positive', 'positive'], dtype=object), 'from': array([ 71,  84, 118], dtype=int16), 'to': array([ 79,  88, 146], dtype=int16)}"
2331,) I also tried the touch pad and compared it to other netbooks in the store.,"{'term': array(['touch pad'], dtype=object), 'polarity': array(['neutral'], dtype=object), 'from': array([19], dtype=int16), 'to': array([28], dtype=int16)}"
599,"It absolutely is more expensive than most PC laptops, but the ease of use, security, and minimal problems that have arisen make it well worth the pricetag.","{'term': array(['use', 'security', 'pricetag'], dtype=object), 'polarity': array(['positive', 'positive', 'conflict'], dtype=object), 'from': array([ 70,  75, 146], dtype=int16), 'to': array([ 73,  83, 154], dtype=int16)}"
823,"  It gets stuck all of the time you use it, and you have to keep tapping on it to get it to work.","{'term': array(['use', 'work'], dtype=object), 'polarity': array(['negative', 'negative'], dtype=object), 'from': array([36, 92], dtype=int16), 'to': array([39, 96], dtype=int16)}"
3006,lots of preloaded software.,"{'term': array(['preloaded software'], dtype=object), 'polarity': array(['positive'], dtype=object), 'from': array([8], dtype=int16), 'to': array([26], dtype=int16)}"
1861,"  Sony, Acer, Dell, Packard Bell and Toshiba.","{'term': array([''], dtype=object), 'polarity': array([''], dtype=object), 'from': array([0], dtype=int16), 'to': array([0], dtype=int16)}"
1301,"and then, a guy came out to serve me instead.","{'term': array([''], dtype=object), 'polarity': array([''], dtype=object), 'from': array([0], dtype=int16), 'to': array([0], dtype=int16)}"
788,Breaking within 1 year of purchase and speaking to 4+ people to report the damaged part will be returned late!,"{'term': array([''], dtype=object), 'polarity': array([''], dtype=object), 'from': array([0], dtype=int16), 'to': array([0], dtype=int16)}"
2056,Have returned that laptop unused.,"{'term': array([''], dtype=object), 'polarity': array([''], dtype=object), 'from': array([0], dtype=int16), 'to': array([0], dtype=int16)}"
825,  Will probably never buy a HP again.,"{'term': array([''], dtype=object), 'polarity': array([''], dtype=object), 'from': array([0], dtype=int16), 'to': array([0], dtype=int16)}"
1823,I got tired of buying laptops and having them stop working after a year.,"{'term': array([''], dtype=object), 'polarity': array([''], dtype=object), 'from': array([0], dtype=int16), 'to': array([0], dtype=int16)}"
2439,I should have been more observant.,"{'term': array([''], dtype=object), 'polarity': array([''], dtype=object), 'from': array([0], dtype=int16), 'to': array([0], dtype=int16)}"
2941,"I wish it had a webcam though, then it would be perfect!","{'term': array(['webcam'], dtype=object), 'polarity': array(['negative'], dtype=object), 'from': array([16], dtype=int16), 'to': array([22], dtype=int16)}"
2776,My favorite part of this computer is that it has a vga port so I can connect it to a bigger screen.,"{'term': array(['vga port', 'screen'], dtype=object), 'polarity': array(['positive', 'neutral'], dtype=object), 'from': array([51, 92], dtype=int16), 'to': array([59, 98], dtype=int16)}"
1686,Another thing I might add is the battery life is excellent.,"{'term': array(['battery life'], dtype=object), 'polarity': array(['positive'], dtype=object), 'from': array([33], dtype=int16), 'to': array([45], dtype=int16)}"
2091,"One drawback, I wish the keys were backlit.","{'term': array(['keys'], dtype=object), 'polarity': array(['negative'], dtype=object), 'from': array([25], dtype=int16), 'to': array([29], dtype=int16)}"
727,"When the buyer returned it Wal Mart just boxed it, taped it shut  resold it as new.","{'term': array([''], dtype=object), 'polarity': array([''], dtype=object), 'from': array([0], dtype=int16), 'to': array([0], dtype=int16)}"
3001,What a great little laptop.,"{'term': array([''], dtype=object), 'polarity': array([''], dtype=object), 'from': array([0], dtype=int16), 'to': array([0], dtype=int16)}"
1259,"Acer was no help and Garmin could not determine the problem(after spending about 2 hours with me), so I returned it and purchased a Toshiba R700 that seems even nicer and I was able to load all of my software with no problem.","{'term': array(['software'], dtype=object), 'polarity': array(['positive'], dtype=object), 'from': array([200], dtype=int16), 'to': array([208], dtype=int16)}"
2938,I wish the volume could be louder and the mouse didnt break after only a month.,"{'term': array(['volume', 'mouse'], dtype=object), 'polarity': array(['negative', 'negative'], dtype=object), 'from': array([11, 42], dtype=int16), 'to': array([17, 47], dtype=int16)}"
2574,"I play a lot of casual games online, and the touchpad is very responsive.","{'term': array(['touchpad'], dtype=object), 'polarity': array(['positive'], dtype=object), 'from': array([45], dtype=int16), 'to': array([53], dtype=int16)}"
2351,"Granted, it's still a very new laptop but in comparison to my previous laptops and desktops, my Mac boots up noticeably quicker.","{'term': array(['boots up'], dtype=object), 'polarity': array(['positive'], dtype=object), 'from': array([100], dtype=int16), 'to': array([108], dtype=int16)}"
526,It caught a virus that completely wiped out my hard drive in a matter of hours.,"{'term': array(['hard drive'], dtype=object), 'polarity': array(['negative'], dtype=object), 'from': array([47], dtype=int16), 'to': array([57], dtype=int16)}"
2891,WOULD PAY MORE FOR IT IF I HAD TOO!,"{'term': array([''], dtype=object), 'polarity': array([''], dtype=object), 'from': array([0], dtype=int16), 'to': array([0], dtype=int16)}"
2717,Couldn't keep a page up you were working on!,"{'term': array([''], dtype=object), 'polarity': array([''], dtype=object), 'from': array([0], dtype=int16), 'to': array([0], dtype=int16)}"
3020,"It is everything I'd hoped it would be from a look and feel standpoint, but somehow a bit more sturdy.","{'term': array(['look and feel standpoint'], dtype=object), 'polarity': array(['positive'], dtype=object), 'from': array([46], dtype=int16), 'to': array([70], dtype=int16)}"
2541,the only fact i dont like about apples is they generally use safari and i dont use safari but after i install Mozzilla firfox i love every single bit about it.,"{'term': array(['safari', 'safari', 'Mozzilla firfox'], dtype=object), 'polarity': array(['negative', 'negative', 'positive'], dtype=object), 'from': array([ 61,  83, 110], dtype=int16), 'to': array([ 67,  89, 125], dtype=int16)}"
1069,"The Bluetooth was not there at all, and the fingerprint reader driver would be there, but the software would hang after installation was 1/2 way done.","{'term': array(['Bluetooth', 'fingerprint reader driver', 'software'], dtype=object), 'polarity': array(['negative', 'negative', 'negative'], dtype=object), 'from': array([ 4, 44, 94], dtype=int16), 'to': array([ 13,  69, 102], dtype=int16)}"
1553,"Great battery, speed, display.","{'term': array(['battery', 'speed', 'display'], dtype=object), 'polarity': array(['positive', 'positive', 'positive'], dtype=object), 'from': array([ 6, 15, 22], dtype=int16), 'to': array([13, 20, 29], dtype=int16)}"
355,I would not recommend this product to anyone.,"{'term': array([''], dtype=object), 'polarity': array([''], dtype=object), 'from': array([0], dtype=int16), 'to': array([0], dtype=int16)}"
602,I like to use it at the race track to handiecap the horse races.,"{'term': array([''], dtype=object), 'polarity': array([''], dtype=object), 'from': array([0], dtype=int16), 'to': array([0], dtype=int16)}"
2502,I was given a Mac as a birthday present and couldn't be happier with it 3 years later.,"{'term': array([''], dtype=object), 'polarity': array([''], dtype=object), 'from': array([0], dtype=int16), 'to': array([0], dtype=int16)}"
2874,"The delivery was fast, and I would not hesitate to purchase this laptop again.","{'term': array(['delivery'], dtype=object), 'polarity': array(['positive'], dtype=object), 'from': array([4], dtype=int16), 'to': array([12], dtype=int16)}"
2385,I've been impressed with the battery life and the performance for such a small amount of memory.,"{'term': array(['battery life', 'performance', 'memory'], dtype=object), 'polarity': array(['positive', 'positive', 'negative'], dtype=object), 'from': array([29, 50, 89], dtype=int16), 'to': array([41, 61, 95], dtype=int16)}"
198,do a quick search on the internet see if im the only one.,"{'term': array([''], dtype=object), 'polarity': array([''], dtype=object), 'from': array([0], dtype=int16), 'to': array([0], dtype=int16)}"
211,I'm extremely happy with my purchase as I now have the portable power I have been looking for.,"{'term': array([''], dtype=object), 'polarity': array([''], dtype=object), 'from': array([0], dtype=int16), 'to': array([0], dtype=int16)}"
1654,"It's applications are terrific, including the replacements for Microsoft office.","{'term': array(['applications', 'Microsoft office'], dtype=object), 'polarity': array(['positive', 'positive'], dtype=object), 'from': array([ 5, 63], dtype=int16), 'to': array([17, 79], dtype=int16)}"
3058,"they improved nothing else such as Resolution, appearance, cooling system, graphics card, etc.","{'term': array(['Resolution', 'appearance', 'cooling system', 'graphics card'],
      dtype=object), 'polarity': array(['negative', 'negative', 'negative', 'negative'], dtype=object), 'from': array([35, 47, 59, 75], dtype=int16), 'to': array([45, 57, 73, 88], dtype=int16)}"
1937,"I got it back and my built-in webcam and built-in mic were shorting out anytime I touched the lid, (mind you this was my means of communication with my fiance who was deployed) but I suffered thru it and would constandly have to reset the computer to be able to use my cam and mic anytime they went out.","{'term': array(['built-in webcam', 'built-in mic', 'cam', 'mic'], dtype=object), 'polarity': array(['negative', 'negative', 'negative', 'negative'], dtype=object), 'from': array([ 21,  41, 269, 277], dtype=int16), 'to': array([ 36,  53, 272, 280], dtype=int16)}"
104,Is this partially due to the fact that it is running Windows Vista?,"{'term': array(['Windows Vista'], dtype=object), 'polarity': array(['neutral'], dtype=object), 'from': array([53], dtype=int16), 'to': array([66], dtype=int16)}"
419,"You might think, I am new in this game, but I am a gadget lover, and have had more than 2 dozens laptops in the past 15 years, and none gets this hot, that fast.","{'term': array([''], dtype=object), 'polarity': array([''], dtype=object), 'from': array([0], dtype=int16), 'to': array([0], dtype=int16)}"
630,I was informed that I need to call some 0900 number first.,"{'term': array([''], dtype=object), 'polarity': array([''], dtype=object), 'from': array([0], dtype=int16), 'to': array([0], dtype=int16)}"
694,I really wanted a Mac over a pc because I used a Mac in high school.,"{'term': array([''], dtype=object), 'polarity': array([''], dtype=object), 'from': array([0], dtype=int16), 'to': array([0], dtype=int16)}"
189,"1) Payed $2200 for a ""premium"" laptop","{'term': array([''], dtype=object), 'polarity': array([''], dtype=object), 'from': array([0], dtype=int16), 'to': array([0], dtype=int16)}"
2616,I BOUGHT THEM FOR MY COLLEGE AGE GRANDCHILDREN AND THESE MACS ARE TOTALLY RELIABLE AND SUPPORT THEIR CLASS WORK 100% OF THE TIME.,"{'term': array([''], dtype=object), 'polarity': array([''], dtype=object), 'from': array([0], dtype=int16), 'to': array([0], dtype=int16)}"
1417,  The board has a bad connector with the power supply and shortly after warrenty expires the power supply will start having issues.,"{'term': array(['board', 'connector', 'power supply', 'warrenty', 'power supply'],
      dtype=object), 'polarity': array(['negative', 'negative', 'negative', 'negative', 'negative'],
      dtype=object), 'from': array([ 6, 22, 41, 72, 93], dtype=int16), 'to': array([ 11,  31,  53,  80, 105], dtype=int16)}"
1045,Do not purchase this laptop.,"{'term': array([''], dtype=object), 'polarity': array([''], dtype=object), 'from': array([0], dtype=int16), 'to': array([0], dtype=int16)}"
2886,"My dad has one of the very first Toshibas ever made, yes its abit slow now but still works well and i hooked to my ethernet!","{'term': array(['ethernet', 'works'], dtype=object), 'polarity': array(['positive', 'positive'], dtype=object), 'from': array([115,  85], dtype=int16), 'to': array([123,  90], dtype=int16)}"
2124,Mostly I love the drag and drop feature.,"{'term': array(['drag and drop feature'], dtype=object), 'polarity': array(['positive'], dtype=object), 'from': array([18], dtype=int16), 'to': array([39], dtype=int16)}"
260,"oh yeah, and if the fancy webcam breaks guess who you have to send it to to get it fixed?","{'term': array(['webcam'], dtype=object), 'polarity': array(['negative'], dtype=object), 'from': array([26], dtype=int16), 'to': array([32], dtype=int16)}"
1296,"She brought out 2 other identical netbooks and still insist that ""It is like that one"".","{'term': array([''], dtype=object), 'polarity': array([''], dtype=object), 'from': array([0], dtype=int16), 'to': array([0], dtype=int16)}"
1172,"I ordered through MacMall, which saved me the sales tax I would have incurred buying locally.","{'term': array(['sales tax'], dtype=object), 'polarity': array(['positive'], dtype=object), 'from': array([46], dtype=int16), 'to': array([55], dtype=int16)}"
2283,Very fast and efficient!,"{'term': array([''], dtype=object), 'polarity': array([''], dtype=object), 'from': array([0], dtype=int16), 'to': array([0], dtype=int16)}"
2221,"Of course, I also have several great software packages that came for free including iWork, GarageBand, and iMovie.","{'term': array(['software packages', 'iWork', 'GarageBand', 'iMovie'], dtype=object), 'polarity': array(['positive', 'positive', 'positive', 'positive'], dtype=object), 'from': array([ 37,  84,  91, 107], dtype=int16), 'to': array([ 54,  89, 101, 113], dtype=int16)}"
2480,Being virus-resistant is a huge plus.,"{'term': array([''], dtype=object), 'polarity': array([''], dtype=object), 'from': array([0], dtype=int16), 'to': array([0], dtype=int16)}"
386,The screen is very large and crystal clear with amazing colors and resolution.,"{'term': array(['screen', 'colors', 'resolution'], dtype=object), 'polarity': array(['positive', 'positive', 'positive'], dtype=object), 'from': array([ 4, 56, 67], dtype=int16), 'to': array([10, 62, 77], dtype=int16)}"
1357,"After a little more than a year of owning my MacBook Pro, the monitor has completely died.","{'term': array(['monitor'], dtype=object), 'polarity': array(['negative'], dtype=object), 'from': array([62], dtype=int16), 'to': array([69], dtype=int16)}"
185,"In my house, HP is a nasty word.","{'term': array([''], dtype=object), 'polarity': array([''], dtype=object), 'from': array([0], dtype=int16), 'to': array([0], dtype=int16)}"
2605,"The brand of iTunes has just become ingrained in our lexicon now, but keep in mind that Apple started it all.","{'term': array(['iTunes'], dtype=object), 'polarity': array(['positive'], dtype=object), 'from': array([13], dtype=int16), 'to': array([19], dtype=int16)}"
717,"By the way teachers, they offer a discount which helps!","{'term': array([''], dtype=object), 'polarity': array([''], dtype=object), 'from': array([0], dtype=int16), 'to': array([0], dtype=int16)}"
2369,now he mows yards so he can earn the money for the wireless internet.,"{'term': array([''], dtype=object), 'polarity': array([''], dtype=object), 'from': array([0], dtype=int16), 'to': array([0], dtype=int16)}"
2579,I still see the benefits of a PC when I do not know how to do something on my mac.,"{'term': array([''], dtype=object), 'polarity': array([''], dtype=object), 'from': array([0], dtype=int16), 'to': array([0], dtype=int16)}"
1742,"Size: I know 13 is small (especially for a desktop replacement) but with an external monitor, who cares.","{'term': array(['Size', 'external monitor'], dtype=object), 'polarity': array(['negative', 'neutral'], dtype=object), 'from': array([ 0, 76], dtype=int16), 'to': array([ 4, 92], dtype=int16)}"
2578,Additional caveat: the base installation comes with some Toshiba-specific software that may or may not be to a user's liking.,"{'term': array(['base installation', 'software'], dtype=object), 'polarity': array(['negative', 'negative'], dtype=object), 'from': array([23, 74], dtype=int16), 'to': array([40, 82], dtype=int16)}"
33,It is held in place magnetically.,"{'term': array([''], dtype=object), 'polarity': array([''], dtype=object), 'from': array([0], dtype=int16), 'to': array([0], dtype=int16)}"
942,  Taking it back to Best Buy I found that a tiny plastic piece inside had broken (manuf issue).,"{'term': array(['manuf'], dtype=object), 'polarity': array(['negative'], dtype=object), 'from': array([82], dtype=int16), 'to': array([87], dtype=int16)}"
2740,"It has no camera but, I can always buy and install one easy.","{'term': array(['camera'], dtype=object), 'polarity': array(['conflict'], dtype=object), 'from': array([10], dtype=int16), 'to': array([16], dtype=int16)}"
311,"The display is incredibly bright, much brighter than my PowerBook and very crisp.","{'term': array(['display'], dtype=object), 'polarity': array(['positive'], dtype=object), 'from': array([4], dtype=int16), 'to': array([11], dtype=int16)}"
2402,We were PC users.,"{'term': array([''], dtype=object), 'polarity': array([''], dtype=object), 'from': array([0], dtype=int16), 'to': array([0], dtype=int16)}"
13,The AMD Turin processor seems to always perform so much better than Intel.,"{'term': array(['AMD Turin processor', 'Intel'], dtype=object), 'polarity': array(['positive', 'negative'], dtype=object), 'from': array([ 4, 68], dtype=int16), 'to': array([23, 73], dtype=int16)}"
1852,  After that the said it was under warranty.,"{'term': array(['warranty'], dtype=object), 'polarity': array(['neutral'], dtype=object), 'from': array([35], dtype=int16), 'to': array([43], dtype=int16)}"
2708,The start menu is not the easiest thing to navigate due to the stacking.,"{'term': array(['start menu', 'navigate'], dtype=object), 'polarity': array(['negative', 'negative'], dtype=object), 'from': array([ 4, 43], dtype=int16), 'to': array([14, 51], dtype=int16)}"
1566,Only thing I would want to add to this is an internal bluray read/write drive.,"{'term': array(['bluray read/write drive'], dtype=object), 'polarity': array(['negative'], dtype=object), 'from': array([54], dtype=int16), 'to': array([77], dtype=int16)}"
2053,"This computer was awful, I would never recomend it to another person.","{'term': array([''], dtype=object), 'polarity': array([''], dtype=object), 'from': array([0], dtype=int16), 'to': array([0], dtype=int16)}"
540,The service tech said he had tried to duplicate the damage and wasn't able to recreate it therefore it had to be their defect.,"{'term': array(['service tech'], dtype=object), 'polarity': array(['negative'], dtype=object), 'from': array([4], dtype=int16), 'to': array([16], dtype=int16)}"
878,"The tech store I purchased this from sent it back,,,,,eventually I got a new or repaired machine approximately 3 weeks later.","{'term': array(['tech store'], dtype=object), 'polarity': array(['negative'], dtype=object), 'from': array([4], dtype=int16), 'to': array([14], dtype=int16)}"
2639,"I loved it then, but unfortunately it was before the days of wireless internet.","{'term': array([''], dtype=object), 'polarity': array([''], dtype=object), 'from': array([0], dtype=int16), 'to': array([0], dtype=int16)}"
2388,Really like the textured surface which shows no fingerprints.,"{'term': array(['surface'], dtype=object), 'polarity': array(['positive'], dtype=object), 'from': array([25], dtype=int16), 'to': array([32], dtype=int16)}"
1940,"I WILL NEVER AGAIN buy another Acer, not will I buy Gateway, or eMachine as they are all from the same company.","{'term': array([''], dtype=object), 'polarity': array([''], dtype=object), 'from': array([0], dtype=int16), 'to': array([0], dtype=int16)}"
3074,The screen is bright and the keyboard is nice;,"{'term': array(['screen', 'keyboard'], dtype=object), 'polarity': array(['positive', 'positive'], dtype=object), 'from': array([ 4, 29], dtype=int16), 'to': array([10, 37], dtype=int16)}"
1510,"I look forward to years of use, it has held up well over the years and it fits my needs very well.","{'term': array([''], dtype=object), 'polarity': array([''], dtype=object), 'from': array([0], dtype=int16), 'to': array([0], dtype=int16)}"
2457,Im very happy with this computer!,"{'term': array([''], dtype=object), 'polarity': array([''], dtype=object), 'from': array([0], dtype=int16), 'to': array([0], dtype=int16)}"
2534,But the machine is awesome and iLife is great and I love Snow Leopard X.,"{'term': array(['iLife', 'Snow Leopard X'], dtype=object), 'polarity': array(['positive', 'positive'], dtype=object), 'from': array([31, 57], dtype=int16), 'to': array([36, 71], dtype=int16)}"
2185,"High price tag, however.","{'term': array(['price tag'], dtype=object), 'polarity': array(['negative'], dtype=object), 'from': array([5], dtype=int16), 'to': array([14], dtype=int16)}"
2632,"I thought learning the Mac OS would be hard, but it is easily picked up if you are familiar with a PC.","{'term': array(['Mac OS'], dtype=object), 'polarity': array(['positive'], dtype=object), 'from': array([23], dtype=int16), 'to': array([29], dtype=int16)}"
1772,"My kids have to take their PCs in once a year to have them ""de-bugged"".","{'term': array([''], dtype=object), 'polarity': array([''], dtype=object), 'from': array([0], dtype=int16), 'to': array([0], dtype=int16)}"
2675,"I had static in the output, and I had to reduce the sound output quality to ""FM"" as opposed to the default ""CD.","{'term': array(['sound output quality'], dtype=object), 'polarity': array(['negative'], dtype=object), 'from': array([52], dtype=int16), 'to': array([72], dtype=int16)}"
1096,It was a laugh  too!,"{'term': array([''], dtype=object), 'polarity': array([''], dtype=object), 'from': array([0], dtype=int16), 'to': array([0], dtype=int16)}"
2371,"Since I purchased my Toshiba netbook, I have been very pleased with it, I have a laptob and a desktop.","{'term': array([''], dtype=object), 'polarity': array([''], dtype=object), 'from': array([0], dtype=int16), 'to': array([0], dtype=int16)}"
2458,I bought my macbook a few months ago and it has been my baby ever since.,"{'term': array([''], dtype=object), 'polarity': array([''], dtype=object), 'from': array([0], dtype=int16), 'to': array([0], dtype=int16)}"
2650,That is how it is able to function better than any other PC.,"{'term': array([''], dtype=object), 'polarity': array([''], dtype=object), 'from': array([0], dtype=int16), 'to': array([0], dtype=int16)}"
392,I custom ordered the machine from HP and could NOT understand the techie due to his accent.,"{'term': array(['techie'], dtype=object), 'polarity': array(['negative'], dtype=object), 'from': array([66], dtype=int16), 'to': array([72], dtype=int16)}"
1551,It is easy to use and lightweight.,"{'term': array(['use'], dtype=object), 'polarity': array(['positive'], dtype=object), 'from': array([14], dtype=int16), 'to': array([17], dtype=int16)}"
2698,I went to Toshiba online help and found some suggestions to fix it.,"{'term': array(['Toshiba online help'], dtype=object), 'polarity': array(['positive'], dtype=object), 'from': array([10], dtype=int16), 'to': array([29], dtype=int16)}"
2427,It is a bit heavy.,"{'term': array([''], dtype=object), 'polarity': array([''], dtype=object), 'from': array([0], dtype=int16), 'to': array([0], dtype=int16)}"
1849,  after trying to get some help he disconnected on me.,"{'term': array([''], dtype=object), 'polarity': array([''], dtype=object), 'from': array([0], dtype=int16), 'to': array([0], dtype=int16)}"
340,They also have a longer service life than other computers (I have several friends who still use the older Apple PowerBooks).,"{'term': array(['service life'], dtype=object), 'polarity': array(['positive'], dtype=object), 'from': array([24], dtype=int16), 'to': array([36], dtype=int16)}"
2918,If you check you will find the same notebook with the above missing ports and a dual core AMD or Intel processor.,"{'term': array(['ports', 'processor'], dtype=object), 'polarity': array(['neutral', 'neutral'], dtype=object), 'from': array([ 68, 103], dtype=int16), 'to': array([ 73, 112], dtype=int16)}"
2939,This laptop is a great price and has a sleek look.,"{'term': array(['price', 'look'], dtype=object), 'polarity': array(['positive', 'positive'], dtype=object), 'from': array([23, 45], dtype=int16), 'to': array([28, 49], dtype=int16)}"
1958,I especially like the keyboard which has chiclet type keys.,"{'term': array(['keyboard', 'keys'], dtype=object), 'polarity': array(['positive', 'positive'], dtype=object), 'from': array([22, 54], dtype=int16), 'to': array([30, 58], dtype=int16)}"
358,Small screen somewhat limiting but great for travel.,"{'term': array(['screen'], dtype=object), 'polarity': array(['conflict'], dtype=object), 'from': array([6], dtype=int16), 'to': array([12], dtype=int16)}"
2064,One of the primary reasons why I purchased an IPad was to store photographs so that I could show to my customers.,"{'term': array([''], dtype=object), 'polarity': array([''], dtype=object), 'from': array([0], dtype=int16), 'to': array([0], dtype=int16)}"
1355,Runs Hot  I thought we were paying for quality in our decision to buy an Apple product.,"{'term': array(['quality'], dtype=object), 'polarity': array(['negative'], dtype=object), 'from': array([39], dtype=int16), 'to': array([46], dtype=int16)}"
3021,"For the not so good, I got the stock screen - which is VERY glossy.","{'term': array(['stock screen'], dtype=object), 'polarity': array(['negative'], dtype=object), 'from': array([31], dtype=int16), 'to': array([43], dtype=int16)}"
2415,The gray color was a good choice.,"{'term': array(['gray color'], dtype=object), 'polarity': array(['positive'], dtype=object), 'from': array([4], dtype=int16), 'to': array([14], dtype=int16)}"
2730,This was the second computer and brand bought that day.,"{'term': array([''], dtype=object), 'polarity': array([''], dtype=object), 'from': array([0], dtype=int16), 'to': array([0], dtype=int16)}"
2297,Buy this.,"{'term': array([''], dtype=object), 'polarity': array([''], dtype=object), 'from': array([0], dtype=int16), 'to': array([0], dtype=int16)}"
2060,VERY disappointing:,"{'term': array([''], dtype=object), 'polarity': array([''], dtype=object), 'from': array([0], dtype=int16), 'to': array([0], dtype=int16)}"
2739,"I love this product because it is Toshiba and its 15.6"".","{'term': array([''], dtype=object), 'polarity': array([''], dtype=object), 'from': array([0], dtype=int16), 'to': array([0], dtype=int16)}"
2696,I would like to have volume buttons rather than the adjustment that is on the front.,"{'term': array(['volume buttons'], dtype=object), 'polarity': array(['negative'], dtype=object), 'from': array([21], dtype=int16), 'to': array([35], dtype=int16)}"
1352,This is my first computer purchase,"{'term': array([''], dtype=object), 'polarity': array([''], dtype=object), 'from': array([0], dtype=int16), 'to': array([0], dtype=int16)}"
1827,People know what they are talking about and they have pride in the product that they are selling.,"{'term': array([''], dtype=object), 'polarity': array([''], dtype=object), 'from': array([0], dtype=int16), 'to': array([0], dtype=int16)}"
2916,The processor a AMD Semprom at 2.1 ghz is a bummer it does not have the power for HD or heavy computing.,"{'term': array(['processor', 'computing'], dtype=object), 'polarity': array(['negative', 'negative'], dtype=object), 'from': array([ 4, 94], dtype=int16), 'to': array([ 13, 103], dtype=int16)}"
2074,Would HIGHLY recommend this netbook though.,"{'term': array([''], dtype=object), 'polarity': array([''], dtype=object), 'from': array([0], dtype=int16), 'to': array([0], dtype=int16)}"
229,"I have had several machines over the years, both for personal and business use.","{'term': array([''], dtype=object), 'polarity': array([''], dtype=object), 'from': array([0], dtype=int16), 'to': array([0], dtype=int16)}"
4,I bought a protector for my key pad and it works great :),"{'term': array(['protector', 'key pad'], dtype=object), 'polarity': array(['neutral', 'positive'], dtype=object), 'from': array([11, 28], dtype=int16), 'to': array([20, 35], dtype=int16)}"
2260,The magnetic plug-in power charging power cord is great (I even put it to the test by accident)- excellent innovation!,"{'term': array(['magnetic plug-in power charging power cord'], dtype=object), 'polarity': array(['positive'], dtype=object), 'from': array([4], dtype=int16), 'to': array([46], dtype=int16)}"
199,Well i got this computer from Best Buy and I have had nothing but problems I bought the computer with a virus.....,"{'term': array([''], dtype=object), 'polarity': array([''], dtype=object), 'from': array([0], dtype=int16), 'to': array([0], dtype=int16)}"
1376,It seems they could have updated XP and done without creating Vista.,"{'term': array(['XP', 'Vista'], dtype=object), 'polarity': array(['positive', 'negative'], dtype=object), 'from': array([33, 62], dtype=int16), 'to': array([35, 67], dtype=int16)}"
936,"  It is easy to use, fast and has great graphics for the money.","{'term': array(['graphics', 'use'], dtype=object), 'polarity': array(['positive', 'positive'], dtype=object), 'from': array([40, 16], dtype=int16), 'to': array([48, 19], dtype=int16)}"
1627,I decided I wanted a laptop so I went into the BBY store.,"{'term': array([''], dtype=object), 'polarity': array([''], dtype=object), 'from': array([0], dtype=int16), 'to': array([0], dtype=int16)}"
2323,I like how the Mac OS is so simple and easy to use.,"{'term': array(['Mac OS', 'use'], dtype=object), 'polarity': array(['positive', 'positive'], dtype=object), 'from': array([15, 47], dtype=int16), 'to': array([21, 50], dtype=int16)}"
1804,"While Apple's saving grace is the fact that they at least stand behind their products, and their support is great, it would be nice if their products were more reliable to justify the premium.","{'term': array(['support'], dtype=object), 'polarity': array(['positive'], dtype=object), 'from': array([97], dtype=int16), 'to': array([104], dtype=int16)}"
595,"In the three years I've had my MacBook Pro, I have never had a virus on my computer, and I do a lot of work on the internet.","{'term': array([''], dtype=object), 'polarity': array([''], dtype=object), 'from': array([0], dtype=int16), 'to': array([0], dtype=int16)}"
1426,"I was ready to take it back for a refund, but the Geek Squad camed through and pointed me in the right direction to get it fixed.","{'term': array(['Geek Squad'], dtype=object), 'polarity': array(['positive'], dtype=object), 'from': array([50], dtype=int16), 'to': array([60], dtype=int16)}"
2216,I have had laptops in the past and I thought why not give these small netbooks a try.,"{'term': array([''], dtype=object), 'polarity': array([''], dtype=object), 'from': array([0], dtype=int16), 'to': array([0], dtype=int16)}"
1590,It can't get any better.,"{'term': array([''], dtype=object), 'polarity': array([''], dtype=object), 'from': array([0], dtype=int16), 'to': array([0], dtype=int16)}"
1486,"All the problems I have had with PC's are solved with a Mac: the issue of overheating-my Dell was always overheating and not working properly or simply shutting off, and the issue of viruses and contaminants-my HP completely quit working within2 years of purchasing it, with no inexpensive way of fixing it.","{'term': array([''], dtype=object), 'polarity': array([''], dtype=object), 'from': array([0], dtype=int16), 'to': array([0], dtype=int16)}"
138,only good thing is the graphics quality.,"{'term': array(['graphics quality'], dtype=object), 'polarity': array(['positive'], dtype=object), 'from': array([23], dtype=int16), 'to': array([39], dtype=int16)}"
1192,"The other lock-up problems are from a myriad of causes, the most common being a corrupted version of Appleworks which can render the browser useless.","{'term': array(['Appleworks', 'browser'], dtype=object), 'polarity': array(['negative', 'negative'], dtype=object), 'from': array([101, 133], dtype=int16), 'to': array([111, 140], dtype=int16)}"
1439,In short I would never buy a Compaq again.,"{'term': array([''], dtype=object), 'polarity': array([''], dtype=object), 'from': array([0], dtype=int16), 'to': array([0], dtype=int16)}"
449,"I love the 15"" MacBook Pro.","{'term': array([''], dtype=object), 'polarity': array([''], dtype=object), 'from': array([0], dtype=int16), 'to': array([0], dtype=int16)}"
137,breaks easily.,"{'term': array([''], dtype=object), 'polarity': array([''], dtype=object), 'from': array([0], dtype=int16), 'to': array([0], dtype=int16)}"
1691,The paint wears off easily due to the keyboard being farther back than usual.,"{'term': array(['paint', 'keyboard'], dtype=object), 'polarity': array(['negative', 'negative'], dtype=object), 'from': array([ 4, 38], dtype=int16), 'to': array([ 9, 46], dtype=int16)}"
877,"That's right, no power, absolutely NOTHING.","{'term': array([''], dtype=object), 'polarity': array([''], dtype=object), 'from': array([0], dtype=int16), 'to': array([0], dtype=int16)}"
537,I had purchased it from a major electronics store and took it to their service department to find out what the problem was.,"{'term': array(['service department'], dtype=object), 'polarity': array(['neutral'], dtype=object), 'from': array([71], dtype=int16), 'to': array([89], dtype=int16)}"
541,The store honored their warrenty and made the comment that they don't even recommend the HP brand because of the problems with their warrentys.,"{'term': array(['warrenty', 'warrentys'], dtype=object), 'polarity': array(['positive', 'negative'], dtype=object), 'from': array([ 24, 133], dtype=int16), 'to': array([ 32, 142], dtype=int16)}"
1291,But I was wrong.,"{'term': array([''], dtype=object), 'polarity': array([''], dtype=object), 'from': array([0], dtype=int16), 'to': array([0], dtype=int16)}"
924,NO good.,"{'term': array([''], dtype=object), 'polarity': array([''], dtype=object), 'from': array([0], dtype=int16), 'to': array([0], dtype=int16)}"
3043,I always use a backup hard disk to store important files at all times.,"{'term': array(['hard disk'], dtype=object), 'polarity': array(['neutral'], dtype=object), 'from': array([22], dtype=int16), 'to': array([31], dtype=int16)}"
505,"They sent out the box right away for me to send in my computer, they paid postage and whatnot, but when I got my computer back it still wasn't running right, and now my CD drive wasn't reading anything!","{'term': array(['CD drive', 'running'], dtype=object), 'polarity': array(['negative', 'negative'], dtype=object), 'from': array([169, 143], dtype=int16), 'to': array([177, 150], dtype=int16)}"
431,I bought this laptop Was the worst Laptop I've ever bought.,"{'term': array([''], dtype=object), 'polarity': array([''], dtype=object), 'from': array([0], dtype=int16), 'to': array([0], dtype=int16)}"
569,But the screen size is not that bad for email and web browsing.,"{'term': array(['screen size', 'web browsing'], dtype=object), 'polarity': array(['positive', 'neutral'], dtype=object), 'from': array([ 8, 50], dtype=int16), 'to': array([19, 62], dtype=int16)}"
3081,Once I removed all the software the laptop loads in 15-20 seconds.,"{'term': array(['software', 'loads'], dtype=object), 'polarity': array(['negative', 'neutral'], dtype=object), 'from': array([23, 43], dtype=int16), 'to': array([31, 48], dtype=int16)}"
308,On my PowerBook G4 I would never use the trackpad I would use an external mouse because I didn't like the trackpad.,"{'term': array(['trackpad', 'external mouse', 'trackpad'], dtype=object), 'polarity': array(['negative', 'neutral', 'negative'], dtype=object), 'from': array([ 41,  65, 106], dtype=int16), 'to': array([ 49,  79, 114], dtype=int16)}"
2796,This computer doesn't do that well with certain games it can't play some and it becomes too hot while playing games.,"{'term': array(['games'], dtype=object), 'polarity': array(['negative'], dtype=object), 'from': array([48], dtype=int16), 'to': array([53], dtype=int16)}"
2333,"Obviously one of the most important features of any computer is the ""human interface.","{'term': array(['features', 'human interface'], dtype=object), 'polarity': array(['neutral', 'neutral'], dtype=object), 'from': array([36, 69], dtype=int16), 'to': array([44, 84], dtype=int16)}"
3049,"Yeah, of course smarty pants ""fix it now"")Software - Compared to the early 2011 edition I did see inbuilt applications crashing and it prompted me to send the report to Apple (which I promptly did).","{'term': array(['inbuilt applications', 'Software'], dtype=object), 'polarity': array(['negative', 'negative'], dtype=object), 'from': array([98, 42], dtype=int16), 'to': array([118,  50], dtype=int16)}"
2660,The body is a bit cheaply made so it will be interesting to see how long it holds up.,"{'term': array(['body'], dtype=object), 'polarity': array(['negative'], dtype=object), 'from': array([4], dtype=int16), 'to': array([8], dtype=int16)}"
206,The i5 blows my desktop out of the water when it comes to rendering videos.,"{'term': array(['i5'], dtype=object), 'polarity': array(['negative'], dtype=object), 'from': array([4], dtype=int16), 'to': array([6], dtype=int16)}"
2138,"With a mac you don't have to worry about antivirus software or firewall, it's so wonderful.","{'term': array(['antivirus software', 'firewall'], dtype=object), 'polarity': array(['neutral', 'neutral'], dtype=object), 'from': array([41, 63], dtype=int16), 'to': array([59, 71], dtype=int16)}"
2737,For the use it was purchased for it is a good Laptop.,"{'term': array([''], dtype=object), 'polarity': array([''], dtype=object), 'from': array([0], dtype=int16), 'to': array([0], dtype=int16)}"
2392,"Am very glad I bought it, great netbook, low price.","{'term': array(['price'], dtype=object), 'polarity': array(['positive'], dtype=object), 'from': array([45], dtype=int16), 'to': array([50], dtype=int16)}"
10,"Obviously, this Macbook is P-E-R-F-E-C-T for me because it does exactly what I need in an easy-to-function way.","{'term': array([''], dtype=object), 'polarity': array([''], dtype=object), 'from': array([0], dtype=int16), 'to': array([0], dtype=int16)}"
85,Worth the investment and truly a fine piece of equipment.,"{'term': array([''], dtype=object), 'polarity': array([''], dtype=object), 'from': array([0], dtype=int16), 'to': array([0], dtype=int16)}"
9,The Apple team also assists you very nicely when choosing which computer is right for you :),"{'term': array(['Apple team'], dtype=object), 'polarity': array(['positive'], dtype=object), 'from': array([4], dtype=int16), 'to': array([14], dtype=int16)}"
1218,Summary: Dont buy HP.,"{'term': array([''], dtype=object), 'polarity': array([''], dtype=object), 'from': array([0], dtype=int16), 'to': array([0], dtype=int16)}"
1867,"I think part of the problem with this computer is Vista, yet I know Vista isn't the entire issue because my latest purchase was my Acer and it also has Vista (I should have waited the few months to get the next operating system).","{'term': array(['Vista', 'Vista', 'operating system', 'Vista'], dtype=object), 'polarity': array(['negative', 'negative', 'neutral', 'negative'], dtype=object), 'from': array([ 50,  68, 211, 152], dtype=int16), 'to': array([ 55,  73, 227, 157], dtype=int16)}"
2377,The video chat is the only thing that is iffy about it but im sure once they unpdate the next version on the macbook book the quality of it will be better.,"{'term': array(['video chat', 'quality'], dtype=object), 'polarity': array(['negative', 'conflict'], dtype=object), 'from': array([  4, 126], dtype=int16), 'to': array([ 14, 133], dtype=int16)}"
2438,You'll need to upgrade and pay a little more for them.,"{'term': array([''], dtype=object), 'polarity': array([''], dtype=object), 'from': array([0], dtype=int16), 'to': array([0], dtype=int16)}"
136,it is hard to fix and makes it a hassle to own one.,"{'term': array([''], dtype=object), 'polarity': array([''], dtype=object), 'from': array([0], dtype=int16), 'to': array([0], dtype=int16)}"
2928,That whole experience was just ridiculous we sent it in and after they told us that we had to pay $175 to fix it we were like we will just by a portable mouse which would be way cheaper but they refused to send the laptop back until we paid the $175 and it was fixed.,"{'term': array(['mouse'], dtype=object), 'polarity': array(['positive'], dtype=object), 'from': array([153], dtype=int16), 'to': array([158], dtype=int16)}"
258,"Macs are designed for the ""frontal lobe challenged"" people out there.","{'term': array([''], dtype=object), 'polarity': array([''], dtype=object), 'from': array([0], dtype=int16), 'to': array([0], dtype=int16)}"
2811,"Fan vents to the side, so no cooling pad needed, great feature!","{'term': array(['Fan', 'cooling pad', 'feature'], dtype=object), 'polarity': array(['positive', 'neutral', 'positive'], dtype=object), 'from': array([ 0, 29, 55], dtype=int16), 'to': array([ 3, 40, 62], dtype=int16)}"
2137,"i use my mac all the time, i love the software, the way it takes a short time to load things, how easy it is to use and most of all how you don't have to worry about viruses.","{'term': array(['software'], dtype=object), 'polarity': array(['positive'], dtype=object), 'from': array([38], dtype=int16), 'to': array([46], dtype=int16)}"
1256,Wasted me at least 8 hours of installation time.,"{'term': array(['installation time'], dtype=object), 'polarity': array(['negative'], dtype=object), 'from': array([30], dtype=int16), 'to': array([47], dtype=int16)}"
1770,"It has far exceeded my expectations for power, storage, and abilitiy.","{'term': array(['power', 'storage', 'abilitiy'], dtype=object), 'polarity': array(['positive', 'positive', 'positive'], dtype=object), 'from': array([40, 47, 60], dtype=int16), 'to': array([45, 54, 68], dtype=int16)}"
2270,"A great feature is the spotlight search: one can search for documents by simply typing a keyword, rather than parsing tens of file folders for a document.","{'term': array(['spotlight search', 'feature'], dtype=object), 'polarity': array(['positive', 'positive'], dtype=object), 'from': array([23,  8], dtype=int16), 'to': array([39, 15], dtype=int16)}"
1424,My wireless system would not recognize Windows 7 and I couldn't get online to find out why.,"{'term': array(['wireless system', 'Windows 7'], dtype=object), 'polarity': array(['negative', 'neutral'], dtype=object), 'from': array([ 3, 39], dtype=int16), 'to': array([18, 48], dtype=int16)}"
2843,I am enjoying it and the quality it provides is great!,"{'term': array(['quality'], dtype=object), 'polarity': array(['positive'], dtype=object), 'from': array([25], dtype=int16), 'to': array([32], dtype=int16)}"
1239,It is the worst laptop ever,"{'term': array([''], dtype=object), 'polarity': array([''], dtype=object), 'from': array([0], dtype=int16), 'to': array([0], dtype=int16)}"
2471,"Suffice it to say, my MacBook Pro keeps me going with its long battery life and blazing speed.","{'term': array(['battery life', 'speed'], dtype=object), 'polarity': array(['positive', 'positive'], dtype=object), 'from': array([63, 88], dtype=int16), 'to': array([75, 93], dtype=int16)}"
1240,"I'm not going to lie, I've never really liked the Acer brand in general.","{'term': array([''], dtype=object), 'polarity': array([''], dtype=object), 'from': array([0], dtype=int16), 'to': array([0], dtype=int16)}"
2550,"The OS is also very user friendly, even for those that switch from a PC, with a little practice you can take full advantage of this OS!","{'term': array(['OS', 'OS'], dtype=object), 'polarity': array(['positive', 'positive'], dtype=object), 'from': array([  4, 132], dtype=int16), 'to': array([  6, 134], dtype=int16)}"
455,"iTunes is a handy music-management program, and it is essential for anyone with an iPod.","{'term': array(['iTunes', 'program'], dtype=object), 'polarity': array(['positive', 'positive'], dtype=object), 'from': array([ 0, 35], dtype=int16), 'to': array([ 6, 42], dtype=int16)}"
641,"-I give up on my data, I just want a computer reasonably fast...","{'term': array([''], dtype=object), 'polarity': array([''], dtype=object), 'from': array([0], dtype=int16), 'to': array([0], dtype=int16)}"
2197,Would buy 100 more of these if I could.,"{'term': array([''], dtype=object), 'polarity': array([''], dtype=object), 'from': array([0], dtype=int16), 'to': array([0], dtype=int16)}"
1462,"  while it was barely a bargin in the begining, i would never purchase another dell and would not recomend the dell brand to others.","{'term': array([''], dtype=object), 'polarity': array([''], dtype=object), 'from': array([0], dtype=int16), 'to': array([0], dtype=int16)}"
949,it was shooting sparks!,"{'term': array([''], dtype=object), 'polarity': array([''], dtype=object), 'from': array([0], dtype=int16), 'to': array([0], dtype=int16)}"
2924,Great product.,"{'term': array([''], dtype=object), 'polarity': array([''], dtype=object), 'from': array([0], dtype=int16), 'to': array([0], dtype=int16)}"
2496,Mac is not made for gaming.,"{'term': array(['gaming'], dtype=object), 'polarity': array(['negative'], dtype=object), 'from': array([20], dtype=int16), 'to': array([26], dtype=int16)}"
1089,"Well I spilled something on it and they replaced it with this model, which gets hot and the battery doesn't make it through 1 DVD.","{'term': array(['battery'], dtype=object), 'polarity': array(['negative'], dtype=object), 'from': array([92], dtype=int16), 'to': array([99], dtype=int16)}"
713,"I've had to call Apple support to set up my new printer and have had wonderful experiences with helpful, english speaking (from Vancouver) techs that walked me through the processes to help me.","{'term': array(['Apple support', 'techs'], dtype=object), 'polarity': array(['positive', 'positive'], dtype=object), 'from': array([ 17, 139], dtype=int16), 'to': array([ 30, 144], dtype=int16)}"
490,But Sony said we could send it back and be charged for adding the bluetooth an additional seventy something dollars.,"{'term': array(['adding the bluetooth'], dtype=object), 'polarity': array(['negative'], dtype=object), 'from': array([55], dtype=int16), 'to': array([75], dtype=int16)}"
957,  By this time I was regretting ever SEEING this machine on the shelf!,"{'term': array([''], dtype=object), 'polarity': array([''], dtype=object), 'from': array([0], dtype=int16), 'to': array([0], dtype=int16)}"
2844,"Toshiba is a great brand, even though I haven't had it for a long time, I am very happy with it!","{'term': array([''], dtype=object), 'polarity': array([''], dtype=object), 'from': array([0], dtype=int16), 'to': array([0], dtype=int16)}"
2422,I need graphic power to run my Adobe Creative apps efficiently.,"{'term': array(['graphic power', 'Adobe Creative apps'], dtype=object), 'polarity': array(['neutral', 'neutral'], dtype=object), 'from': array([ 7, 31], dtype=int16), 'to': array([20, 50], dtype=int16)}"
2540,the programs are esay to use and are quick to process this computer works like a charm.,"{'term': array(['programs', 'use'], dtype=object), 'polarity': array(['positive', 'positive'], dtype=object), 'from': array([ 4, 25], dtype=int16), 'to': array([12, 28], dtype=int16)}"
2018,The materials that came with the computer did not include the right # anywhere.,"{'term': array(['materials'], dtype=object), 'polarity': array(['negative'], dtype=object), 'from': array([4], dtype=int16), 'to': array([13], dtype=int16)}"
800,So when you do call to complain about the hunk of metal you get the joy of speaking with a bunch of people you cant understand.,"{'term': array([''], dtype=object), 'polarity': array([''], dtype=object), 'from': array([0], dtype=int16), 'to': array([0], dtype=int16)}"
2566,That day!,"{'term': array([''], dtype=object), 'polarity': array([''], dtype=object), 'from': array([0], dtype=int16), 'to': array([0], dtype=int16)}"
1683,""" For one, I noticed that from turning on my mac to logging on only took about 25 seconds.","{'term': array([''], dtype=object), 'polarity': array([''], dtype=object), 'from': array([0], dtype=int16), 'to': array([0], dtype=int16)}"
2022,It does not even have the software to play a dvd now.,"{'term': array(['software'], dtype=object), 'polarity': array(['negative'], dtype=object), 'from': array([26], dtype=int16), 'to': array([34], dtype=int16)}"
709,My brother is a computer wiz and would laugh at me because he used an Apple.,"{'term': array([''], dtype=object), 'polarity': array([''], dtype=object), 'from': array([0], dtype=int16), 'to': array([0], dtype=int16)}"
1191,Tech support tells me the latter problem is a power supply problem and have offered to fix it if it happens again.,"{'term': array(['Tech support', 'power supply'], dtype=object), 'polarity': array(['positive', 'negative'], dtype=object), 'from': array([ 0, 46], dtype=int16), 'to': array([12, 58], dtype=int16)}"
1950,"Since I never really got to use this, I can't comment on anything except what went wrong after trying 2 of them.","{'term': array([''], dtype=object), 'polarity': array([''], dtype=object), 'from': array([0], dtype=int16), 'to': array([0], dtype=int16)}"
2007,Buyers beware.,"{'term': array([''], dtype=object), 'polarity': array([''], dtype=object), 'from': array([0], dtype=int16), 'to': array([0], dtype=int16)}"
777,HOW DOES THE POWER SUPPLY NOT WORK!!!,"{'term': array(['POWER SUPPLY'], dtype=object), 'polarity': array(['negative'], dtype=object), 'from': array([13], dtype=int16), 'to': array([25], dtype=int16)}"
2775,Sells for the same as a netbook without sacrificing size.,"{'term': array(['size'], dtype=object), 'polarity': array(['positive'], dtype=object), 'from': array([52], dtype=int16), 'to': array([56], dtype=int16)}"
1145,  I'll rather be out of date then spend more money on toshiba.,"{'term': array([''], dtype=object), 'polarity': array([''], dtype=object), 'from': array([0], dtype=int16), 'to': array([0], dtype=int16)}"
1844,"  upon giving them the serial number the first thing I was told, was that it was out of warranty and I could pay to have it repaired.","{'term': array(['warranty'], dtype=object), 'polarity': array(['neutral'], dtype=object), 'from': array([88], dtype=int16), 'to': array([96], dtype=int16)}"
1989,"Windows XP SP2 caused many problems on the computer, so I had to remove it.","{'term': array(['Windows XP SP2'], dtype=object), 'polarity': array(['negative'], dtype=object), 'from': array([0], dtype=int16), 'to': array([14], dtype=int16)}"
2147,Love it.,"{'term': array([''], dtype=object), 'polarity': array([''], dtype=object), 'from': array([0], dtype=int16), 'to': array([0], dtype=int16)}"
1068,"I reloaded with Windows 7 Ultimate, and the Bluetooth and Fingerprint reader (software) would not load.","{'term': array(['Windows 7 Ultimate', 'Bluetooth', 'Fingerprint reader',
       'software'], dtype=object), 'polarity': array(['negative', 'negative', 'negative', 'negative'], dtype=object), 'from': array([16, 44, 58, 78], dtype=int16), 'to': array([34, 53, 76, 86], dtype=int16)}"
2030,None of the techs at HP knew what they were doing.,"{'term': array(['techs at HP'], dtype=object), 'polarity': array(['negative'], dtype=object), 'from': array([12], dtype=int16), 'to': array([23], dtype=int16)}"
2586,"Oh, it is such a great piece of equipment.","{'term': array([''], dtype=object), 'polarity': array([''], dtype=object), 'from': array([0], dtype=int16), 'to': array([0], dtype=int16)}"
128,"this is my second one and the same problem, bad video card  unreliable overall, this will be my second time returning this laptop back to best buy.","{'term': array(['video card'], dtype=object), 'polarity': array(['negative'], dtype=object), 'from': array([48], dtype=int16), 'to': array([58], dtype=int16)}"
2822,"I use that alot on my desktop, so I am adjusting to not having it.","{'term': array([''], dtype=object), 'polarity': array([''], dtype=object), 'from': array([0], dtype=int16), 'to': array([0], dtype=int16)}"
1561,"With awesome graphics and assuring security, it's perfect!","{'term': array(['graphics', 'security'], dtype=object), 'polarity': array(['positive', 'positive'], dtype=object), 'from': array([13, 35], dtype=int16), 'to': array([21, 43], dtype=int16)}"
1890,"Laptop was in new condition and operational, but for the audio problem when 1st sent for repair.","{'term': array(['audio'], dtype=object), 'polarity': array(['negative'], dtype=object), 'from': array([57], dtype=int16), 'to': array([62], dtype=int16)}"
2435,I was disappointed when I realized that the keyboard doesn't light up on this model.,"{'term': array(['keyboard'], dtype=object), 'polarity': array(['negative'], dtype=object), 'from': array([44], dtype=int16), 'to': array([52], dtype=int16)}"
826,This machine was a horrible experience.,"{'term': array([''], dtype=object), 'polarity': array([''], dtype=object), 'from': array([0], dtype=int16), 'to': array([0], dtype=int16)}"
2166,It runs perfectly.,"{'term': array(['runs'], dtype=object), 'polarity': array(['positive'], dtype=object), 'from': array([3], dtype=int16), 'to': array([7], dtype=int16)}"
739,"Very dissappointed becase I have had toshibas for years, and never a issue.","{'term': array([''], dtype=object), 'polarity': array([''], dtype=object), 'from': array([0], dtype=int16), 'to': array([0], dtype=int16)}"
371,If you have any creativity in you do yourself a favor and get a mac!,"{'term': array([''], dtype=object), 'polarity': array([''], dtype=object), 'from': array([0], dtype=int16), 'to': array([0], dtype=int16)}"
2969,The laptop was very easy to set up.,"{'term': array(['set up'], dtype=object), 'polarity': array(['positive'], dtype=object), 'from': array([28], dtype=int16), 'to': array([34], dtype=int16)}"
896,Congratulations Asus for creating one big piece of dump which is my laptop.,"{'term': array([''], dtype=object), 'polarity': array([''], dtype=object), 'from': array([0], dtype=int16), 'to': array([0], dtype=int16)}"
824,  Sometimes the screen even goes black on this computer.,"{'term': array(['screen'], dtype=object), 'polarity': array(['negative'], dtype=object), 'from': array([16], dtype=int16), 'to': array([22], dtype=int16)}"
2896,I would definitely recommend checking out this laptop if you are in the market for one.,"{'term': array([''], dtype=object), 'polarity': array([''], dtype=object), 'from': array([0], dtype=int16), 'to': array([0], dtype=int16)}"
2754,I recommend for word processing and internet users.,"{'term': array(['word processing', 'internet'], dtype=object), 'polarity': array(['positive', 'positive'], dtype=object), 'from': array([16, 36], dtype=int16), 'to': array([31, 44], dtype=int16)}"
309,Since I've had this computer I've only used the trackpad because it is so nice and smooth.,"{'term': array(['trackpad'], dtype=object), 'polarity': array(['positive'], dtype=object), 'from': array([48], dtype=int16), 'to': array([56], dtype=int16)}"
816,"  When the computer has been on for several minutes, it will occasionaly just go off by itself.","{'term': array([''], dtype=object), 'polarity': array([''], dtype=object), 'from': array([0], dtype=int16), 'to': array([0], dtype=int16)}"
16,A longer battery life would have been great - but it meets it's spec quite easily.,"{'term': array(['battery life', 'spec'], dtype=object), 'polarity': array(['conflict', 'positive'], dtype=object), 'from': array([ 9, 64], dtype=int16), 'to': array([21, 68], dtype=int16)}"
1984,"Who couldn't love a DVD burner, 80-gigabyte HD, and fairly new graphics chip? As I soon discovered, though, there is a reason for which similarly-configured Sony and Toshiba machines cost more: they use higher-quality components that are faster, better-configured, and end up lasting a lot longer.","{'term': array(['HD', 'graphics chip', 'components', 'DVD burner'], dtype=object), 'polarity': array(['positive', 'positive', 'positive', 'positive'], dtype=object), 'from': array([ 44,  63, 218,  20], dtype=int16), 'to': array([ 46,  76, 228,  30], dtype=int16)}"
837,falls into the case.,"{'term': array([''], dtype=object), 'polarity': array([''], dtype=object), 'from': array([0], dtype=int16), 'to': array([0], dtype=int16)}"
1588,This is something i would deffinately reccomend to someone.,"{'term': array([''], dtype=object), 'polarity': array([''], dtype=object), 'from': array([0], dtype=int16), 'to': array([0], dtype=int16)}"
2943,Its fast and another thing I like is that it has three USB ports.,"{'term': array(['USB ports'], dtype=object), 'polarity': array(['positive'], dtype=object), 'from': array([55], dtype=int16), 'to': array([64], dtype=int16)}"
2410,"Mac computers automatically ""defrag"" each time you start your computer.","{'term': array([''], dtype=object), 'polarity': array([''], dtype=object), 'from': array([0], dtype=int16), 'to': array([0], dtype=int16)}"
2889,That is my only complaint!,"{'term': array([''], dtype=object), 'polarity': array([''], dtype=object), 'from': array([0], dtype=int16), 'to': array([0], dtype=int16)}"
1839,The salesman talked us into this computer away from another we were looking at and we have had nothing but problems with software problems and just not happy with it.,"{'term': array(['software'], dtype=object), 'polarity': array(['negative'], dtype=object), 'from': array([121], dtype=int16), 'to': array([129], dtype=int16)}"
1375,That system is fixed.,"{'term': array(['system'], dtype=object), 'polarity': array(['neutral'], dtype=object), 'from': array([5], dtype=int16), 'to': array([11], dtype=int16)}"
899,"The computer itself was fast, ran smoothly, and had no problems.","{'term': array(['ran'], dtype=object), 'polarity': array(['positive'], dtype=object), 'from': array([30], dtype=int16), 'to': array([33], dtype=int16)}"
2897,One of the smartest thing I did was take my time to compare laptops before making my purchase.,"{'term': array([''], dtype=object), 'polarity': array([''], dtype=object), 'from': array([0], dtype=int16), 'to': array([0], dtype=int16)}"
2858,Like the price and operation.,"{'term': array(['price', 'operation'], dtype=object), 'polarity': array(['positive', 'positive'], dtype=object), 'from': array([ 9, 19], dtype=int16), 'to': array([14, 28], dtype=int16)}"
1338,The brand is tarnished in my heart.,"{'term': array(['brand'], dtype=object), 'polarity': array(['negative'], dtype=object), 'from': array([4], dtype=int16), 'to': array([9], dtype=int16)}"
2962,"This is likely due to poor grounding and isolation between the components, and I'm hoping that it can be fixed with a ground loop isolator, but I still expected better product quality for this price range.","{'term': array(['components', 'ground loop isolator', 'price range', 'quality'],
      dtype=object), 'polarity': array(['negative', 'neutral', 'negative', 'negative'], dtype=object), 'from': array([ 63, 118, 193, 176], dtype=int16), 'to': array([ 73, 138, 204, 183], dtype=int16)}"
1785,"Honestly, this is absolutely wonderful.","{'term': array([''], dtype=object), 'polarity': array([''], dtype=object), 'from': array([0], dtype=int16), 'to': array([0], dtype=int16)}"
2110,I 'have had it for about a 1 1/2 and yes I have had an issue with it one month out of warranty.,"{'term': array(['warranty'], dtype=object), 'polarity': array(['neutral'], dtype=object), 'from': array([86], dtype=int16), 'to': array([94], dtype=int16)}"
2201,I really wish I had done this years ago.,"{'term': array([''], dtype=object), 'polarity': array([''], dtype=object), 'from': array([0], dtype=int16), 'to': array([0], dtype=int16)}"
139,"Well, maybe I was just very unlucky.","{'term': array([''], dtype=object), 'polarity': array([''], dtype=object), 'from': array([0], dtype=int16), 'to': array([0], dtype=int16)}"
2582,"For example, when my husband turns the light out while I'm on the computer.","{'term': array([''], dtype=object), 'polarity': array([''], dtype=object), 'from': array([0], dtype=int16), 'to': array([0], dtype=int16)}"
35,"Once open, the leading edge is razor sharp.","{'term': array(['leading edge'], dtype=object), 'polarity': array(['negative'], dtype=object), 'from': array([15], dtype=int16), 'to': array([27], dtype=int16)}"
1041,Loaded with bloatware.,"{'term': array(['bloatware'], dtype=object), 'polarity': array(['neutral'], dtype=object), 'from': array([12], dtype=int16), 'to': array([21], dtype=int16)}"
1219,"If you buy, pray you dont have major prolems.","{'term': array([''], dtype=object), 'polarity': array([''], dtype=object), 'from': array([0], dtype=int16), 'to': array([0], dtype=int16)}"
231,"Don't get me wrong, I am no Microsoft hater, I've just managed to turn into a much bigger Apple fan because of this machine.","{'term': array([''], dtype=object), 'polarity': array([''], dtype=object), 'from': array([0], dtype=int16), 'to': array([0], dtype=int16)}"
728,HP refused to give me a new one and Wal Mart refused to take it back.,"{'term': array([''], dtype=object), 'polarity': array([''], dtype=object), 'from': array([0], dtype=int16), 'to': array([0], dtype=int16)}"
1934,Within 3 weeks the same issues started happening AGAIN.,"{'term': array([''], dtype=object), 'polarity': array([''], dtype=object), 'from': array([0], dtype=int16), 'to': array([0], dtype=int16)}"
1040,Maximum sound isn't nearly as loud as it should be.,"{'term': array(['Maximum sound'], dtype=object), 'polarity': array(['negative'], dtype=object), 'from': array([0], dtype=int16), 'to': array([13], dtype=int16)}"
178,"Well, they don't care a bunch.","{'term': array([''], dtype=object), 'polarity': array([''], dtype=object), 'from': array([0], dtype=int16), 'to': array([0], dtype=int16)}"
379,I loaded windows 7 via Bootcamp and it works flawlessly!,"{'term': array(['windows 7', 'Bootcamp'], dtype=object), 'polarity': array(['positive', 'positive'], dtype=object), 'from': array([ 9, 23], dtype=int16), 'to': array([18, 31], dtype=int16)}"
2358,I have never had to shut down the computer unexpectedly and the computer has never froze on me.,"{'term': array([''], dtype=object), 'polarity': array([''], dtype=object), 'from': array([0], dtype=int16), 'to': array([0], dtype=int16)}"
1757,"Great Laptop for the price, works well with action pack games.","{'term': array(['price', 'action pack games', 'works'], dtype=object), 'polarity': array(['positive', 'neutral', 'positive'], dtype=object), 'from': array([21, 44, 28], dtype=int16), 'to': array([26, 61, 33], dtype=int16)}"
220,"Although the price is higher then Dell laptops, the Macbooks are worth the dough.","{'term': array(['price'], dtype=object), 'polarity': array(['negative'], dtype=object), 'from': array([13], dtype=int16), 'to': array([18], dtype=int16)}"
2790,Recommended to people as their first laptop.,"{'term': array([''], dtype=object), 'polarity': array([''], dtype=object), 'from': array([0], dtype=int16), 'to': array([0], dtype=int16)}"
2370,I would recomend this acer to parents and grandparents it can really help them in school.,"{'term': array([''], dtype=object), 'polarity': array([''], dtype=object), 'from': array([0], dtype=int16), 'to': array([0], dtype=int16)}"
2919,I would not recommend this to anyone wanting a notebook expecting the performance of a Desktop it does not meet the expectations.,"{'term': array(['performance'], dtype=object), 'polarity': array(['negative'], dtype=object), 'from': array([70], dtype=int16), 'to': array([81], dtype=int16)}"
698,"The Macbook arrived in a nice twin packing and sealed in the box, all the functions works great.","{'term': array(['twin packing', 'functions'], dtype=object), 'polarity': array(['positive', 'positive'], dtype=object), 'from': array([30, 74], dtype=int16), 'to': array([42, 83], dtype=int16)}"
1336,So what if the laptops/mobile phones look chic and cool? The after sales support is terrible.,"{'term': array(['after sales support', 'look'], dtype=object), 'polarity': array(['negative', 'positive'], dtype=object), 'from': array([61, 37], dtype=int16), 'to': array([80, 41], dtype=int16)}"
797,they have not sent a new one nor called.,"{'term': array([''], dtype=object), 'polarity': array([''], dtype=object), 'from': array([0], dtype=int16), 'to': array([0], dtype=int16)}"
2758,I would easly reccomend this laptop to a friend.,"{'term': array([''], dtype=object), 'polarity': array([''], dtype=object), 'from': array([0], dtype=int16), 'to': array([0], dtype=int16)}"
146,I hate the display screen and I have done everything I could do the change it.,"{'term': array(['display screen'], dtype=object), 'polarity': array(['negative'], dtype=object), 'from': array([11], dtype=int16), 'to': array([25], dtype=int16)}"
432,I spent alot of money on this product and its been a nightmare.,"{'term': array([''], dtype=object), 'polarity': array([''], dtype=object), 'from': array([0], dtype=int16), 'to': array([0], dtype=int16)}"
1969,I also like the acer arcade but these were reallythe only two things I liked about this laptop.,"{'term': array(['acer arcade'], dtype=object), 'polarity': array(['positive'], dtype=object), 'from': array([16], dtype=int16), 'to': array([27], dtype=int16)}"
2549,"Have not yet needed any customer support with this yet so to me that is a great thing, which is leaps and bounds ahead of PC in my opinion.","{'term': array(['customer support'], dtype=object), 'polarity': array(['positive'], dtype=object), 'from': array([24], dtype=int16), 'to': array([40], dtype=int16)}"
269,Thinking about returning it,"{'term': array([''], dtype=object), 'polarity': array([''], dtype=object), 'from': array([0], dtype=int16), 'to': array([0], dtype=int16)}"
469,"I gave it to my daughter because I just hated the screen, hated that it had no cd drive to at least play cd's when I wanted to listen to music and do schoolwork.","{'term': array(['screen', 'cd drive'], dtype=object), 'polarity': array(['negative', 'negative'], dtype=object), 'from': array([50, 79], dtype=int16), 'to': array([56, 87], dtype=int16)}"
2974,It runs very quiet too which is a plus.,"{'term': array(['runs'], dtype=object), 'polarity': array(['positive'], dtype=object), 'from': array([3], dtype=int16), 'to': array([7], dtype=int16)}"
835,but it  has a major design flaw.,"{'term': array(['design'], dtype=object), 'polarity': array(['negative'], dtype=object), 'from': array([20], dtype=int16), 'to': array([26], dtype=int16)}"
1898,"  I took the laptop home and not even a month later, I began to have problems with it.","{'term': array([''], dtype=object), 'polarity': array([''], dtype=object), 'from': array([0], dtype=int16), 'to': array([0], dtype=int16)}"
1962,"It was heavy,bulky, and hard to carry because of the size.","{'term': array(['size'], dtype=object), 'polarity': array(['negative'], dtype=object), 'from': array([53], dtype=int16), 'to': array([57], dtype=int16)}"
306,That was my first Apple product and since then I have been incredibly happy with every product of theirs I have bought.,"{'term': array([''], dtype=object), 'polarity': array([''], dtype=object), 'from': array([0], dtype=int16), 'to': array([0], dtype=int16)}"
2838,i tried turning it done but it did nothing.,"{'term': array([''], dtype=object), 'polarity': array([''], dtype=object), 'from': array([0], dtype=int16), 'to': array([0], dtype=int16)}"
1666,"It is super fast, and always loads.","{'term': array([''], dtype=object), 'polarity': array([''], dtype=object), 'from': array([0], dtype=int16), 'to': array([0], dtype=int16)}"
2876,The games included are very good games.,"{'term': array(['games', 'games'], dtype=object), 'polarity': array(['neutral', 'positive'], dtype=object), 'from': array([ 4, 33], dtype=int16), 'to': array([ 9, 38], dtype=int16)}"
2141,"this computer will last you at least 7 years, thats an amazing life spanned an electronic.","{'term': array(['life'], dtype=object), 'polarity': array(['positive'], dtype=object), 'from': array([63], dtype=int16), 'to': array([67], dtype=int16)}"
3040,I bought mine from Apple Store the day it was released as Amazon didn't have it yet.,"{'term': array([''], dtype=object), 'polarity': array([''], dtype=object), 'from': array([0], dtype=int16), 'to': array([0], dtype=int16)}"
2034,I had something else go wrong and they said it had to be in good working order to be able to buy the warranty.,"{'term': array(['warranty'], dtype=object), 'polarity': array(['negative'], dtype=object), 'from': array([101], dtype=int16), 'to': array([109], dtype=int16)}"
2798,the whole experiece is horrible so save up and buy a better laptop.,"{'term': array([''], dtype=object), 'polarity': array([''], dtype=object), 'from': array([0], dtype=int16), 'to': array([0], dtype=int16)}"
1382,I just bought this laptop 3 days ago.,"{'term': array([''], dtype=object), 'polarity': array([''], dtype=object), 'from': array([0], dtype=int16), 'to': array([0], dtype=int16)}"
2905,I am very pleased with my purchase!,"{'term': array([''], dtype=object), 'polarity': array([''], dtype=object), 'from': array([0], dtype=int16), 'to': array([0], dtype=int16)}"
2669,Sometimes you really have to tap the pad to get it to worki,"{'term': array(['pad'], dtype=object), 'polarity': array(['negative'], dtype=object), 'from': array([37], dtype=int16), 'to': array([40], dtype=int16)}"
2895,It's super fast and a great value for the price!,"{'term': array(['value', 'price'], dtype=object), 'polarity': array(['positive', 'positive'], dtype=object), 'from': array([28, 42], dtype=int16), 'to': array([33, 47], dtype=int16)}"
2181,"Three, the mac book has advantages over pcs' with linux based os there is very 'few problems with system performance when it comes to a mac.","{'term': array(['system performance', 'linux based os'], dtype=object), 'polarity': array(['negative', 'negative'], dtype=object), 'from': array([98, 50], dtype=int16), 'to': array([116,  64], dtype=int16)}"
1529,A mac is very easy to use and it simply makes sense.,"{'term': array(['use'], dtype=object), 'polarity': array(['positive'], dtype=object), 'from': array([22], dtype=int16), 'to': array([25], dtype=int16)}"
2002,"Of course, eMachines cannot be made entirely to blame for this computer's woes;","{'term': array([''], dtype=object), 'polarity': array([''], dtype=object), 'from': array([0], dtype=int16), 'to': array([0], dtype=int16)}"
1752,"however, I may have inadvertently thrown out one of the batteries with the shipping carton.","{'term': array(['batteries', 'shipping carton'], dtype=object), 'polarity': array(['neutral', 'neutral'], dtype=object), 'from': array([56, 75], dtype=int16), 'to': array([65, 90], dtype=int16)}"
672,Love it so far.,"{'term': array([''], dtype=object), 'polarity': array([''], dtype=object), 'from': array([0], dtype=int16), 'to': array([0], dtype=int16)}"
695,It is so much easier to use,"{'term': array(['use'], dtype=object), 'polarity': array(['positive'], dtype=object), 'from': array([24], dtype=int16), 'to': array([27], dtype=int16)}"
2291,There is no need to open a program first and the cliick open or import.,"{'term': array(['program'], dtype=object), 'polarity': array(['positive'], dtype=object), 'from': array([27], dtype=int16), 'to': array([34], dtype=int16)}"
2183,"In short, you could say your mac could become your best friend (no intention of replacing Rover your dog).","{'term': array([''], dtype=object), 'polarity': array([''], dtype=object), 'from': array([0], dtype=int16), 'to': array([0], dtype=int16)}"
658,It was a bad experience but i played down its importance.,"{'term': array([''], dtype=object), 'polarity': array([''], dtype=object), 'from': array([0], dtype=int16), 'to': array([0], dtype=int16)}"
2286,Meets my needs perfectly and is light enough for this senior to carry without affecting my arthritis.,"{'term': array([''], dtype=object), 'polarity': array([''], dtype=object), 'from': array([0], dtype=int16), 'to': array([0], dtype=int16)}"
2481,It is so nice not to worry about that and the extra expense that comes along with the necessary virus protection on PC's.,"{'term': array(['virus protection'], dtype=object), 'polarity': array(['positive'], dtype=object), 'from': array([96], dtype=int16), 'to': array([112], dtype=int16)}"
1584,"The Notebook PC,Toshiba Qosmio is the best gift my father could have ever gotten me.","{'term': array([''], dtype=object), 'polarity': array([''], dtype=object), 'from': array([0], dtype=int16), 'to': array([0], dtype=int16)}"
1893,"Three weeks after I bought the netbook, the screen quit working.","{'term': array(['screen'], dtype=object), 'polarity': array(['negative'], dtype=object), 'from': array([44], dtype=int16), 'to': array([50], dtype=int16)}"
2649,"The processor screams, and because of the unique way that Apple OSX 16 functions, most of the graphics are routed through the hardware rather than the software.","{'term': array(['processor', 'OSX 16', 'graphics', 'hardware', 'software'],
      dtype=object), 'polarity': array(['positive', 'positive', 'positive', 'neutral', 'neutral'],
      dtype=object), 'from': array([  4,  64,  94, 126, 151], dtype=int16), 'to': array([ 13,  70, 102, 134, 159], dtype=int16)}"
783,I am currently out of town and called to inform them the broken part would be returned when I got back in town.,"{'term': array([''], dtype=object), 'polarity': array([''], dtype=object), 'from': array([0], dtype=int16), 'to': array([0], dtype=int16)}"
1889,Returned laptop for a 4th repair and it came back but now would lock up and randomly reboot frequently making the laptop unusable.,"{'term': array([''], dtype=object), 'polarity': array([''], dtype=object), 'from': array([0], dtype=int16), 'to': array([0], dtype=int16)}"
3072,I wanted something that had a new Intel Core processors and HDMI port so that we could hook it up directly to our TV.,"{'term': array(['Intel Core processors', 'HDMI port'], dtype=object), 'polarity': array(['neutral', 'neutral'], dtype=object), 'from': array([34, 60], dtype=int16), 'to': array([55, 69], dtype=int16)}"
1196,"The Apple will run Internet Explorer, but at an amazingly slow rate.","{'term': array(['Internet Explorer'], dtype=object), 'polarity': array(['conflict'], dtype=object), 'from': array([19], dtype=int16), 'to': array([36], dtype=int16)}"
761,"With today's company fighting over marketshare, its a shame that ASUS can get away with the inept staff answering thephone.","{'term': array(['staff'], dtype=object), 'polarity': array(['negative'], dtype=object), 'from': array([98], dtype=int16), 'to': array([103], dtype=int16)}"
1736,Other than that I don't have one complaint in the world!,"{'term': array([''], dtype=object), 'polarity': array([''], dtype=object), 'from': array([0], dtype=int16), 'to': array([0], dtype=int16)}"
813,"  The computer is so slow, even after paying staples the extra money to speed it up.","{'term': array([''], dtype=object), 'polarity': array([''], dtype=object), 'from': array([0], dtype=int16), 'to': array([0], dtype=int16)}"
1735,I feel that enough people have Macs these days and that companies need to start making things more compatable than they used to be.,"{'term': array([''], dtype=object), 'polarity': array([''], dtype=object), 'from': array([0], dtype=int16), 'to': array([0], dtype=int16)}"
2096,"The price premium is a little much, but when you start looking at the features it is worth the added cash.","{'term': array(['price premium', 'features'], dtype=object), 'polarity': array(['negative', 'positive'], dtype=object), 'from': array([ 4, 70], dtype=int16), 'to': array([17, 78], dtype=int16)}"
633,*5 weeks after giving the computer for repair*-Apple offers to send replacement after they receive the old computer.,"{'term': array([''], dtype=object), 'polarity': array([''], dtype=object), 'from': array([0], dtype=int16), 'to': array([0], dtype=int16)}"
714,I can't say enough of how satisfied I am with their product and help aftermarket.,"{'term': array(['product and help aftermarket'], dtype=object), 'polarity': array(['positive'], dtype=object), 'from': array([52], dtype=int16), 'to': array([80], dtype=int16)}"
1404,My computer was one of the best in the school compared to my fellow classmates.,"{'term': array([''], dtype=object), 'polarity': array([''], dtype=object), 'from': array([0], dtype=int16), 'to': array([0], dtype=int16)}"
862,I bought for my son in the 2nd grade.,"{'term': array([''], dtype=object), 'polarity': array([''], dtype=object), 'from': array([0], dtype=int16), 'to': array([0], dtype=int16)}"
1023,This has happened three times so far.,"{'term': array([''], dtype=object), 'polarity': array([''], dtype=object), 'from': array([0], dtype=int16), 'to': array([0], dtype=int16)}"
827,"   I'm a professional consultant, and a client needed work on her machine.","{'term': array([''], dtype=object), 'polarity': array([''], dtype=object), 'from': array([0], dtype=int16), 'to': array([0], dtype=int16)}"
923,compresses itself and you can't use it.,"{'term': array([''], dtype=object), 'polarity': array([''], dtype=object), 'from': array([0], dtype=int16), 'to': array([0], dtype=int16)}"
1973,Microsoft word was not on it andI had to buy it seperately.,"{'term': array(['Microsoft word'], dtype=object), 'polarity': array(['negative'], dtype=object), 'from': array([0], dtype=int16), 'to': array([14], dtype=int16)}"
2304,"it has 3 usb ports, 1 sd memory card reader and an sd memory car expansion.","{'term': array(['usb ports', 'sd memory card reader', 'sd memory car expansion'],
      dtype=object), 'polarity': array(['neutral', 'neutral', 'neutral'], dtype=object), 'from': array([ 9, 22, 51], dtype=int16), 'to': array([18, 43, 74], dtype=int16)}"
1313,"Who knows what will happen later on when they dismantle the whole damn thing?  So, I said I wanted a new set.","{'term': array([''], dtype=object), 'polarity': array([''], dtype=object), 'from': array([0], dtype=int16), 'to': array([0], dtype=int16)}"
2276,"I connect a LaCie 2Big external drive via the firewire 800 interface, which is useful for Time Machine.","{'term': array(['LaCie 2Big external drive', 'firewire 800 interface',
       'Time Machine'], dtype=object), 'polarity': array(['neutral', 'positive', 'neutral'], dtype=object), 'from': array([12, 46, 90], dtype=int16), 'to': array([ 37,  68, 102], dtype=int16)}"
3054,"If you already own a 2009, 2010, or early 2011 model, you should wait until the next update.","{'term': array([''], dtype=object), 'polarity': array([''], dtype=object), 'from': array([0], dtype=int16), 'to': array([0], dtype=int16)}"
1953,"My Toshiba did not have sound on everything, just certain things.","{'term': array(['sound'], dtype=object), 'polarity': array(['negative'], dtype=object), 'from': array([24], dtype=int16), 'to': array([29], dtype=int16)}"
2755,"I am overall very pleased with my toshiba satellite, I like the extra features, I love the windows 7 home premium.","{'term': array(['extra features', 'windows 7 home premium'], dtype=object), 'polarity': array(['positive', 'positive'], dtype=object), 'from': array([64, 91], dtype=int16), 'to': array([ 78, 113], dtype=int16)}"
184,"So, I must say I am not a happy camper.","{'term': array([''], dtype=object), 'polarity': array([''], dtype=object), 'from': array([0], dtype=int16), 'to': array([0], dtype=int16)}"
622,"-Called MacHouse Amsterdam to ask for a temporary replacement, no answer.","{'term': array([''], dtype=object), 'polarity': array([''], dtype=object), 'from': array([0], dtype=int16), 'to': array([0], dtype=int16)}"
744,The Aspire wont even boot past the Acer screen with a Droid (I have tried both Motorola and HTC) plugged into the USB port.,"{'term': array(['Acer screen', 'USB port', 'boot'], dtype=object), 'polarity': array(['negative', 'negative', 'negative'], dtype=object), 'from': array([ 35, 114,  21], dtype=int16), 'to': array([ 46, 122,  25], dtype=int16)}"
1281,I bought it during the recent Comex IT show.,"{'term': array([''], dtype=object), 'polarity': array([''], dtype=object), 'from': array([0], dtype=int16), 'to': array([0], dtype=int16)}"
1963,The battery life was shorter than expected.,"{'term': array(['battery life'], dtype=object), 'polarity': array(['negative'], dtype=object), 'from': array([4], dtype=int16), 'to': array([16], dtype=int16)}"
70,It fires up in the morning in less than 30 seconds and I have never had any issues with it freezing.,"{'term': array(['fires up'], dtype=object), 'polarity': array(['positive'], dtype=object), 'from': array([3], dtype=int16), 'to': array([11], dtype=int16)}"
1611,It doesnt overheat or make any loud noises.,"{'term': array([''], dtype=object), 'polarity': array([''], dtype=object), 'from': array([0], dtype=int16), 'to': array([0], dtype=int16)}"
2342,Look up recipes and keep it on the kitchen counter while I cook.,"{'term': array([''], dtype=object), 'polarity': array([''], dtype=object), 'from': array([0], dtype=int16), 'to': array([0], dtype=int16)}"
151,The keyboard is top notch.,"{'term': array(['keyboard'], dtype=object), 'polarity': array(['positive'], dtype=object), 'from': array([4], dtype=int16), 'to': array([12], dtype=int16)}"
1319,Do you think the shop will give me a new set?? It will NOT!,"{'term': array([''], dtype=object), 'polarity': array([''], dtype=object), 'from': array([0], dtype=int16), 'to': array([0], dtype=int16)}"
2850,I have had nothing but problems since the day I took it out of the box!,"{'term': array([''], dtype=object), 'polarity': array([''], dtype=object), 'from': array([0], dtype=int16), 'to': array([0], dtype=int16)}"
2556,My Macbook was worth (after 3 years of use!) $375.,"{'term': array([''], dtype=object), 'polarity': array([''], dtype=object), 'from': array([0], dtype=int16), 'to': array([0], dtype=int16)}"
1734,It drives me crazy when I want to download a game or something of that nature and I can't play it because its not compatable with the software.,"{'term': array(['software'], dtype=object), 'polarity': array(['negative'], dtype=object), 'from': array([134], dtype=int16), 'to': array([142], dtype=int16)}"
1617,The online tutorial videos make it super easy to learn if you have always used a PC.,"{'term': array(['online tutorial videos'], dtype=object), 'polarity': array(['positive'], dtype=object), 'from': array([4], dtype=int16), 'to': array([26], dtype=int16)}"
912,Bought this gateway M-50 or 150 early 2007.,"{'term': array([''], dtype=object), 'polarity': array([''], dtype=object), 'from': array([0], dtype=int16), 'to': array([0], dtype=int16)}"
1476,"The image is great, and the soud is excelent.","{'term': array(['image', 'soud'], dtype=object), 'polarity': array(['positive', 'positive'], dtype=object), 'from': array([ 4, 28], dtype=int16), 'to': array([ 9, 32], dtype=int16)}"
1623,With a MAC computer I have more free time as I don't have to wait for windows to boot up or shut down and all the viruses associated with windows.,"{'term': array(['windows', 'boot up', 'shut down', 'windows'], dtype=object), 'polarity': array(['negative', 'negative', 'negative', 'negative'], dtype=object), 'from': array([ 70,  81,  92, 138], dtype=int16), 'to': array([ 77,  88, 101, 145], dtype=int16)}"
451,It was very easy to just pick up and use-- It did not take long to get used to the Mac OS.,"{'term': array(['Mac OS', 'use'], dtype=object), 'polarity': array(['positive', 'positive'], dtype=object), 'from': array([83, 37], dtype=int16), 'to': array([89, 40], dtype=int16)}"
1544,"This netbook is a perfect supplementary computer to another laptop or desktop (my wife and I have another laptop), or if you are a user who uses the computer for simple tasks.","{'term': array([''], dtype=object), 'polarity': array([''], dtype=object), 'from': array([0], dtype=int16), 'to': array([0], dtype=int16)}"
149,"With all the goodies inside this machine, it is a value.","{'term': array([''], dtype=object), 'polarity': array([''], dtype=object), 'from': array([0], dtype=int16), 'to': array([0], dtype=int16)}"
1222,I took it back for a full refund.,"{'term': array([''], dtype=object), 'polarity': array([''], dtype=object), 'from': array([0], dtype=int16), 'to': array([0], dtype=int16)}"
2956,"It is well worth the money it cost, Very good investment.","{'term': array(['cost'], dtype=object), 'polarity': array(['positive'], dtype=object), 'from': array([30], dtype=int16), 'to': array([34], dtype=int16)}"
720,"Upgrading from Windows 7 Starter, thru Windows 7 Home Premium, to Windows 7 Professional was a snap;","{'term': array(['Windows 7 Starter', 'Windows 7 Home Premium',
       'Windows 7 Professional'], dtype=object), 'polarity': array(['neutral', 'neutral', 'neutral'], dtype=object), 'from': array([15, 39, 66], dtype=int16), 'to': array([32, 61, 88], dtype=int16)}"
740,This computer had exactly the specifications I needed.,"{'term': array(['specifications'], dtype=object), 'polarity': array(['positive'], dtype=object), 'from': array([30], dtype=int16), 'to': array([44], dtype=int16)}"
2442,"Overall, still a very nice machine.","{'term': array([''], dtype=object), 'polarity': array([''], dtype=object), 'from': array([0], dtype=int16), 'to': array([0], dtype=int16)}"
2125,"Where you click and hold and drag it picture, link, etc to where you want it.","{'term': array([''], dtype=object), 'polarity': array([''], dtype=object), 'from': array([0], dtype=int16), 'to': array([0], dtype=int16)}"
2564,My kids (and dogs) destroyed two power cords by pulling on them.,"{'term': array(['power cords'], dtype=object), 'polarity': array(['neutral'], dtype=object), 'from': array([33], dtype=int16), 'to': array([44], dtype=int16)}"
3016,"I had upgraded my old MacBook to Lion, so I kind of knew what I was getting, but hadn't been able to enjoy some of the awesome new multi-touch features.","{'term': array(['multi-touch features'], dtype=object), 'polarity': array(['positive'], dtype=object), 'from': array([131], dtype=int16), 'to': array([151], dtype=int16)}"
806,I had this computer for one month and had to send it in for repair.,"{'term': array([''], dtype=object), 'polarity': array([''], dtype=object), 'from': array([0], dtype=int16), 'to': array([0], dtype=int16)}"
2778,"The screen is a little glary, and I hated the clicking buttons, but I got used to them.","{'term': array(['screen', 'clicking buttons'], dtype=object), 'polarity': array(['negative', 'negative'], dtype=object), 'from': array([ 4, 46], dtype=int16), 'to': array([10, 62], dtype=int16)}"
2174,"Not to mention, the battery life is absolutely amazing.","{'term': array(['battery life'], dtype=object), 'polarity': array(['positive'], dtype=object), 'from': array([20], dtype=int16), 'to': array([32], dtype=int16)}"
157,"I realize that not every unit has this issue, but the ones that do cannot be repaired.","{'term': array([''], dtype=object), 'polarity': array([''], dtype=object), 'from': array([0], dtype=int16), 'to': array([0], dtype=int16)}"
1522,I have had a Mac for 6 years and won't go back to PC.,"{'term': array([''], dtype=object), 'polarity': array([''], dtype=object), 'from': array([0], dtype=int16), 'to': array([0], dtype=int16)}"
2535,i love to use it it is esay and light.,"{'term': array([''], dtype=object), 'polarity': array([''], dtype=object), 'from': array([0], dtype=int16), 'to': array([0], dtype=int16)}"
1378,Windows also shuts the computer down for no reason without warning.,"{'term': array(['Windows'], dtype=object), 'polarity': array(['negative'], dtype=object), 'from': array([0], dtype=int16), 'to': array([7], dtype=int16)}"
2999,not using wired lan not sure what thats about.,"{'term': array(['wired lan'], dtype=object), 'polarity': array(['neutral'], dtype=object), 'from': array([10], dtype=int16), 'to': array([19], dtype=int16)}"
1930,After about another month I had to send it in AGAIN to Acer for repairs.,"{'term': array([''], dtype=object), 'polarity': array([''], dtype=object), 'from': array([0], dtype=int16), 'to': array([0], dtype=int16)}"
222,The macbook rarely requires a hard reboot.,"{'term': array(['hard reboot'], dtype=object), 'polarity': array(['conflict'], dtype=object), 'from': array([30], dtype=int16), 'to': array([41], dtype=int16)}"
2802,I LOVE it!,"{'term': array([''], dtype=object), 'polarity': array([''], dtype=object), 'from': array([0], dtype=int16), 'to': array([0], dtype=int16)}"
1512,The #1 reason that is always repeated.,"{'term': array([''], dtype=object), 'polarity': array([''], dtype=object), 'from': array([0], dtype=int16), 'to': array([0], dtype=int16)}"
1189,Now for the hardware problems.,"{'term': array(['hardware'], dtype=object), 'polarity': array(['negative'], dtype=object), 'from': array([12], dtype=int16), 'to': array([20], dtype=int16)}"
1356,"Unfortunately, that is not the case.","{'term': array([''], dtype=object), 'polarity': array([''], dtype=object), 'from': array([0], dtype=int16), 'to': array([0], dtype=int16)}"
2070,Anyways I bought this two months ago and when I first brought it home it kept giving me a message about a vibration in the hard drive and it is putting it temporaly in save zone.,"{'term': array(['hard drive'], dtype=object), 'polarity': array(['negative'], dtype=object), 'from': array([123], dtype=int16), 'to': array([133], dtype=int16)}"
2076,It's fast and has excellent battery life.,"{'term': array(['battery life'], dtype=object), 'polarity': array(['positive'], dtype=object), 'from': array([28], dtype=int16), 'to': array([40], dtype=int16)}"
603,It's face and depanable.,"{'term': array([''], dtype=object), 'polarity': array([''], dtype=object), 'from': array([0], dtype=int16), 'to': array([0], dtype=int16)}"
1513,No Viruses!,"{'term': array([''], dtype=object), 'polarity': array([''], dtype=object), 'from': array([0], dtype=int16), 'to': array([0], dtype=int16)}"
1787,"I'm just really happy that I waited to buy, because this thing kicks a$$!","{'term': array([''], dtype=object), 'polarity': array([''], dtype=object), 'from': array([0], dtype=int16), 'to': array([0], dtype=int16)}"
930,"  The Hewitt Packard Pavillion dv6700 was my first laptop, before this I had a Dell desktop that I loved.","{'term': array([''], dtype=object), 'polarity': array([''], dtype=object), 'from': array([0], dtype=int16), 'to': array([0], dtype=int16)}"
612,Apple care included.,"{'term': array(['Apple care'], dtype=object), 'polarity': array(['neutral'], dtype=object), 'from': array([0], dtype=int16), 'to': array([10], dtype=int16)}"
470,It was an all around waste of money for me.,"{'term': array([''], dtype=object), 'polarity': array([''], dtype=object), 'from': array([0], dtype=int16), 'to': array([0], dtype=int16)}"
1320,I worked in IT retail sales before.,"{'term': array([''], dtype=object), 'polarity': array([''], dtype=object), 'from': array([0], dtype=int16), 'to': array([0], dtype=int16)}"
2706,Features like the font are very block-like and old school.,"{'term': array(['font', 'Features'], dtype=object), 'polarity': array(['negative', 'negative'], dtype=object), 'from': array([18,  0], dtype=int16), 'to': array([22,  8], dtype=int16)}"
2997,It has everything you need to get the job done.,"{'term': array([''], dtype=object), 'polarity': array([''], dtype=object), 'from': array([0], dtype=int16), 'to': array([0], dtype=int16)}"
2954,"It is loaded with programs that is of no good for the average user, that makes it run way to slow.","{'term': array(['programs', 'run'], dtype=object), 'polarity': array(['negative', 'negative'], dtype=object), 'from': array([18, 82], dtype=int16), 'to': array([26, 85], dtype=int16)}"
1874,"I feel that it was poorly put together, because once in a while different plastic pieces would come off of it.","{'term': array(['plastic\xa0pieces'], dtype=object), 'polarity': array(['negative'], dtype=object), 'from': array([74], dtype=int16), 'to': array([88], dtype=int16)}"
2834,it cant fuction well with lots of webpages open at once.,"{'term': array([''], dtype=object), 'polarity': array([''], dtype=object), 'from': array([0], dtype=int16), 'to': array([0], dtype=int16)}"
1546,"Finally, I should note that I took the 2GB RAM stick from my old EeePC and installed it before I even powered on for the first time.","{'term': array(['2GB RAM stick'], dtype=object), 'polarity': array(['neutral'], dtype=object), 'from': array([39], dtype=int16), 'to': array([52], dtype=int16)}"
1939,This laptop has left me with a HORRIBLE taste in my mouth for Acer brand products.,"{'term': array([''], dtype=object), 'polarity': array([''], dtype=object), 'from': array([0], dtype=int16), 'to': array([0], dtype=int16)}"
2840,its not bad just VERY VERY annoying.,"{'term': array([''], dtype=object), 'polarity': array([''], dtype=object), 'from': array([0], dtype=int16), 'to': array([0], dtype=int16)}"
484,"Well, maybe more like week one.","{'term': array([''], dtype=object), 'polarity': array([''], dtype=object), 'from': array([0], dtype=int16), 'to': array([0], dtype=int16)}"
2003,Windows is also rather unsteady on its feet and is susceptible to many bugs.,"{'term': array(['Windows'], dtype=object), 'polarity': array(['negative'], dtype=object), 'from': array([0], dtype=int16), 'to': array([7], dtype=int16)}"
1180,"After sending out documents via email and having recipients tell me they could not open the documents or they came through as gibberish, I broke down and spent another $100 to get Microsoft Word for Mac.","{'term': array(['Microsoft Word for Mac'], dtype=object), 'polarity': array(['neutral'], dtype=object), 'from': array([180], dtype=int16), 'to': array([202], dtype=int16)}"
875,"I believe I purchased this in Dec 09 for my primary work laptop which is used 5-10 hours a day, 4-6 days a week.","{'term': array([''], dtype=object), 'polarity': array([''], dtype=object), 'from': array([0], dtype=int16), 'to': array([0], dtype=int16)}"
809,DO NOT BUY GATEWAY COMPUTERS THEY ARE JUNK AND THE WARRANTY COMPANY IS HORRIBLE.,"{'term': array(['WARRANTY COMPANY'], dtype=object), 'polarity': array(['negative'], dtype=object), 'from': array([51], dtype=int16), 'to': array([67], dtype=int16)}"
799,then on top of it all their cusromer service center is in the middle east.,"{'term': array(['cusromer service center'], dtype=object), 'polarity': array(['negative'], dtype=object), 'from': array([28], dtype=int16), 'to': array([51], dtype=int16)}"
1668,The only bad part is the size/weight.,"{'term': array(['size', 'weight'], dtype=object), 'polarity': array(['negative', 'negative'], dtype=object), 'from': array([25, 30], dtype=int16), 'to': array([29, 36], dtype=int16)}"
274,The little battery that it did have would only last about an hour while just having it on the desktop.,"{'term': array(['battery'], dtype=object), 'polarity': array(['negative'], dtype=object), 'from': array([11], dtype=int16), 'to': array([18], dtype=int16)}"
2128,I liked the aluminum body.,"{'term': array(['aluminum body'], dtype=object), 'polarity': array(['positive'], dtype=object), 'from': array([12], dtype=int16), 'to': array([25], dtype=int16)}"
2237,also it is light weight compared to others.,"{'term': array([''], dtype=object), 'polarity': array([''], dtype=object), 'from': array([0], dtype=int16), 'to': array([0], dtype=int16)}"
2456,Its good for playing my apps on Facebook or watching movies.,"{'term': array(['watching movies', 'playing'], dtype=object), 'polarity': array(['positive', 'positive'], dtype=object), 'from': array([44, 13], dtype=int16), 'to': array([59, 20], dtype=int16)}"
353,"From the build quality to the performance, everything about it has been sub-par from what I would have expected from Apple.","{'term': array(['build quality', 'performance'], dtype=object), 'polarity': array(['negative', 'negative'], dtype=object), 'from': array([ 9, 30], dtype=int16), 'to': array([22, 41], dtype=int16)}"
2290,"I love the dock where I can simply drop a file ontop of a particular program, and the program will simply open that file.","{'term': array(['dock', 'program', 'program'], dtype=object), 'polarity': array(['positive', 'neutral', 'positive'], dtype=object), 'from': array([11, 69, 86], dtype=int16), 'to': array([15, 76, 93], dtype=int16)}"
1121,"Sorry, newegg.","{'term': array([''], dtype=object), 'polarity': array([''], dtype=object), 'from': array([0], dtype=int16), 'to': array([0], dtype=int16)}"
134,Be safe buy a Sony.,"{'term': array([''], dtype=object), 'polarity': array([''], dtype=object), 'from': array([0], dtype=int16), 'to': array([0], dtype=int16)}"
347,pretty much everything else about the computer is good it just stops working out of no were.,"{'term': array(['working'], dtype=object), 'polarity': array(['negative'], dtype=object), 'from': array([69], dtype=int16), 'to': array([76], dtype=int16)}"
1813,Originally bought it for my wife.,"{'term': array([''], dtype=object), 'polarity': array([''], dtype=object), 'from': array([0], dtype=int16), 'to': array([0], dtype=int16)}"
655,It was truly a great computer costing less than one thousand bucks before tax.,"{'term': array(['costing'], dtype=object), 'polarity': array(['positive'], dtype=object), 'from': array([30], dtype=int16), 'to': array([37], dtype=int16)}"
2510,"Waiting for the i7 was well worth it, great value for the price.","{'term': array(['price', 'i7'], dtype=object), 'polarity': array(['positive', 'positive'], dtype=object), 'from': array([58, 16], dtype=int16), 'to': array([63, 18], dtype=int16)}"
1615,I bought this laptop on Saturday and am completely in love with it!,"{'term': array([''], dtype=object), 'polarity': array([''], dtype=object), 'from': array([0], dtype=int16), 'to': array([0], dtype=int16)}"
844,"I  asked how they would determine that since there are no scratches, dents  or other signs of damage and was told that was the only way this type of  damage could happen.","{'term': array([''], dtype=object), 'polarity': array([''], dtype=object), 'from': array([0], dtype=int16), 'to': array([0], dtype=int16)}"
884,"Now,,,,,my monitor has been acting up for about 2 months.","{'term': array(['monitor'], dtype=object), 'polarity': array(['negative'], dtype=object), 'from': array([11], dtype=int16), 'to': array([18], dtype=int16)}"
2785,"Also, the extended warranty was a problem.","{'term': array(['extended warranty'], dtype=object), 'polarity': array(['negative'], dtype=object), 'from': array([10], dtype=int16), 'to': array([27], dtype=int16)}"
2443,Boots up fast and runs great!,"{'term': array(['Boots up', 'runs'], dtype=object), 'polarity': array(['positive', 'positive'], dtype=object), 'from': array([ 0, 18], dtype=int16), 'to': array([ 8, 22], dtype=int16)}"
81,Lightweight and the screen is beautiful!,"{'term': array(['screen'], dtype=object), 'polarity': array(['positive'], dtype=object), 'from': array([20], dtype=int16), 'to': array([26], dtype=int16)}"
89,"Buy it, love it, and I promise you won't regret it.","{'term': array([''], dtype=object), 'polarity': array([''], dtype=object), 'from': array([0], dtype=int16), 'to': array([0], dtype=int16)}"
2114,I needed a driver for my HP and they would not help me with out me paying over $50 for it.,"{'term': array(['driver'], dtype=object), 'polarity': array(['neutral'], dtype=object), 'from': array([11], dtype=int16), 'to': array([17], dtype=int16)}"
1670,"If you don't like fingerprints, this might not be the laptop for you.","{'term': array([''], dtype=object), 'polarity': array([''], dtype=object), 'from': array([0], dtype=int16), 'to': array([0], dtype=int16)}"
764,"Call tech support, standard email the form and fax it back in to us.","{'term': array(['tech support'], dtype=object), 'polarity': array(['neutral'], dtype=object), 'from': array([5], dtype=int16), 'to': array([17], dtype=int16)}"
525,"Just a month and a half or two months ago, my VAIO crashed again.","{'term': array([''], dtype=object), 'polarity': array([''], dtype=object), 'from': array([0], dtype=int16), 'to': array([0], dtype=int16)}"
435,They sent it back with a huge crack in it and it still didn't work.,"{'term': array(['work'], dtype=object), 'polarity': array(['negative'], dtype=object), 'from': array([62], dtype=int16), 'to': array([66], dtype=int16)}"
914," A coupla months later, they change my hard drive.","{'term': array(['hard drive'], dtype=object), 'polarity': array(['negative'], dtype=object), 'from': array([39], dtype=int16), 'to': array([49], dtype=int16)}"
177,I did contact HP and share how unhappy I am.,"{'term': array([''], dtype=object), 'polarity': array([''], dtype=object), 'from': array([0], dtype=int16), 'to': array([0], dtype=int16)}"
1776,"The Macbook arrived in a nice twin packing and sealed in the box, all the functions works great.","{'term': array(['twin packing', 'functions'], dtype=object), 'polarity': array(['positive', 'positive'], dtype=object), 'from': array([30, 74], dtype=int16), 'to': array([42, 83], dtype=int16)}"
330,"The 13"" MacBook Pro is portable, durable, and very capable.","{'term': array([''], dtype=object), 'polarity': array([''], dtype=object), 'from': array([0], dtype=int16), 'to': array([0], dtype=int16)}"
865,I should have spent an extra hundred bucks and got a full sized computer.,"{'term': array([''], dtype=object), 'polarity': array([''], dtype=object), 'from': array([0], dtype=int16), 'to': array([0], dtype=int16)}"
1791,Great overall.,"{'term': array([''], dtype=object), 'polarity': array([''], dtype=object), 'from': array([0], dtype=int16), 'to': array([0], dtype=int16)}"
549,My smart phone is faster!,"{'term': array([''], dtype=object), 'polarity': array([''], dtype=object), 'from': array([0], dtype=int16), 'to': array([0], dtype=int16)}"
1212,They say sorry out of warranty.,"{'term': array(['warranty'], dtype=object), 'polarity': array(['negative'], dtype=object), 'from': array([22], dtype=int16), 'to': array([30], dtype=int16)}"
2169,I have full control at all times of what is going on - there is no control+alt+delete business anymore.,"{'term': array([''], dtype=object), 'polarity': array([''], dtype=object), 'from': array([0], dtype=int16), 'to': array([0], dtype=int16)}"
2845,I bought this laptop because of the performance to price ratio.,"{'term': array(['performance', 'price'], dtype=object), 'polarity': array(['positive', 'positive'], dtype=object), 'from': array([36, 51], dtype=int16), 'to': array([47, 56], dtype=int16)}"
756,PC never worked right even after BIOS fixed.,"{'term': array(['BIOS'], dtype=object), 'polarity': array(['negative'], dtype=object), 'from': array([33], dtype=int16), 'to': array([37], dtype=int16)}"
2600,"After having two PC laptops die with in the past 3 years, I was led to the Apple display at Best Buy by the sleek design and promise of less tech issues.","{'term': array(['design', 'tech issues'], dtype=object), 'polarity': array(['positive', 'positive'], dtype=object), 'from': array([114, 141], dtype=int16), 'to': array([120, 152], dtype=int16)}"
2327,"I have a laptop as my regular computer, but found that disconnecting it and lugging it around was a drag.","{'term': array([''], dtype=object), 'polarity': array([''], dtype=object), 'from': array([0], dtype=int16), 'to': array([0], dtype=int16)}"
3012,This is my second MacBook.,"{'term': array([''], dtype=object), 'polarity': array([''], dtype=object), 'from': array([0], dtype=int16), 'to': array([0], dtype=int16)}"
1696,The size is perfect and I do not recomend anything bigger except for any person who can exceed the limited space it gives you.,"{'term': array(['size', 'space'], dtype=object), 'polarity': array(['positive', 'negative'], dtype=object), 'from': array([  4, 107], dtype=int16), 'to': array([  8, 112], dtype=int16)}"
1479,The service I received from Toshiba went above and beyond the call of duty.,"{'term': array(['service'], dtype=object), 'polarity': array(['positive'], dtype=object), 'from': array([4], dtype=int16), 'to': array([11], dtype=int16)}"
2909,"Have had many higher priced computers crash and burn long before ever got to use all that great memory and speed, etc.","{'term': array(['memory', 'speed', 'priced'], dtype=object), 'polarity': array(['negative', 'negative', 'negative'], dtype=object), 'from': array([ 96, 107,  21], dtype=int16), 'to': array([102, 112,  27], dtype=int16)}"
2937,I would recommend it just because of the internet speed probably because thats the only thing i really care about.,"{'term': array(['internet speed'], dtype=object), 'polarity': array(['positive'], dtype=object), 'from': array([41], dtype=int16), 'to': array([55], dtype=int16)}"
1784,I own other Macs but always find myself navigation to the MacBook Pro to get my work done.,"{'term': array([''], dtype=object), 'polarity': array([''], dtype=object), 'from': array([0], dtype=int16), 'to': array([0], dtype=int16)}"
453,"There are several programs for school or office use (Pages, Numbers, Keynote, etc.), music (Garageband), photo management (Photo Booth, iPhoto), video-editing or movie-making (iMovie), etc.","{'term': array(['programs', 'Garageband', 'Photo Booth', 'iPhoto', 'iMovie',
       'video-editing', 'movie-making', 'photo management', 'music',
       'Pages', 'Numbers', 'Keynote', 'school or office use'],
      dtype=object), 'polarity': array(['neutral', 'neutral', 'neutral', 'neutral', 'neutral', 'neutral',
       'neutral', 'neutral', 'neutral', 'neutral', 'neutral', 'neutral',
       'neutral'], dtype=object), 'from': array([ 18,  92, 123, 136, 176, 145, 162, 105,  85,  53,  60,  69,  31],
      dtype=int16), 'to': array([ 26, 102, 134, 142, 182, 158, 174, 121,  90,  58,  67,  76,  51],
      dtype=int16)}"
439,This is my 3rd Apple Laptop and first MacBook Pro.,"{'term': array([''], dtype=object), 'polarity': array([''], dtype=object), 'from': array([0], dtype=int16), 'to': array([0], dtype=int16)}"
2925,I have had this laptop for a few months now and i would say im pretty satisfied.,"{'term': array([''], dtype=object), 'polarity': array([''], dtype=object), 'from': array([0], dtype=int16), 'to': array([0], dtype=int16)}"
929,The love part of my relationship with this laptop doesn't take very long.,"{'term': array([''], dtype=object), 'polarity': array([''], dtype=object), 'from': array([0], dtype=int16), 'to': array([0], dtype=int16)}"
2804,Not enough time for me to give it 5 stars!,"{'term': array([''], dtype=object), 'polarity': array([''], dtype=object), 'from': array([0], dtype=int16), 'to': array([0], dtype=int16)}"
2077,The screen shows great colors.,"{'term': array(['screen', 'colors'], dtype=object), 'polarity': array(['positive', 'positive'], dtype=object), 'from': array([ 4, 23], dtype=int16), 'to': array([10, 29], dtype=int16)}"
2622,"Reason why? It's because when you buy it, you know first thing that you will not lose any value for that laptop, the price will stay the same for the next year, and even if Apple does decides to change mode, your laptop value will only drop 10-20%, unlike PC laptops which drop more than 80%.","{'term': array(['value', 'price', 'value'], dtype=object), 'polarity': array(['positive', 'positive', 'positive'], dtype=object), 'from': array([ 90, 117, 220], dtype=int16), 'to': array([ 95, 122, 225], dtype=int16)}"
1093,That's a huge difference.,"{'term': array([''], dtype=object), 'polarity': array([''], dtype=object), 'from': array([0], dtype=int16), 'to': array([0], dtype=int16)}"
225,"Dells are ok, HPs aren't that good, but Macs or Fantastic.","{'term': array([''], dtype=object), 'polarity': array([''], dtype=object), 'from': array([0], dtype=int16), 'to': array([0], dtype=int16)}"
1100,"  So, buyers beware!","{'term': array([''], dtype=object), 'polarity': array([''], dtype=object), 'from': array([0], dtype=int16), 'to': array([0], dtype=int16)}"
2523,I am totally satisfied with my little toshie!,"{'term': array([''], dtype=object), 'polarity': array([''], dtype=object), 'from': array([0], dtype=int16), 'to': array([0], dtype=int16)}"
970,"I have no idea how to burn cd's or to use the web cam, just for starters.","{'term': array(['web cam', ""burn cd's""], dtype=object), 'polarity': array(['neutral', 'neutral'], dtype=object), 'from': array([46, 22], dtype=int16), 'to': array([53, 31], dtype=int16)}"
1935,"Again, I sent it off to Acer, by this time they were paying for me to send it to them and everything, but it was still inconvienent because of my classes and my communication with my fiance.","{'term': array([''], dtype=object), 'polarity': array([''], dtype=object), 'from': array([0], dtype=int16), 'to': array([0], dtype=int16)}"
11,DEFINITELY recommended!!!,"{'term': array([''], dtype=object), 'polarity': array([''], dtype=object), 'from': array([0], dtype=int16), 'to': array([0], dtype=int16)}"
2569,It is extremely user friendly and intuitive.,"{'term': array([''], dtype=object), 'polarity': array([''], dtype=object), 'from': array([0], dtype=int16), 'to': array([0], dtype=int16)}"
3010,Let me start with the good:So awesome.,"{'term': array([''], dtype=object), 'polarity': array([''], dtype=object), 'from': array([0], dtype=int16), 'to': array([0], dtype=int16)}"
1634,I had finally reached my limit and broke down.,"{'term': array([''], dtype=object), 'polarity': array([''], dtype=object), 'from': array([0], dtype=int16), 'to': array([0], dtype=int16)}"
2414,"The 17 inch screen is very large, but the computer is very light.","{'term': array(['17 inch screen'], dtype=object), 'polarity': array(['negative'], dtype=object), 'from': array([4], dtype=int16), 'to': array([18], dtype=int16)}"
832,"  My opinion of Sony has been dropping as fast as the stock market, given their horrible support, but this machine just caused another plunge.","{'term': array(['support'], dtype=object), 'polarity': array(['negative'], dtype=object), 'from': array([89], dtype=int16), 'to': array([96], dtype=int16)}"
1205,"Do I like the computer? Well, other than not getting viruses, I guess it is OK.","{'term': array([''], dtype=object), 'polarity': array([''], dtype=object), 'from': array([0], dtype=int16), 'to': array([0], dtype=int16)}"
1064,"For the Bluetooth to work properly, you must install the Launch Manager on the Drivers/Applications DVD, or it will not show after the reload.","{'term': array(['Bluetooth', 'Drivers/Applications DVD', 'Launch Manager'],
      dtype=object), 'polarity': array(['neutral', 'neutral', 'neutral'], dtype=object), 'from': array([ 8, 79, 57], dtype=int16), 'to': array([ 17, 103,  71], dtype=int16)}"
2037,I waited and waited and no laptop.,"{'term': array([''], dtype=object), 'polarity': array([''], dtype=object), 'from': array([0], dtype=int16), 'to': array([0], dtype=int16)}"
1429,Everything is falling apart internally and externally.,"{'term': array([''], dtype=object), 'polarity': array([''], dtype=object), 'from': array([0], dtype=int16), 'to': array([0], dtype=int16)}"
2130,I also liked the glass screen.,"{'term': array(['glass screen'], dtype=object), 'polarity': array(['positive'], dtype=object), 'from': array([17], dtype=int16), 'to': array([29], dtype=int16)}"
2626,The switchable graphic card is pretty sweet when you want gaming on the laptop.,"{'term': array(['switchable graphic card', 'gaming'], dtype=object), 'polarity': array(['positive', 'neutral'], dtype=object), 'from': array([ 4, 58], dtype=int16), 'to': array([27, 64], dtype=int16)}"
1671,"It super shiny, so you can see the fingerprints easily.","{'term': array([''], dtype=object), 'polarity': array([''], dtype=object), 'from': array([0], dtype=int16), 'to': array([0], dtype=int16)}"
1315,"It's not a wear-and-tear issue, not due to user carelessness and most importantly, they CAN'T guarantee the problem will be solved if it is sent for service and I have to accept the outcome.","{'term': array(['service'], dtype=object), 'polarity': array(['negative'], dtype=object), 'from': array([149], dtype=int16), 'to': array([156], dtype=int16)}"
2756,"The battery life has not decreased since I bought it, so i'm thrilled with that.","{'term': array(['battery life'], dtype=object), 'polarity': array(['positive'], dtype=object), 'from': array([4], dtype=int16), 'to': array([16], dtype=int16)}"
548,Its a dog plain and simple.,"{'term': array([''], dtype=object), 'polarity': array([''], dtype=object), 'from': array([0], dtype=int16), 'to': array([0], dtype=int16)}"
1446,"When I called Toshiba, they would not do anything and even tried to charge me $35 for the phone call, even though they didn't offer any technical support.","{'term': array(['technical support'], dtype=object), 'polarity': array(['negative'], dtype=object), 'from': array([136], dtype=int16), 'to': array([153], dtype=int16)}"
168,My HP is very heavy.,"{'term': array([''], dtype=object), 'polarity': array([''], dtype=object), 'from': array([0], dtype=int16), 'to': array([0], dtype=int16)}"
922,I bought this notebook and only had it for 3 months If it is overload with updates the BOOT MGR.,"{'term': array(['BOOT MGR'], dtype=object), 'polarity': array(['neutral'], dtype=object), 'from': array([87], dtype=int16), 'to': array([95], dtype=int16)}"
2797,Oh and if thats not bad enough it doesn't come with a recovery cd so you can make one if you know how to or buy one if you buy it the cost is $25 for two cds.,"{'term': array(['recovery cd'], dtype=object), 'polarity': array(['negative'], dtype=object), 'from': array([54], dtype=int16), 'to': array([65], dtype=int16)}"
2863,The price and features more than met my needs.,"{'term': array(['price', 'features'], dtype=object), 'polarity': array(['positive', 'positive'], dtype=object), 'from': array([ 4, 14], dtype=int16), 'to': array([ 9, 22], dtype=int16)}"
638,They refuse.,"{'term': array([''], dtype=object), 'polarity': array([''], dtype=object), 'from': array([0], dtype=int16), 'to': array([0], dtype=int16)}"
2642,big mistake!,"{'term': array([''], dtype=object), 'polarity': array([''], dtype=object), 'from': array([0], dtype=int16), 'to': array([0], dtype=int16)}"
1000,Best Buy was great as always and accepted the return and gave me another model 1764.,"{'term': array([''], dtype=object), 'polarity': array([''], dtype=object), 'from': array([0], dtype=int16), 'to': array([0], dtype=int16)}"
200,and dell and best buy both refused to take it back after i only had it for 1 hour....,"{'term': array([''], dtype=object), 'polarity': array([''], dtype=object), 'from': array([0], dtype=int16), 'to': array([0], dtype=int16)}"
2887,My friends or children use that when they need to borrow the Net =) When I out grow this Meaning when its old and my oldest child is ready for one she will get this one ANd I will be buying only TOSHIBA!,"{'term': array([''], dtype=object), 'polarity': array([''], dtype=object), 'from': array([0], dtype=int16), 'to': array([0], dtype=int16)}"
993,"First of all, I've been Dell fan for more than fifteen years.","{'term': array([''], dtype=object), 'polarity': array([''], dtype=object), 'from': array([0], dtype=int16), 'to': array([0], dtype=int16)}"
2464,GREAT INVESTMENT!,"{'term': array([''], dtype=object), 'polarity': array([''], dtype=object), 'from': array([0], dtype=int16), 'to': array([0], dtype=int16)}"
1667,I am just amazed.,"{'term': array([''], dtype=object), 'polarity': array([''], dtype=object), 'from': array([0], dtype=int16), 'to': array([0], dtype=int16)}"
416,"I burned my leg, after lifting it from my desk, and for less than 5 second putting it on my lap to clean my coffee table, so I can place it there.","{'term': array([''], dtype=object), 'polarity': array([''], dtype=object), 'from': array([0], dtype=int16), 'to': array([0], dtype=int16)}"
2041,I thought all my problems would finally be solved being that my old computer wouldn't go onto our wireless network and I wouldn't have the same problems because it was updated.,"{'term': array([''], dtype=object), 'polarity': array([''], dtype=object), 'from': array([0], dtype=int16), 'to': array([0], dtype=int16)}"
240,Skype is just so dang cool with this machine too.,"{'term': array(['Skype'], dtype=object), 'polarity': array(['positive'], dtype=object), 'from': array([0], dtype=int16), 'to': array([5], dtype=int16)}"
2135,I would buy this lap top over and over again!,"{'term': array([''], dtype=object), 'polarity': array([''], dtype=object), 'from': array([0], dtype=int16), 'to': array([0], dtype=int16)}"
1393,the mouse buttons are hard to push.,"{'term': array(['mouse buttons'], dtype=object), 'polarity': array(['negative'], dtype=object), 'from': array([4], dtype=int16), 'to': array([17], dtype=int16)}"
2259,"I can actually get work done with this MAC, and not fight with it like my tired old PC laptop.","{'term': array([''], dtype=object), 'polarity': array([''], dtype=object), 'from': array([0], dtype=int16), 'to': array([0], dtype=int16)}"
1080,"Also, HDD secures inside using rails, and there is only one set on the main hard drive.","{'term': array(['HDD', 'rails', 'hard drive'], dtype=object), 'polarity': array(['positive', 'neutral', 'neutral'], dtype=object), 'from': array([ 6, 31, 76], dtype=int16), 'to': array([ 9, 36, 86], dtype=int16)}"
2695,"If you're not wanting to be mobile, this is a good laptop to sit on a desk.","{'term': array([''], dtype=object), 'polarity': array([''], dtype=object), 'from': array([0], dtype=int16), 'to': array([0], dtype=int16)}"
1506,I also travel with it and it never gives me any problems.,"{'term': array([''], dtype=object), 'polarity': array([''], dtype=object), 'from': array([0], dtype=int16), 'to': array([0], dtype=int16)}"
1837,Just don't waste your time and money on this.,"{'term': array([''], dtype=object), 'polarity': array([''], dtype=object), 'from': array([0], dtype=int16), 'to': array([0], dtype=int16)}"
532,All I will say now is that it was over two grand less expensive and so much better quality than my hunk of crap Vaio.,"{'term': array(['quality'], dtype=object), 'polarity': array(['positive'], dtype=object), 'from': array([83], dtype=int16), 'to': array([90], dtype=int16)}"
3047,"(Beware, their staff could send you back making you feel that only they know what a computer is.","{'term': array(['staff'], dtype=object), 'polarity': array(['negative'], dtype=object), 'from': array([15], dtype=int16), 'to': array([20], dtype=int16)}"
921,"And I'm still paying the bloody financing, for a product which didn't last me at least three years !","{'term': array([''], dtype=object), 'polarity': array([''], dtype=object), 'from': array([0], dtype=int16), 'to': array([0], dtype=int16)}"
1733,Games being the main issue.,"{'term': array(['Games'], dtype=object), 'polarity': array(['negative'], dtype=object), 'from': array([0], dtype=int16), 'to': array([5], dtype=int16)}"
2907,"No problems, no lock ups, no disappointments.","{'term': array([''], dtype=object), 'polarity': array([''], dtype=object), 'from': array([0], dtype=int16), 'to': array([0], dtype=int16)}"
1178,"While the computer seems to be set up in a common sense way rather than in geek-speak, there are certain quirks that can drive you crazy trying to deal with the PC world.","{'term': array([''], dtype=object), 'polarity': array([''], dtype=object), 'from': array([0], dtype=int16), 'to': array([0], dtype=int16)}"
2265,"I am definitely sold, and not going back to PCs for home use!","{'term': array([''], dtype=object), 'polarity': array([''], dtype=object), 'from': array([0], dtype=int16), 'to': array([0], dtype=int16)}"
119,"I have a lapdesk which I can use, but I can still feel the heat through the foam and plastic.","{'term': array([''], dtype=object), 'polarity': array([''], dtype=object), 'from': array([0], dtype=int16), 'to': array([0], dtype=int16)}"
68,and its really cheap and you wont regret buying it.,"{'term': array([''], dtype=object), 'polarity': array([''], dtype=object), 'from': array([0], dtype=int16), 'to': array([0], dtype=int16)}"
2746,It was over rated!,"{'term': array([''], dtype=object), 'polarity': array([''], dtype=object), 'from': array([0], dtype=int16), 'to': array([0], dtype=int16)}"
282,I dont understand how anyone can think this is a great product worth purchasing.,"{'term': array([''], dtype=object), 'polarity': array([''], dtype=object), 'from': array([0], dtype=int16), 'to': array([0], dtype=int16)}"
1532,My sister has the same Mac as me and she is in a band and uses GarageBand to record and edit.,"{'term': array(['GarageBand'], dtype=object), 'polarity': array(['neutral'], dtype=object), 'from': array([63], dtype=int16), 'to': array([73], dtype=int16)}"
2800,I wasn't really sure I wanted to spend that kind of money!,"{'term': array([''], dtype=object), 'polarity': array([''], dtype=object), 'from': array([0], dtype=int16), 'to': array([0], dtype=int16)}"
1042,Other Thoughts: Do not purchase this product.,"{'term': array([''], dtype=object), 'polarity': array([''], dtype=object), 'from': array([0], dtype=int16), 'to': array([0], dtype=int16)}"
640,They say that this will invalidate the warranty on the hard drive (I don't really understand why but anyway).,"{'term': array(['warranty', 'hard drive'], dtype=object), 'polarity': array(['negative', 'neutral'], dtype=object), 'from': array([39, 55], dtype=int16), 'to': array([47, 65], dtype=int16)}"
2238,and looks very sexyy:D  really the mac book pro is the best laptop specially for students in college if you are not caring about price.,"{'term': array(['price'], dtype=object), 'polarity': array(['negative'], dtype=object), 'from': array([129], dtype=int16), 'to': array([134], dtype=int16)}"
1907,  I took the computer back in yet again except this time they kept it to send into their Geek Squad headquarters.,"{'term': array([''], dtype=object), 'polarity': array([''], dtype=object), 'from': array([0], dtype=int16), 'to': array([0], dtype=int16)}"
78,This is a great laptop and I would recommend it to anyone.,"{'term': array([''], dtype=object), 'polarity': array([''], dtype=object), 'from': array([0], dtype=int16), 'to': array([0], dtype=int16)}"
891,"Thank God for ""ctrl Z""Bottom line, I've been using laptops since the mid 90s and probably the majority of brands out there.","{'term': array([''], dtype=object), 'polarity': array([''], dtype=object), 'from': array([0], dtype=int16), 'to': array([0], dtype=int16)}"
692,They definitely have a superior product!,"{'term': array([''], dtype=object), 'polarity': array([''], dtype=object), 'from': array([0], dtype=int16), 'to': array([0], dtype=int16)}"
1580,A great computer for light home use and business use.,"{'term': array(['home use', 'business use'], dtype=object), 'polarity': array(['positive', 'positive'], dtype=object), 'from': array([27, 40], dtype=int16), 'to': array([35, 52], dtype=int16)}"
2817,Bought it to use mostly for oline classes.,"{'term': array([''], dtype=object), 'polarity': array([''], dtype=object), 'from': array([0], dtype=int16), 'to': array([0], dtype=int16)}"
273,"Even with virus protection, it always turned off when updates were needed and installed.","{'term': array(['virus protection', 'updates'], dtype=object), 'polarity': array(['negative', 'negative'], dtype=object), 'from': array([10, 54], dtype=int16), 'to': array([26, 61], dtype=int16)}"
2679,"Also consider the MS Office apps are all trial versions, hope you have your own copies.","{'term': array(['MS Office apps'], dtype=object), 'polarity': array(['negative'], dtype=object), 'from': array([18], dtype=int16), 'to': array([32], dtype=int16)}"
415,"They are wonderful, but very dangerous when it comes to emitting heat.","{'term': array([''], dtype=object), 'polarity': array([''], dtype=object), 'from': array([0], dtype=int16), 'to': array([0], dtype=int16)}"
2046,This computer was awful!,"{'term': array([''], dtype=object), 'polarity': array([''], dtype=object), 'from': array([0], dtype=int16), 'to': array([0], dtype=int16)}"
2450,"Heck, if I had enough ' money, I would but it as a gift for someone.","{'term': array([''], dtype=object), 'polarity': array([''], dtype=object), 'from': array([0], dtype=int16), 'to': array([0], dtype=int16)}"
2170,"Even so, I like playing online games, so it was wonderful that there is a feature where I can dualboot Windows.","{'term': array(['feature', 'Windows', 'games'], dtype=object), 'polarity': array(['positive', 'positive', 'neutral'], dtype=object), 'from': array([ 74, 103,  31], dtype=int16), 'to': array([ 81, 110,  36], dtype=int16)}"
2624,The battery life is amazingly long at 7hrs and 5hrs if you use it.,"{'term': array(['battery life'], dtype=object), 'polarity': array(['positive'], dtype=object), 'from': array([4], dtype=int16), 'to': array([16], dtype=int16)}"
1822,My previous purchases were with Dell and HP.,"{'term': array([''], dtype=object), 'polarity': array([''], dtype=object), 'from': array([0], dtype=int16), 'to': array([0], dtype=int16)}"
2374,I have not have any problems.,"{'term': array([''], dtype=object), 'polarity': array([''], dtype=object), 'from': array([0], dtype=int16), 'to': array([0], dtype=int16)}"
1896,I purchased an HP right after my high school graduation.,"{'term': array([''], dtype=object), 'polarity': array([''], dtype=object), 'from': array([0], dtype=int16), 'to': array([0], dtype=int16)}"
341,Me and my boyfriend bought the Gateway NV78 in nov of 09.,"{'term': array([''], dtype=object), 'polarity': array([''], dtype=object), 'from': array([0], dtype=int16), 'to': array([0], dtype=int16)}"
2245,It is very user friendly and not hard to figure out at all.,"{'term': array([''], dtype=object), 'polarity': array([''], dtype=object), 'from': array([0], dtype=int16), 'to': array([0], dtype=int16)}"
1569,"lightweight, long battery life, excellent transition from PC;","{'term': array(['battery life'], dtype=object), 'polarity': array(['positive'], dtype=object), 'from': array([18], dtype=int16), 'to': array([30], dtype=int16)}"
3064,The price is another driving influence that made me purchase this laptop.,"{'term': array(['price'], dtype=object), 'polarity': array(['positive'], dtype=object), 'from': array([4], dtype=int16), 'to': array([9], dtype=int16)}"
2953,The Nortons virus scan is only for a very short time unlike others that usually are good for a year.,"{'term': array(['Nortons virus scan'], dtype=object), 'polarity': array(['negative'], dtype=object), 'from': array([4], dtype=int16), 'to': array([22], dtype=int16)}"
2129,It is stamped and not in pieces therefore it is a stronger more resilient frame.,"{'term': array(['frame'], dtype=object), 'polarity': array(['positive'], dtype=object), 'from': array([74], dtype=int16), 'to': array([79], dtype=int16)}"
2075,I am first time Mac Buyer and am amazed at features and ease of use the Mac offers.,"{'term': array(['features', 'use'], dtype=object), 'polarity': array(['positive', 'positive'], dtype=object), 'from': array([43, 64], dtype=int16), 'to': array([51, 67], dtype=int16)}"
2180,"Two, owning a 17 in.mac book gives the flexibility to sit anywhere you want without worry about bother anyone.","{'term': array([''], dtype=object), 'polarity': array([''], dtype=object), 'from': array([0], dtype=int16), 'to': array([0], dtype=int16)}"
1362,Sent unit back and it's been two months.,"{'term': array([''], dtype=object), 'polarity': array([''], dtype=object), 'from': array([0], dtype=int16), 'to': array([0], dtype=int16)}"
2710,Came fully loaded - good.,"{'term': array(['loaded'], dtype=object), 'polarity': array(['positive'], dtype=object), 'from': array([11], dtype=int16), 'to': array([17], dtype=int16)}"
1373,"I noticed windows has a new system called Windows 7, what about us Vista users?  They should get all the bugs out of Vista before investing in a new system.","{'term': array(['Windows 7', 'Vista', 'Vista', 'windows'], dtype=object), 'polarity': array(['neutral', 'neutral', 'negative', 'neutral'], dtype=object), 'from': array([ 42,  67, 117,  10], dtype=int16), 'to': array([ 51,  72, 122,  17], dtype=int16)}"
1370,"When we bought our new HP comouter in Dec. of 2008, we wanted Windows XP, but were told it would cost an extra $159, so we went with Vista.","{'term': array(['Windows XP', 'Vista'], dtype=object), 'polarity': array(['conflict', 'neutral'], dtype=object), 'from': array([ 62, 133], dtype=int16), 'to': array([ 72, 138], dtype=int16)}"
1697,(I definatly can't).,"{'term': array([''], dtype=object), 'polarity': array([''], dtype=object), 'from': array([0], dtype=int16), 'to': array([0], dtype=int16)}"
276,"Files as well would become lost, deleted or corrupted.","{'term': array([''], dtype=object), 'polarity': array([''], dtype=object), 'from': array([0], dtype=int16), 'to': array([0], dtype=int16)}"
1287,It is meant to be PORTABLE.,"{'term': array([''], dtype=object), 'polarity': array([''], dtype=object), 'from': array([0], dtype=int16), 'to': array([0], dtype=int16)}"
1929,My laptop worked again for just a while before I started having issues AGAIN.,"{'term': array([''], dtype=object), 'polarity': array([''], dtype=object), 'from': array([0], dtype=int16), 'to': array([0], dtype=int16)}"
2365,This is perfect for her field.,"{'term': array([''], dtype=object), 'polarity': array([''], dtype=object), 'from': array([0], dtype=int16), 'to': array([0], dtype=int16)}"
412,taking it back less than 24 hours of purchase,"{'term': array([''], dtype=object), 'polarity': array([''], dtype=object), 'from': array([0], dtype=int16), 'to': array([0], dtype=int16)}"
2742,That's the downside for me.,"{'term': array([''], dtype=object), 'polarity': array([''], dtype=object), 'from': array([0], dtype=int16), 'to': array([0], dtype=int16)}"
1758,"The only thing that I have, is the key broad is a little dark to see the letters, would help if it was a little lighter then it is.","{'term': array(['key broad'], dtype=object), 'polarity': array(['negative'], dtype=object), 'from': array([35], dtype=int16), 'to': array([44], dtype=int16)}"
1257,Hopefully Amazon will take this back.,"{'term': array([''], dtype=object), 'polarity': array([''], dtype=object), 'from': array([0], dtype=int16), 'to': array([0], dtype=int16)}"
1908,  They ended up keeping my computer for almost 3 months!,"{'term': array([''], dtype=object), 'polarity': array([''], dtype=object), 'from': array([0], dtype=int16), 'to': array([0], dtype=int16)}"
842,"I'm still within the one year warranty but the repair ""depot""  has deemed that this time it was caused by physical abuse and is not  covered.","{'term': array(['warranty', 'repair ""depot""'], dtype=object), 'polarity': array(['negative', 'negative'], dtype=object), 'from': array([30, 47], dtype=int16), 'to': array([38, 61], dtype=int16)}"
931,  But I needed a laptop for school use.,"{'term': array(['school use'], dtype=object), 'polarity': array(['neutral'], dtype=object), 'from': array([28], dtype=int16), 'to': array([38], dtype=int16)}"
863,he can't stand it.,"{'term': array([''], dtype=object), 'polarity': array([''], dtype=object), 'from': array([0], dtype=int16), 'to': array([0], dtype=int16)}"
2151,The computer was delivered as promised.,"{'term': array([''], dtype=object), 'polarity': array([''], dtype=object), 'from': array([0], dtype=int16), 'to': array([0], dtype=int16)}"
36,This is the complete opposite to an ergonomic design.,"{'term': array(['design'], dtype=object), 'polarity': array(['negative'], dtype=object), 'from': array([46], dtype=int16), 'to': array([52], dtype=int16)}"
2967,I would like at least a 4 hr. battery life.,"{'term': array(['battery life'], dtype=object), 'polarity': array(['neutral'], dtype=object), 'from': array([30], dtype=int16), 'to': array([42], dtype=int16)}"
1732,The only thing that I don't like about my mac is that sometimes there are programs that I want to be able to run and I am not able to.,"{'term': array(['programs'], dtype=object), 'polarity': array(['negative'], dtype=object), 'from': array([74], dtype=int16), 'to': array([82], dtype=int16)}"
1800,"Looking online, many people are having the same problem.","{'term': array([''], dtype=object), 'polarity': array([''], dtype=object), 'from': array([0], dtype=int16), 'to': array([0], dtype=int16)}"
1063,"Wireless has not been a issue for me, like some others have meantioned.","{'term': array(['Wireless'], dtype=object), 'polarity': array(['positive'], dtype=object), 'from': array([0], dtype=int16), 'to': array([8], dtype=int16)}"
2615,THIS IS MY SECOND MAC BOOK PRO.,"{'term': array([''], dtype=object), 'polarity': array([''], dtype=object), 'from': array([0], dtype=int16), 'to': array([0], dtype=int16)}"
271,"MacBook Notebooks quickly die out because of their short battery life, as well as the many background programs that run without the user's knowlede.","{'term': array(['battery life', 'programs'], dtype=object), 'polarity': array(['negative', 'negative'], dtype=object), 'from': array([ 57, 102], dtype=int16), 'to': array([ 69, 110], dtype=int16)}"
2478,"All the things you can do with the trackpad make navigating around the computer and its programs so much simpler, quicker, and easier.","{'term': array(['trackpad', 'programs', 'navigating'], dtype=object), 'polarity': array(['positive', 'positive', 'positive'], dtype=object), 'from': array([35, 88, 49], dtype=int16), 'to': array([43, 96, 59], dtype=int16)}"
523,I guess the only good thing that came out of these were the speakers and the subwoofer.,"{'term': array(['speakers', 'subwoofer'], dtype=object), 'polarity': array(['positive', 'positive'], dtype=object), 'from': array([60, 77], dtype=int16), 'to': array([68, 86], dtype=int16)}"
1657,Theres a built in camera with special effects- for video and photography.,"{'term': array(['built in camera'], dtype=object), 'polarity': array(['positive'], dtype=object), 'from': array([9], dtype=int16), 'to': array([24], dtype=int16)}"
1674,All for such a great price.,"{'term': array(['price'], dtype=object), 'polarity': array(['positive'], dtype=object), 'from': array([21], dtype=int16), 'to': array([26], dtype=int16)}"
472,I went right out and purchased another laptop.,"{'term': array([''], dtype=object), 'polarity': array([''], dtype=object), 'from': array([0], dtype=int16), 'to': array([0], dtype=int16)}"
1143,"  Long story short, since I experience so many problems with my laptop every since I bought it from day one, I didn't ask for a new laptop or a refund of what I pay for a crapy laptop, but just an extension of my laptop warranty for another year, they made a big deal of out that and after so many calls and complaints about their products and services, they finally gave in.","{'term': array(['warranty'], dtype=object), 'polarity': array(['neutral'], dtype=object), 'from': array([220], dtype=int16), 'to': array([228], dtype=int16)}"
2618,I am able to play 720p and 1080p media files just fine with it.,"{'term': array([''], dtype=object), 'polarity': array([''], dtype=object), 'from': array([0], dtype=int16), 'to': array([0], dtype=int16)}"
1708,"I already own an iPhone, and so the move just made more sense.","{'term': array([''], dtype=object), 'polarity': array([''], dtype=object), 'from': array([0], dtype=int16), 'to': array([0], dtype=int16)}"
2771,So think about factoring those things in when you purchase.,"{'term': array([''], dtype=object), 'polarity': array([''], dtype=object), 'from': array([0], dtype=int16), 'to': array([0], dtype=int16)}"
2375,Took the netbook on a vacation trip and I was able to do whatever I wanted to do without lugging a much heavier laptop.,"{'term': array([''], dtype=object), 'polarity': array([''], dtype=object), 'from': array([0], dtype=int16), 'to': array([0], dtype=int16)}"
203,Everything was up and running within 15 minutes of unboxing.,"{'term': array([''], dtype=object), 'polarity': array([''], dtype=object), 'from': array([0], dtype=int16), 'to': array([0], dtype=int16)}"
123,"This computer gets very hot, before shutting down.","{'term': array([''], dtype=object), 'polarity': array([''], dtype=object), 'from': array([0], dtype=int16), 'to': array([0], dtype=int16)}"
2927,Another thing is that after only a month the left mouse key broke and it costed $175 to send it in to fix it.,"{'term': array(['left mouse key', 'costed'], dtype=object), 'polarity': array(['negative', 'neutral'], dtype=object), 'from': array([45, 73], dtype=int16), 'to': array([59, 79], dtype=int16)}"
916, Went silently.,"{'term': array([''], dtype=object), 'polarity': array([''], dtype=object), 'from': array([0], dtype=int16), 'to': array([0], dtype=int16)}"
2750,Satisfy what I paid for it.,"{'term': array([''], dtype=object), 'polarity': array([''], dtype=object), 'from': array([0], dtype=int16), 'to': array([0], dtype=int16)}"
1137,IT IS TRASH!,"{'term': array([''], dtype=object), 'polarity': array([''], dtype=object), 'from': array([0], dtype=int16), 'to': array([0], dtype=int16)}"
2993,It has good speed and plenty of hard drive space.,"{'term': array(['speed', 'hard drive space'], dtype=object), 'polarity': array(['positive', 'positive'], dtype=object), 'from': array([12, 32], dtype=int16), 'to': array([17, 48], dtype=int16)}"
2453,Clear picture on it and everything.,"{'term': array(['picture'], dtype=object), 'polarity': array(['positive'], dtype=object), 'from': array([6], dtype=int16), 'to': array([13], dtype=int16)}"
2661,"Overall though, for the money spent it's a great deal.","{'term': array([''], dtype=object), 'polarity': array([''], dtype=object), 'from': array([0], dtype=int16), 'to': array([0], dtype=int16)}"
2590,So you don't get frustrated the first few weeks.,"{'term': array([''], dtype=object), 'polarity': array([''], dtype=object), 'from': array([0], dtype=int16), 'to': array([0], dtype=int16)}"
515,"They said that my computer was covered on an extended warranty, and that products with  extended warranties are taken care of through third parties and not Sony itself anymore.","{'term': array(['extended warranty', 'extended warranties'], dtype=object), 'polarity': array(['neutral', 'neutral'], dtype=object), 'from': array([45, 88], dtype=int16), 'to': array([ 62, 107], dtype=int16)}"
2321,It's so useable and responsive.,"{'term': array([''], dtype=object), 'polarity': array([''], dtype=object), 'from': array([0], dtype=int16), 'to': array([0], dtype=int16)}"
2282,It is truly a Desktop Replacement.,"{'term': array([''], dtype=object), 'polarity': array([''], dtype=object), 'from': array([0], dtype=int16), 'to': array([0], dtype=int16)}"
1135,I only used it to browse the internet and and I dont know how many times it has spontaniously shut down and it is just a blank screen now.,"{'term': array([''], dtype=object), 'polarity': array([''], dtype=object), 'from': array([0], dtype=int16), 'to': array([0], dtype=int16)}"
1577,"A little pricey but it is well, well worth it.","{'term': array([''], dtype=object), 'polarity': array([''], dtype=object), 'from': array([0], dtype=int16), 'to': array([0], dtype=int16)}"
2572,Very long-life battery (up to 10-11 hours depending on how you configure power level settings).,"{'term': array(['battery'], dtype=object), 'polarity': array(['positive'], dtype=object), 'from': array([15], dtype=int16), 'to': array([22], dtype=int16)}"
2387,"Screen is awesome, battery life is good.","{'term': array(['Screen', 'battery life'], dtype=object), 'polarity': array(['positive', 'positive'], dtype=object), 'from': array([ 0, 19], dtype=int16), 'to': array([ 6, 31], dtype=int16)}"
2517,The black model also has a very nice seamless appearance - one of the better looking notebooks I've seen.,"{'term': array(['appearance'], dtype=object), 'polarity': array(['positive'], dtype=object), 'from': array([46], dtype=int16), 'to': array([56], dtype=int16)}"
1967,In my opinion it was not as user friendly as I expected either.,"{'term': array([''], dtype=object), 'polarity': array([''], dtype=object), 'from': array([0], dtype=int16), 'to': array([0], dtype=int16)}"
990,The technical service for dell is so 3rd world it might as well not even bother.,"{'term': array(['technical service for dell'], dtype=object), 'polarity': array(['negative'], dtype=object), 'from': array([4], dtype=int16), 'to': array([30], dtype=int16)}"
1414,The graphics were awful and the warranty isn't even worth the cheap payment on the computer.,"{'term': array(['graphics', 'warranty'], dtype=object), 'polarity': array(['negative', 'negative'], dtype=object), 'from': array([ 4, 32], dtype=int16), 'to': array([12, 40], dtype=int16)}"
664,and if u did.,"{'term': array([''], dtype=object), 'polarity': array([''], dtype=object), 'from': array([0], dtype=int16), 'to': array([0], dtype=int16)}"
2484,"I've had the MacBook Pro 15 for about three weeks, and it really is a great computer.","{'term': array([''], dtype=object), 'polarity': array([''], dtype=object), 'from': array([0], dtype=int16), 'to': array([0], dtype=int16)}"
903,"They gave me a hard time yet again, but their was a malfunction in the battery itself, it didn't die.","{'term': array(['battery'], dtype=object), 'polarity': array(['negative'], dtype=object), 'from': array([71], dtype=int16), 'to': array([78], dtype=int16)}"
1609,It was definelty a smart move.,"{'term': array([''], dtype=object), 'polarity': array([''], dtype=object), 'from': array([0], dtype=int16), 'to': array([0], dtype=int16)}"
2354,I'm excited to learn more about what this powerful machine has to offer and encourage others to do the same.,"{'term': array([''], dtype=object), 'polarity': array([''], dtype=object), 'from': array([0], dtype=int16), 'to': array([0], dtype=int16)}"
2979,Apparently they are defective since they are not securely attached.,"{'term': array([''], dtype=object), 'polarity': array([''], dtype=object), 'from': array([0], dtype=int16), 'to': array([0], dtype=int16)}"
1759,but other then that I would give this product a 4 in hafe stars.,"{'term': array([''], dtype=object), 'polarity': array([''], dtype=object), 'from': array([0], dtype=int16), 'to': array([0], dtype=int16)}"
975,Sure hope Best Buy will replace it asap.,"{'term': array([''], dtype=object), 'polarity': array([''], dtype=object), 'from': array([0], dtype=int16), 'to': array([0], dtype=int16)}"
2931,I babyed the heck out of it and i still do.,"{'term': array([''], dtype=object), 'polarity': array([''], dtype=object), 'from': array([0], dtype=int16), 'to': array([0], dtype=int16)}"
2700,Handles all my basic media needs easily.,"{'term': array([''], dtype=object), 'polarity': array([''], dtype=object), 'from': array([0], dtype=int16), 'to': array([0], dtype=int16)}"
1482,Just what the doctor ordered.,"{'term': array([''], dtype=object), 'polarity': array([''], dtype=object), 'from': array([0], dtype=int16), 'to': array([0], dtype=int16)}"
1602,"If you don't feel comfortable doing it yourself, just buy the case and be happy, plus it looks nice, I bought the white one from Best Buy.","{'term': array(['case'], dtype=object), 'polarity': array(['positive'], dtype=object), 'from': array([62], dtype=int16), 'to': array([66], dtype=int16)}"
1233,The reaction of Toshiba is there is nothing you can do about it so just sit back and except the fact that you are powerless and it is mind over matter.,"{'term': array([''], dtype=object), 'polarity': array([''], dtype=object), 'from': array([0], dtype=int16), 'to': array([0], dtype=int16)}"
2231,"you can find many laptops with the same performance and even better with lower price, but you cannot find the look, easy, applications, and the experience in mac.","{'term': array(['performance', 'price', 'look', 'applications'], dtype=object), 'polarity': array(['neutral', 'positive', 'positive', 'positive'], dtype=object), 'from': array([ 40,  79, 110, 122], dtype=int16), 'to': array([ 51,  84, 114, 134], dtype=int16)}"
2828,Excellent speed for processing data.,"{'term': array(['speed'], dtype=object), 'polarity': array(['positive'], dtype=object), 'from': array([10], dtype=int16), 'to': array([15], dtype=int16)}"
121,"All in all, I'm incredibly dissatisfied with this laptop, and with HP as a whole.","{'term': array([''], dtype=object), 'polarity': array([''], dtype=object), 'from': array([0], dtype=int16), 'to': array([0], dtype=int16)}"
2744,I am not happy at all with the product I purchased.,"{'term': array([''], dtype=object), 'polarity': array([''], dtype=object), 'from': array([0], dtype=int16), 'to': array([0], dtype=int16)}"
1824,When you call tech support you were routed to someone who was in another country and did not know what they were doing.,"{'term': array(['tech support'], dtype=object), 'polarity': array(['negative'], dtype=object), 'from': array([14], dtype=int16), 'to': array([26], dtype=int16)}"
2460,"It has come into good use for my finances, scheduling, my parents business expenses, and it is definitely amazing for gaming.","{'term': array(['gaming', 'use'], dtype=object), 'polarity': array(['positive', 'positive'], dtype=object), 'from': array([118,  22], dtype=int16), 'to': array([124,  25], dtype=int16)}"
2500,I was taught to use Photoshop and was amazed.,"{'term': array(['Photoshop'], dtype=object), 'polarity': array(['positive'], dtype=object), 'from': array([20], dtype=int16), 'to': array([29], dtype=int16)}"
600,It's A MAC!!,"{'term': array([''], dtype=object), 'polarity': array([''], dtype=object), 'from': array([0], dtype=int16), 'to': array([0], dtype=int16)}"
497,It was weird.,"{'term': array([''], dtype=object), 'polarity': array([''], dtype=object), 'from': array([0], dtype=int16), 'to': array([0], dtype=int16)}"
241,I can hardly wait to see whats around the next corner.,"{'term': array([''], dtype=object), 'polarity': array([''], dtype=object), 'from': array([0], dtype=int16), 'to': array([0], dtype=int16)}"
557,the apple pro notebook will not let you down.,"{'term': array([''], dtype=object), 'polarity': array([''], dtype=object), 'from': array([0], dtype=int16), 'to': array([0], dtype=int16)}"
677,4gb of ram...,"{'term': array(['ram'], dtype=object), 'polarity': array(['neutral'], dtype=object), 'from': array([7], dtype=int16), 'to': array([10], dtype=int16)}"
531,"I did a review on it, its awesome.","{'term': array([''], dtype=object), 'polarity': array([''], dtype=object), 'from': array([0], dtype=int16), 'to': array([0], dtype=int16)}"
1367,"  Before we got this laptop, had a compaq pasaro for 5 years with no problems.","{'term': array([''], dtype=object), 'polarity': array([''], dtype=object), 'from': array([0], dtype=int16), 'to': array([0], dtype=int16)}"
2094,I tried out another Mac for a few months before buying this one and it is a great machine.,"{'term': array([''], dtype=object), 'polarity': array([''], dtype=object), 'from': array([0], dtype=int16), 'to': array([0], dtype=int16)}"
1252,Somehow the system clock got messed up after reboot.,"{'term': array(['system clock'], dtype=object), 'polarity': array(['negative'], dtype=object), 'from': array([12], dtype=int16), 'to': array([24], dtype=int16)}"
3007,"the only problem is that i had to add 1 gb RAM, the computer was kinda slow.","{'term': array(['RAM'], dtype=object), 'polarity': array(['negative'], dtype=object), 'from': array([43], dtype=int16), 'to': array([46], dtype=int16)}"
1650,With the macbook pro it comes with freesecuritysoftware to protect it from viruses and other intrusive things from downloads and internet surfing or emails.,"{'term': array(['securitysoftware'], dtype=object), 'polarity': array(['positive'], dtype=object), 'from': array([39], dtype=int16), 'to': array([55], dtype=int16)}"
1229,The computer could have been shipped by Priority Mail through the USPS for the same cost and arrived by Noon on Tue.,"{'term': array([''], dtype=object), 'polarity': array([''], dtype=object), 'from': array([0], dtype=int16), 'to': array([0], dtype=int16)}"
399,I visited the Apple Store and was impressed with the 17-inch MacBook Pro.,"{'term': array([''], dtype=object), 'polarity': array([''], dtype=object), 'from': array([0], dtype=int16), 'to': array([0], dtype=int16)}"
1037,"The driver updates don't fix the issue, very frustrating.","{'term': array(['driver updates'], dtype=object), 'polarity': array(['negative'], dtype=object), 'from': array([4], dtype=int16), 'to': array([18], dtype=int16)}"
1620,I will never go back to Windows!,"{'term': array(['Windows'], dtype=object), 'polarity': array(['negative'], dtype=object), 'from': array([24], dtype=int16), 'to': array([31], dtype=int16)}"
1035,Do your research on this issue.,"{'term': array([''], dtype=object), 'polarity': array([''], dtype=object), 'from': array([0], dtype=int16), 'to': array([0], dtype=int16)}"
201,"Looking to take my video and photo editing to the next level, I decided to purchase the MBP 15in Intel Core i5 after reading consumer reviews as well as professional reviews of this laptop.","{'term': array([''], dtype=object), 'polarity': array([''], dtype=object), 'from': array([0], dtype=int16), 'to': array([0], dtype=int16)}"
285,It doesnt work worth a damn.,"{'term': array(['work'], dtype=object), 'polarity': array(['negative'], dtype=object), 'from': array([10], dtype=int16), 'to': array([14], dtype=int16)}"
1260,"HP Pavilion DV9000 Notebook PC      When I first got this computer, it really rocked.","{'term': array([''], dtype=object), 'polarity': array([''], dtype=object), 'from': array([0], dtype=int16), 'to': array([0], dtype=int16)}"
3035,It works really well.,"{'term': array(['works'], dtype=object), 'polarity': array(['positive'], dtype=object), 'from': array([3], dtype=int16), 'to': array([8], dtype=int16)}"
840,It has happened again and I'm being told that it's $175.,"{'term': array([''], dtype=object), 'polarity': array([''], dtype=object), 'from': array([0], dtype=int16), 'to': array([0], dtype=int16)}"
2511,"Bigger HD, better graphics card, and a bid HD.","{'term': array(['HD', 'HD', 'graphics card'], dtype=object), 'polarity': array(['positive', 'positive', 'positive'], dtype=object), 'from': array([ 7, 43, 18], dtype=int16), 'to': array([ 9, 45, 31], dtype=int16)}"
895,Lord HAVE MERCY!,"{'term': array([''], dtype=object), 'polarity': array([''], dtype=object), 'from': array([0], dtype=int16), 'to': array([0], dtype=int16)}"
2275,The built in camera is very useful when chatting with other techs in remote buildings on our campus.,"{'term': array(['built in camera'], dtype=object), 'polarity': array(['positive'], dtype=object), 'from': array([4], dtype=int16), 'to': array([19], dtype=int16)}"
1342,No big deal.,"{'term': array([''], dtype=object), 'polarity': array([''], dtype=object), 'from': array([0], dtype=int16), 'to': array([0], dtype=int16)}"
1124,"Mine came at $1,700 w/o a DVD burner (!).","{'term': array(['DVD burner'], dtype=object), 'polarity': array(['negative'], dtype=object), 'from': array([26], dtype=int16), 'to': array([36], dtype=int16)}"
781,The DVD burner broke after burning 3 DVD'd during that time!,"{'term': array(['DVD burner'], dtype=object), 'polarity': array(['negative'], dtype=object), 'from': array([4], dtype=int16), 'to': array([14], dtype=int16)}"
2987,It works fine with our wireless and they've had not problems.,"{'term': array(['works'], dtype=object), 'polarity': array(['positive'], dtype=object), 'from': array([3], dtype=int16), 'to': array([8], dtype=int16)}"
2133,But you must get the 15 inch.,"{'term': array(['15 inch'], dtype=object), 'polarity': array(['positive'], dtype=object), 'from': array([21], dtype=int16), 'to': array([28], dtype=int16)}"
131,i will be returning it and switching brands when i get to best buy.,"{'term': array([''], dtype=object), 'polarity': array([''], dtype=object), 'from': array([0], dtype=int16), 'to': array([0], dtype=int16)}"
1364,Product support very poor as each phone call costs me long distan,"{'term': array(['Product support'], dtype=object), 'polarity': array(['negative'], dtype=object), 'from': array([0], dtype=int16), 'to': array([15], dtype=int16)}"
2787,"Overall the computer is very easy to use, the screen is perfect, great computer, my daughter loves.","{'term': array(['screen', 'use'], dtype=object), 'polarity': array(['positive', 'positive'], dtype=object), 'from': array([46, 37], dtype=int16), 'to': array([52, 40], dtype=int16)}"
948,  The casing of the power cord fried and shocked my husband when he pulled it out of the socket.,"{'term': array(['casing of the power cord'], dtype=object), 'polarity': array(['negative'], dtype=object), 'from': array([6], dtype=int16), 'to': array([30], dtype=int16)}"
2049,It does not keep internet signals no matter where you bring it.,"{'term': array(['internet signals'], dtype=object), 'polarity': array(['negative'], dtype=object), 'from': array([17], dtype=int16), 'to': array([33], dtype=int16)}"
558,apple is one of the best computer companies in the country.,"{'term': array([''], dtype=object), 'polarity': array([''], dtype=object), 'from': array([0], dtype=int16), 'to': array([0], dtype=int16)}"
1059,PLEASE MAKE THESE!,"{'term': array([''], dtype=object), 'polarity': array([''], dtype=object), 'from': array([0], dtype=int16), 'to': array([0], dtype=int16)}"
767,Frustrated I hung up and tried to call back 3 days later to be told that it takes 2-3 days for turnaround time.,"{'term': array([''], dtype=object), 'polarity': array([''], dtype=object), 'from': array([0], dtype=int16), 'to': array([0], dtype=int16)}"
1990,"After the first few months, the computer started crashing about every week.","{'term': array([''], dtype=object), 'polarity': array([''], dtype=object), 'from': array([0], dtype=int16), 'to': array([0], dtype=int16)}"
2366,"My son and his family have a hard time financially because he is self-employed so the family had no computer of any kind, and kyle the oldest child is 12 and really need something to help him in school.","{'term': array([''], dtype=object), 'polarity': array([''], dtype=object), 'from': array([0], dtype=int16), 'to': array([0], dtype=int16)}"
2988,It's a great product for a great price!,"{'term': array(['price'], dtype=object), 'polarity': array(['positive'], dtype=object), 'from': array([33], dtype=int16), 'to': array([38], dtype=int16)}"
1385,"Again, the same problem, the right speaker did not work.","{'term': array(['right speaker'], dtype=object), 'polarity': array(['negative'], dtype=object), 'from': array([29], dtype=int16), 'to': array([42], dtype=int16)}"
1646,But see the macbook pro is different because it may have a huge price tag but it comes with the full software that you would actually need and most of it has free future updates.,"{'term': array(['price tag', 'software', 'updates'], dtype=object), 'polarity': array(['conflict', 'positive', 'positive'], dtype=object), 'from': array([ 64, 101, 170], dtype=int16), 'to': array([ 73, 109, 177], dtype=int16)}"
88,"Before i bought my new i5, I did my research for about 2 weeks and determined to move for HP to Apple for reliability, dependable, and long lasting operations.","{'term': array([''], dtype=object), 'polarity': array([''], dtype=object), 'from': array([0], dtype=int16), 'to': array([0], dtype=int16)}"
1270,Dell wanted to charge us for everything everytime I called them with a problem.,"{'term': array([''], dtype=object), 'polarity': array([''], dtype=object), 'from': array([0], dtype=int16), 'to': array([0], dtype=int16)}"
1834,THIS HAS BEEN NOTHING BUT A HEADACHE SINCE WE PURCHASED IT.,"{'term': array([''], dtype=object), 'polarity': array([''], dtype=object), 'from': array([0], dtype=int16), 'to': array([0], dtype=int16)}"
1451,i have had my dell latitude for almost three years.,"{'term': array([''], dtype=object), 'polarity': array([''], dtype=object), 'from': array([0], dtype=int16), 'to': array([0], dtype=int16)}"
55,May be better for the occasional web surfer.,"{'term': array([''], dtype=object), 'polarity': array([''], dtype=object), 'from': array([0], dtype=int16), 'to': array([0], dtype=int16)}"
2505,and the multiple page viewer ( allows you to press one button to see every separate page currently opened at the same time in one screen) are great for those who are working non stop or just shopping online.,"{'term': array(['multiple page viewer'], dtype=object), 'polarity': array(['positive'], dtype=object), 'from': array([8], dtype=int16), 'to': array([28], dtype=int16)}"
768,This was the 3rd day and part still had not been shipped.,"{'term': array(['shipped'], dtype=object), 'polarity': array(['negative'], dtype=object), 'from': array([49], dtype=int16), 'to': array([56], dtype=int16)}"
2559,Obviously we both got new Macs.,"{'term': array([''], dtype=object), 'polarity': array([''], dtype=object), 'from': array([0], dtype=int16), 'to': array([0], dtype=int16)}"
242,"My Iphone synced right up just like a person would expect, unlike the PCs in our lives.","{'term': array([''], dtype=object), 'polarity': array([''], dtype=object), 'from': array([0], dtype=int16), 'to': array([0], dtype=int16)}"
2998,That being said after 2 weeks of owning every time I start it up now it gives me a black screen for 5-8 seconds stating pxe-e61 media test error check cable.,"{'term': array([''], dtype=object), 'polarity': array([''], dtype=object), 'from': array([0], dtype=int16), 'to': array([0], dtype=int16)}"
2341,"It's fun to take to a bookstore, sit in the coffee shop area, sign in to WiFi and look up book reviews of books I might buy.","{'term': array([''], dtype=object), 'polarity': array([''], dtype=object), 'from': array([0], dtype=int16), 'to': array([0], dtype=int16)}"
2908,"Not super fancy, but not super expensive either.","{'term': array([''], dtype=object), 'polarity': array([''], dtype=object), 'from': array([0], dtype=int16), 'to': array([0], dtype=int16)}"
214,Keyboard good sized and wasy to use.,"{'term': array(['Keyboard', 'use'], dtype=object), 'polarity': array(['positive', 'positive'], dtype=object), 'from': array([ 0, 32], dtype=int16), 'to': array([ 8, 35], dtype=int16)}"
1263,HP said it was out of warranty.,"{'term': array(['warranty'], dtype=object), 'polarity': array(['neutral'], dtype=object), 'from': array([22], dtype=int16), 'to': array([30], dtype=int16)}"
650,"-Stay away from Apple, or hope you laptop does not break down.","{'term': array([''], dtype=object), 'polarity': array([''], dtype=object), 'from': array([0], dtype=int16), 'to': array([0], dtype=int16)}"
2703,It's a great prodcut to handle basic computing needs.,"{'term': array([''], dtype=object), 'polarity': array([''], dtype=object), 'from': array([0], dtype=int16), 'to': array([0], dtype=int16)}"
142,"I never had this kind of quality issue with Dell (not to say Dell is that great), not with a brand new laptop.","{'term': array(['quality'], dtype=object), 'polarity': array(['negative'], dtype=object), 'from': array([25], dtype=int16), 'to': array([32], dtype=int16)}"
2947,wonderful features.,"{'term': array(['features'], dtype=object), 'polarity': array(['positive'], dtype=object), 'from': array([10], dtype=int16), 'to': array([18], dtype=int16)}"
66,the laptop was really good and it goes really fast just the way i thought it would of run.,"{'term': array([''], dtype=object), 'polarity': array([''], dtype=object), 'from': array([0], dtype=int16), 'to': array([0], dtype=int16)}"
2020,I had to call HP and ask for a recovery disk because the computer does not come with one and completely redo it all.,"{'term': array(['recovery disk'], dtype=object), 'polarity': array(['negative'], dtype=object), 'from': array([31], dtype=int16), 'to': array([44], dtype=int16)}"
2451,Im glad that it has such great features in it.,"{'term': array(['features'], dtype=object), 'polarity': array(['positive'], dtype=object), 'from': array([31], dtype=int16), 'to': array([39], dtype=int16)}"
605,it's just a great toy to have around.,"{'term': array([''], dtype=object), 'polarity': array([''], dtype=object), 'from': array([0], dtype=int16), 'to': array([0], dtype=int16)}"
314,I like those programs better than Office and you can save your files to be completely compatible with the Office programs as well.,"{'term': array(['programs', 'Office', 'Office programs'], dtype=object), 'polarity': array(['positive', 'negative', 'neutral'], dtype=object), 'from': array([ 13,  34, 106], dtype=int16), 'to': array([ 21,  40, 121], dtype=int16)}"
2777,Great wifi too.,"{'term': array(['wifi'], dtype=object), 'polarity': array(['positive'], dtype=object), 'from': array([6], dtype=int16), 'to': array([10], dtype=int16)}"
1085,"WHEN TYPING, LETTERS AND SPACES ARE FREQUENTLY OMITTED REQUIRING THE USER TO REDO MANY WORDS AND SENTENCES.","{'term': array(['TYPING'], dtype=object), 'polarity': array(['negative'], dtype=object), 'from': array([5], dtype=int16), 'to': array([11], dtype=int16)}"
1906,"  Only a few days after I received the computer back, the screen froze again.","{'term': array(['screen'], dtype=object), 'polarity': array(['negative'], dtype=object), 'from': array([58], dtype=int16), 'to': array([64], dtype=int16)}"
124,It is not ideal for children because of the temp.,"{'term': array(['temp'], dtype=object), 'polarity': array(['negative'], dtype=object), 'from': array([44], dtype=int16), 'to': array([48], dtype=int16)}"
2816,"sounds like a typewriter, but if you can get past that, this is a great laptop for a little money!","{'term': array([''], dtype=object), 'polarity': array([''], dtype=object), 'from': array([0], dtype=int16), 'to': array([0], dtype=int16)}"
1900,  When this happened I would have to completely power off my computer and restart it.,"{'term': array([''], dtype=object), 'polarity': array([''], dtype=object), 'from': array([0], dtype=int16), 'to': array([0], dtype=int16)}"
732,Although i do believe that Windows operating system may be to fault for some of the problems.,"{'term': array(['Windows operating system'], dtype=object), 'polarity': array(['negative'], dtype=object), 'from': array([27], dtype=int16), 'to': array([51], dtype=int16)}"
3011,"Great OS, fabulous improvements to the existing line bumping up the processor speed and adding the thunderbolt port.","{'term': array(['OS', 'processor speed', 'thunderbolt port'], dtype=object), 'polarity': array(['positive', 'positive', 'positive'], dtype=object), 'from': array([ 6, 68, 99], dtype=int16), 'to': array([  8,  83, 115], dtype=int16)}"
485,I or my dad paid over twenty four hundred dollars for everything.,"{'term': array([''], dtype=object), 'polarity': array([''], dtype=object), 'from': array([0], dtype=int16), 'to': array([0], dtype=int16)}"
1842,  The lcd screen stopped working on mine after 10 months.,"{'term': array(['lcd screen'], dtype=object), 'polarity': array(['negative'], dtype=object), 'from': array([6], dtype=int16), 'to': array([16], dtype=int16)}"
238,That includes transferring my music and movies.,"{'term': array([''], dtype=object), 'polarity': array([''], dtype=object), 'from': array([0], dtype=int16), 'to': array([0], dtype=int16)}"
205,Images are crisp and clean.,"{'term': array(['Images'], dtype=object), 'polarity': array(['positive'], dtype=object), 'from': array([0], dtype=int16), 'to': array([6], dtype=int16)}"
1955,"Took that one home, same thing.","{'term': array([''], dtype=object), 'polarity': array([''], dtype=object), 'from': array([0], dtype=int16), 'to': array([0], dtype=int16)}"
1160,I'm going back to PC.,"{'term': array([''], dtype=object), 'polarity': array([''], dtype=object), 'from': array([0], dtype=int16), 'to': array([0], dtype=int16)}"
2989,"Great, quick laptop for the money.","{'term': array([''], dtype=object), 'polarity': array([''], dtype=object), 'from': array([0], dtype=int16), 'to': array([0], dtype=int16)}"
1398,although its windows vista compared to windows xp sucks.,"{'term': array(['windows vista', 'windows xp'], dtype=object), 'polarity': array(['negative', 'positive'], dtype=object), 'from': array([13, 39], dtype=int16), 'to': array([26, 49], dtype=int16)}"
1372,"  We have had numerous problems with Vista, such as Adobe Flash player just quits and has to be uninstalled and then reinsalled, Internet Explore just quits and you lose whatever you were working on, also, the same Windows update has appeared on this computer since we got it and has been updated probably 400 times, the same update.","{'term': array(['Vista', 'Adobe Flash player', 'Internet Explore',
       'Windows update', 'update'], dtype=object), 'polarity': array(['negative', 'negative', 'negative', 'negative', 'negative'],
      dtype=object), 'from': array([ 37,  52, 129, 215, 326], dtype=int16), 'to': array([ 42,  70, 145, 229, 332], dtype=int16)}"
467,The Dell mini was the first Dell product that I had ever purchased.,"{'term': array([''], dtype=object), 'polarity': array([''], dtype=object), 'from': array([0], dtype=int16), 'to': array([0], dtype=int16)}"
1400,with the switch being at the top you need to memorize the key combination rather than just flicking a switch.,"{'term': array(['switch', 'switch'], dtype=object), 'polarity': array(['negative', 'negative'], dtype=object), 'from': array([  9, 102], dtype=int16), 'to': array([ 15, 108], dtype=int16)}"
47,My Mac has gone from being a trusted friend to an adversary.,"{'term': array([''], dtype=object), 'polarity': array([''], dtype=object), 'from': array([0], dtype=int16), 'to': array([0], dtype=int16)}"
1066,"One more tip, please purchase this model and get a 4GB stick of RAM to save you $10","{'term': array(['4GB stick of RAM'], dtype=object), 'polarity': array(['positive'], dtype=object), 'from': array([51], dtype=int16), 'to': array([67], dtype=int16)}"
1607,"By week two, my laptop had overheated and was completely dead even though I did not use it too much.","{'term': array([''], dtype=object), 'polarity': array([''], dtype=object), 'from': array([0], dtype=int16), 'to': array([0], dtype=int16)}"
910,And it is impossible to get them back in.,"{'term': array([''], dtype=object), 'polarity': array([''], dtype=object), 'from': array([0], dtype=int16), 'to': array([0], dtype=int16)}"
2379,My last laptop gave me a constant battle even though it was also completely new.,"{'term': array([''], dtype=object), 'polarity': array([''], dtype=object), 'from': array([0], dtype=int16), 'to': array([0], dtype=int16)}"
361,I have been a mac user since the mid 90s.,"{'term': array([''], dtype=object), 'polarity': array([''], dtype=object), 'from': array([0], dtype=int16), 'to': array([0], dtype=int16)}"
344,It has bein into the shop to get a new hardrive 2 times and to fix the touch control buttons on the keyboard!,"{'term': array(['hardrive', 'touch control buttons', 'keyboard'], dtype=object), 'polarity': array(['negative', 'negative', 'negative'], dtype=object), 'from': array([ 39,  71, 100], dtype=int16), 'to': array([ 47,  92, 108], dtype=int16)}"
1368,  After the bad experience with this computer went back to compaq.,"{'term': array([''], dtype=object), 'polarity': array([''], dtype=object), 'from': array([0], dtype=int16), 'to': array([0], dtype=int16)}"
2038,Finally after months of research the discovered that they mailed it to a Walmart and there probably would be no way to find the box.,"{'term': array([''], dtype=object), 'polarity': array([''], dtype=object), 'from': array([0], dtype=int16), 'to': array([0], dtype=int16)}"
1673,It doesn't heat up like my old laptop.,"{'term': array([''], dtype=object), 'polarity': array([''], dtype=object), 'from': array([0], dtype=int16), 'to': array([0], dtype=int16)}"
2871,I always have used a tower home PC and jumped to the laptop and have been very satisfied with its performance.,"{'term': array(['performance'], dtype=object), 'polarity': array(['positive'], dtype=object), 'from': array([98], dtype=int16), 'to': array([109], dtype=int16)}"
2530,It's solid.,"{'term': array([''], dtype=object), 'polarity': array([''], dtype=object), 'from': array([0], dtype=int16), 'to': array([0], dtype=int16)}"
1603,"Before I got my macbook, I owned a Dell laptop.","{'term': array([''], dtype=object), 'polarity': array([''], dtype=object), 'from': array([0], dtype=int16), 'to': array([0], dtype=int16)}"
381,This laptop is the most amazing little peice of machinery I have owned outside of the Iphone.,"{'term': array([''], dtype=object), 'polarity': array([''], dtype=object), 'from': array([0], dtype=int16), 'to': array([0], dtype=int16)}"
312,"The computer runs very fast with no problems and the iLife software that comes with it (iPhoto, iMovie, iWeb, iTunes, GarageBand) is all very helpful as well.","{'term': array(['iLife software', 'iPhoto', 'iMovie', 'iWeb', 'iTunes',
       'GarageBand', 'runs'], dtype=object), 'polarity': array(['positive', 'positive', 'positive', 'positive', 'positive',
       'positive', 'positive'], dtype=object), 'from': array([ 53,  88,  96, 104, 110, 118,  13], dtype=int16), 'to': array([ 67,  94, 102, 108, 116, 128,  17], dtype=int16)}"
2795,At first it worked well for a month or so then the system board failed and I send it in to toshiba some complaints and three weeks later I then receive my laptop back only to discover that it still has the same problem so now I have to send it back again to get it fixed again.,"{'term': array(['system board'], dtype=object), 'polarity': array(['negative'], dtype=object), 'from': array([51], dtype=int16), 'to': array([63], dtype=int16)}"
1865,"  Until I bought the Dell, I thought you just looked for what you wanted (size, software, options, hardware) and purchase the best deal you could find.","{'term': array(['size', 'software', 'hardware'], dtype=object), 'polarity': array(['neutral', 'neutral', 'neutral'], dtype=object), 'from': array([74, 80, 99], dtype=int16), 'to': array([ 78,  88, 107], dtype=int16)}"
1681,I don't know how I could ever live without my Qousmio.,"{'term': array([''], dtype=object), 'polarity': array([''], dtype=object), 'from': array([0], dtype=int16), 'to': array([0], dtype=int16)}"
2973,"It has plenty of memory, lots of hard drive, and great graphics.","{'term': array(['memory', 'hard drive', 'graphics'], dtype=object), 'polarity': array(['positive', 'positive', 'positive'], dtype=object), 'from': array([17, 33, 55], dtype=int16), 'to': array([23, 43, 63], dtype=int16)}"
2612,It didn't take me long to get switched over to the Mac computer programs and navigation - it's been just fine and like the way this laptop functions much better.,"{'term': array(['programs', 'navigation'], dtype=object), 'polarity': array(['positive', 'positive'], dtype=object), 'from': array([64, 77], dtype=int16), 'to': array([72, 87], dtype=int16)}"
1864,"  It lasted for many years of travel, kids and abuse and if I fired it up today, it would work.","{'term': array([''], dtype=object), 'polarity': array([''], dtype=object), 'from': array([0], dtype=int16), 'to': array([0], dtype=int16)}"
2629,"been a PC user for many, many years.","{'term': array([''], dtype=object), 'polarity': array([''], dtype=object), 'from': array([0], dtype=int16), 'to': array([0], dtype=int16)}"
2207,"I have never had any issues or problems with my MacBook Pro so far, and it is still as fast as it was when I first bought it.","{'term': array([''], dtype=object), 'polarity': array([''], dtype=object), 'from': array([0], dtype=int16), 'to': array([0], dtype=int16)}"
249,"It freezes, and it always shows that there is an error, so I have to restart it a few times every time I use it.","{'term': array([''], dtype=object), 'polarity': array([''], dtype=object), 'from': array([0], dtype=int16), 'to': array([0], dtype=int16)}"
1283,"However, my girlfriend realized that the netbook's hinge is a bit loose (when you open or close the LCD).","{'term': array(['hinge', 'LCD'], dtype=object), 'polarity': array(['negative', 'neutral'], dtype=object), 'from': array([ 51, 100], dtype=int16), 'to': array([ 56, 103], dtype=int16)}"
1423,My problem was with DELL Customer Service.,"{'term': array(['DELL Customer Service'], dtype=object), 'polarity': array(['negative'], dtype=object), 'from': array([20], dtype=int16), 'to': array([41], dtype=int16)}"
288,"There are so many things wrong with this product, it just makes me want to set my self on fire!","{'term': array([''], dtype=object), 'polarity': array([''], dtype=object), 'from': array([0], dtype=int16), 'to': array([0], dtype=int16)}"
256,"It is not even a year old yet, so I would definitely not recommend it to anyone.","{'term': array([''], dtype=object), 'polarity': array([''], dtype=object), 'from': array([0], dtype=int16), 'to': array([0], dtype=int16)}"
2280,Amazing machine.,"{'term': array([''], dtype=object), 'polarity': array([''], dtype=object), 'from': array([0], dtype=int16), 'to': array([0], dtype=int16)}"
322,"I don't do any high tech stuff on it, just write papers, check mail, and sometimes play games, so I can't reccomend it if you are in the computer field.","{'term': array([''], dtype=object), 'polarity': array([''], dtype=object), 'from': array([0], dtype=int16), 'to': array([0], dtype=int16)}"
1072,"Newegg's RMA service was great as always, I contacted them late Friday night, and they issued me an RMA number and a PrePaid UPS shipping label the very next morning on Saturday.","{'term': array(['RMA service'], dtype=object), 'polarity': array(['positive'], dtype=object), 'from': array([9], dtype=int16), 'to': array([20], dtype=int16)}"
2826,I'm very impressed.,"{'term': array([''], dtype=object), 'polarity': array([''], dtype=object), 'from': array([0], dtype=int16), 'to': array([0], dtype=int16)}"
1390,Dell sucks,"{'term': array([''], dtype=object), 'polarity': array([''], dtype=object), 'from': array([0], dtype=int16), 'to': array([0], dtype=int16)}"
1739,Design: very durable.,"{'term': array(['Design'], dtype=object), 'polarity': array(['positive'], dtype=object), 'from': array([0], dtype=int16), 'to': array([6], dtype=int16)}"
2419,It is easy to go from one keyboard to another.,"{'term': array(['keyboard'], dtype=object), 'polarity': array(['neutral'], dtype=object), 'from': array([26], dtype=int16), 'to': array([34], dtype=int16)}"
785,I spoke to 4 different people and was told they needed to transfer me to a 5th person!,"{'term': array([''], dtype=object), 'polarity': array([''], dtype=object), 'from': array([0], dtype=int16), 'to': array([0], dtype=int16)}"
82,The Mac Book Pro performs flawlessly.,"{'term': array([''], dtype=object), 'polarity': array([''], dtype=object), 'from': array([0], dtype=int16), 'to': array([0], dtype=int16)}"
1549,Has a 5-6 hour battery life.,"{'term': array(['battery life'], dtype=object), 'polarity': array(['neutral'], dtype=object), 'from': array([15], dtype=int16), 'to': array([27], dtype=int16)}"
2086,My ONLY issues are: 1) the screen/video resolution won't increase to a higher resolution then 1024 x 60,"{'term': array(['screen/video resolution', 'resolution'], dtype=object), 'polarity': array(['negative', 'negative'], dtype=object), 'from': array([27, 78], dtype=int16), 'to': array([50, 88], dtype=int16)}"
300,"I run Dreamweaver, Final Cut Pro 7, Photoshop, Safari, Firefox, MSN Messenger and a few other applications constantly at the same time.","{'term': array(['applications', 'Dreamweaver', 'Final Cut Pro 7', 'Photoshop',
       'Safari', 'Firefox', 'MSN Messenger'], dtype=object), 'polarity': array(['neutral', 'neutral', 'neutral', 'neutral', 'neutral', 'neutral',
       'neutral'], dtype=object), 'from': array([94,  6, 19, 36, 47, 55, 64], dtype=int16), 'to': array([106,  17,  34,  45,  53,  62,  77], dtype=int16)}"
262,I have owned many computers and laptops.,"{'term': array([''], dtype=object), 'polarity': array([''], dtype=object), 'from': array([0], dtype=int16), 'to': array([0], dtype=int16)}"
2521,I recently purchased the mini and absolutely love it!,"{'term': array([''], dtype=object), 'polarity': array([''], dtype=object), 'from': array([0], dtype=int16), 'to': array([0], dtype=int16)}"
2284,Does a great job with video shot on a Canon 5D MKII.,"{'term': array([''], dtype=object), 'polarity': array([''], dtype=object), 'from': array([0], dtype=int16), 'to': array([0], dtype=int16)}"
851,"  I was told by many  that it was a great computer, but we got one of these, and it worked  great for one year, and as soon as the warrenty was up, then it got  really bad.","{'term': array(['warrenty'], dtype=object), 'polarity': array(['negative'], dtype=object), 'from': array([131], dtype=int16), 'to': array([139], dtype=int16)}"
1008,Ive had to call tech support many times.,"{'term': array(['tech support'], dtype=object), 'polarity': array(['neutral'], dtype=object), 'from': array([16], dtype=int16), 'to': array([28], dtype=int16)}"
2261,"The Apple applications (ex.iPhoto) are fun, easy, and really cool to use (unlike the competition)!","{'term': array(['Apple applications', 'iPhoto'], dtype=object), 'polarity': array(['positive', 'positive'], dtype=object), 'from': array([ 4, 27], dtype=int16), 'to': array([22, 33], dtype=int16)}"
2793,"Yes, I have it on the highest available setting.","{'term': array([''], dtype=object), 'polarity': array([''], dtype=object), 'from': array([0], dtype=int16), 'to': array([0], dtype=int16)}"
291,Not to mention it has shit gigs.,"{'term': array(['gigs'], dtype=object), 'polarity': array(['negative'], dtype=object), 'from': array([27], dtype=int16), 'to': array([31], dtype=int16)}"
1185,Hieroglyphics are quite common.,"{'term': array([''], dtype=object), 'polarity': array([''], dtype=object), 'from': array([0], dtype=int16), 'to': array([0], dtype=int16)}"
1719,This worked just fine.,"{'term': array([''], dtype=object), 'polarity': array([''], dtype=object), 'from': array([0], dtype=int16), 'to': array([0], dtype=int16)}"
391,"I paid for extra memory and the 17-inch screen, as well as the top of the line DVD and CD burners.","{'term': array(['memory', '17-inch screen', 'DVD', 'CD burners'], dtype=object), 'polarity': array(['neutral', 'neutral', 'positive', 'positive'], dtype=object), 'from': array([17, 32, 79, 87], dtype=int16), 'to': array([23, 46, 82, 97], dtype=int16)}"
1595,"Its pretty fast and does not have hiccups while I am using it for web browsing, uploading photos, watching movies (720p) on occasion and creating presentations.","{'term': array(['web browsing', 'uploading photos', 'watching movies',
       'creating presentations'], dtype=object), 'polarity': array(['positive', 'positive', 'positive', 'positive'], dtype=object), 'from': array([ 66,  80,  98, 137], dtype=int16), 'to': array([ 78,  96, 113, 159], dtype=int16)}"
1150,I was so happy with my new Mac.,"{'term': array([''], dtype=object), 'polarity': array([''], dtype=object), 'from': array([0], dtype=int16), 'to': array([0], dtype=int16)}"
2362,"Quality Display  I love HP,, it's the only computer/printer we will buy.","{'term': array(['Quality Display'], dtype=object), 'polarity': array(['positive'], dtype=object), 'from': array([0], dtype=int16), 'to': array([15], dtype=int16)}"
116,"Despite the inconvenient weight, I opted for the 12 cell battery.","{'term': array(['weight', '12 cell battery'], dtype=object), 'polarity': array(['conflict', 'positive'], dtype=object), 'from': array([25, 49], dtype=int16), 'to': array([31, 64], dtype=int16)}"
2119,My MacBook is faster than any comparable PC.,"{'term': array([''], dtype=object), 'polarity': array([''], dtype=object), 'from': array([0], dtype=int16), 'to': array([0], dtype=int16)}"
2647,The case is carved out of a single block of aluminum.,"{'term': array(['case'], dtype=object), 'polarity': array(['neutral'], dtype=object), 'from': array([4], dtype=int16), 'to': array([8], dtype=int16)}"
2108,I'm very happy with this machine!,"{'term': array([''], dtype=object), 'polarity': array([''], dtype=object), 'from': array([0], dtype=int16), 'to': array([0], dtype=int16)}"
789,I do not recommend this company or their products!!!!,"{'term': array([''], dtype=object), 'polarity': array([''], dtype=object), 'from': array([0], dtype=int16), 'to': array([0], dtype=int16)}"
570,I like this machine because its very lightweight...,"{'term': array([''], dtype=object), 'polarity': array([''], dtype=object), 'from': array([0], dtype=int16), 'to': array([0], dtype=int16)}"
980,     First it burned or fused the power adapter plug.,"{'term': array(['power adapter plug'], dtype=object), 'polarity': array(['negative'], dtype=object), 'from': array([34], dtype=int16), 'to': array([52], dtype=int16)}"
668,"the features are great, the only thing it needs is better speakers.","{'term': array(['features', 'speakers'], dtype=object), 'polarity': array(['positive', 'negative'], dtype=object), 'from': array([ 4, 58], dtype=int16), 'to': array([12, 66], dtype=int16)}"
1106,"It was still working, but there was nothing on the screen.","{'term': array(['screen'], dtype=object), 'polarity': array(['negative'], dtype=object), 'from': array([51], dtype=int16), 'to': array([57], dtype=int16)}"
140,I bought this laptop and found its TAB is not functioning.,"{'term': array(['TAB'], dtype=object), 'polarity': array(['negative'], dtype=object), 'from': array([35], dtype=int16), 'to': array([38], dtype=int16)}"
1418,  Toshiba is aware of the issue but unless the extended warrenty is bought Toshiba will do nothing about it.,"{'term': array(['extended warrenty'], dtype=object), 'polarity': array(['negative'], dtype=object), 'from': array([47], dtype=int16), 'to': array([64], dtype=int16)}"
539,HP said I had done the damage.,"{'term': array([''], dtype=object), 'polarity': array([''], dtype=object), 'from': array([0], dtype=int16), 'to': array([0], dtype=int16)}"
621,"-Called headquarters again, they report that TFT panel is broken, should be fixed by the end of the week (week 3).","{'term': array(['TFT panel'], dtype=object), 'polarity': array(['negative'], dtype=object), 'from': array([45], dtype=int16), 'to': array([54], dtype=int16)}"
2360,"Navigation through the computer is far superior compared to Windows operating systems, as well.","{'term': array(['Navigation', 'Windows operating systems'], dtype=object), 'polarity': array(['positive', 'negative'], dtype=object), 'from': array([ 0, 60], dtype=int16), 'to': array([10, 85], dtype=int16)}"
2397,I would recommend this product.,"{'term': array([''], dtype=object), 'polarity': array([''], dtype=object), 'from': array([0], dtype=int16), 'to': array([0], dtype=int16)}"
2449,"If I had to buy another computer, I would most definetly buy an acer one computer.","{'term': array([''], dtype=object), 'polarity': array([''], dtype=object), 'from': array([0], dtype=int16), 'to': array([0], dtype=int16)}"
1126,"The screen is framed by half- to a full-inch margin that is obviously unnecessary, reduces the screen size and increases the bulk.","{'term': array(['screen', 'screen size', 'bulk'], dtype=object), 'polarity': array(['negative', 'negative', 'negative'], dtype=object), 'from': array([  4,  95, 125], dtype=int16), 'to': array([ 10, 106, 129], dtype=int16)}"
1745,"Though the picture, video, and music software is nowhere close to professional grade software Im used to (CS5) but does the job for beginner and even intermediate media designers.","{'term': array(['music software', 'software', 'picture', 'video'], dtype=object), 'polarity': array(['negative', 'positive', 'negative', 'negative'], dtype=object), 'from': array([31, 85, 11, 20], dtype=int16), 'to': array([45, 93, 18, 25], dtype=int16)}"
2205,I previously owned an HP desktop and a Dell laptop.,"{'term': array([''], dtype=object), 'polarity': array([''], dtype=object), 'from': array([0], dtype=int16), 'to': array([0], dtype=int16)}"
1065,Everything else just install and go.,"{'term': array([''], dtype=object), 'polarity': array([''], dtype=object), 'from': array([0], dtype=int16), 'to': array([0], dtype=int16)}"
987,  This thing is a lemon.,"{'term': array([''], dtype=object), 'polarity': array([''], dtype=object), 'from': array([0], dtype=int16), 'to': array([0], dtype=int16)}"
363,My laptop is almost 2yrs old and I have never had any problems with it.,"{'term': array([''], dtype=object), 'polarity': array([''], dtype=object), 'from': array([0], dtype=int16), 'to': array([0], dtype=int16)}"
1276,All the customers that come in hate Dell.,"{'term': array([''], dtype=object), 'polarity': array([''], dtype=object), 'from': array([0], dtype=int16), 'to': array([0], dtype=int16)}"
2911,"We now own two of these, identical.","{'term': array([''], dtype=object), 'polarity': array([''], dtype=object), 'from': array([0], dtype=int16), 'to': array([0], dtype=int16)}"
2714,I've already recommended this laptop to a friend who eye'd the computer when I took it out of my bag.,"{'term': array([''], dtype=object), 'polarity': array([''], dtype=object), 'from': array([0], dtype=int16), 'to': array([0], dtype=int16)}"
2900,"I enjoy very much my new Toshiba, purchased specifially for attending online schooling.","{'term': array([''], dtype=object), 'polarity': array([''], dtype=object), 'from': array([0], dtype=int16), 'to': array([0], dtype=int16)}"
2177,"Once you go Mac, you can't go back!","{'term': array([''], dtype=object), 'polarity': array([''], dtype=object), 'from': array([0], dtype=int16), 'to': array([0], dtype=int16)}"
164,"I brought this laptop last friday, and originally it worked fantastic.","{'term': array([''], dtype=object), 'polarity': array([''], dtype=object), 'from': array([0], dtype=int16), 'to': array([0], dtype=int16)}"
39,The much lauded combined touch pad and clicker is a nightmare.,"{'term': array(['combined touch pad and clicker'], dtype=object), 'polarity': array(['negative'], dtype=object), 'from': array([16], dtype=int16), 'to': array([46], dtype=int16)}"
3019,"The Unibody construction is solid, sleek and beautiful.","{'term': array(['Unibody construction'], dtype=object), 'polarity': array(['positive'], dtype=object), 'from': array([4], dtype=int16), 'to': array([24], dtype=int16)}"
1517,"They're easy, fun, powerful and will last a long time.","{'term': array([''], dtype=object), 'polarity': array([''], dtype=object), 'from': array([0], dtype=int16), 'to': array([0], dtype=int16)}"
1090,I WANT MY L505-s5988 BACK!,"{'term': array([''], dtype=object), 'polarity': array([''], dtype=object), 'from': array([0], dtype=int16), 'to': array([0], dtype=int16)}"
1678,"I let my friend borrow it, and she knows nothing about computers, and she used it with ease.","{'term': array([''], dtype=object), 'polarity': array([''], dtype=object), 'from': array([0], dtype=int16), 'to': array([0], dtype=int16)}"
2469,This MacBook is an outstanding product with great value.,"{'term': array(['value'], dtype=object), 'polarity': array(['positive'], dtype=object), 'from': array([50], dtype=int16), 'to': array([55], dtype=int16)}"
2429,"If that is the case for you, I would suggest a pull-behind solution when looking at cases.","{'term': array([''], dtype=object), 'polarity': array([''], dtype=object), 'from': array([0], dtype=int16), 'to': array([0], dtype=int16)}"
1986,I had to re-install Windows within two weeks of the purchase and soon discovered cracks in the screen hinges.,"{'term': array(['Windows', 'screen hinges'], dtype=object), 'polarity': array(['negative', 'negative'], dtype=object), 'from': array([20, 95], dtype=int16), 'to': array([ 27, 108], dtype=int16)}"
1088,A SECOND PROBLEM INVOLVES THE BATTERY WHICH IS ADVERTISED AS HAVING A STORAGE LIFE OF 11 HOURS BUT WHEN FULLY CHARGED SHOWS ONLY 7 HOURS OF SERVICE.,"{'term': array(['BATTERY', 'STORAGE LIFE', 'SERVICE'], dtype=object), 'polarity': array(['negative', 'conflict', 'negative'], dtype=object), 'from': array([ 30,  70, 140], dtype=int16), 'to': array([ 37,  82, 147], dtype=int16)}"
678,and plenty of storage with 250 gb(though I will upgrade this and the ram..),"{'term': array(['storage', 'ram'], dtype=object), 'polarity': array(['positive', 'neutral'], dtype=object), 'from': array([14, 69], dtype=int16), 'to': array([21, 72], dtype=int16)}"
417,"I had to call Apple 19 times (each time 40 to 75 minutes on the phone), and take it to their store for evaluations, and diagnostics, 5 times.","{'term': array([''], dtype=object), 'polarity': array([''], dtype=object), 'from': array([0], dtype=int16), 'to': array([0], dtype=int16)}"
625,"No temporary replacement, they are out of replacements because ""many computers had problems with the Nvidia chipset""-Inquired status of repair.","{'term': array(['Nvidia chipset'], dtype=object), 'polarity': array(['negative'], dtype=object), 'from': array([101], dtype=int16), 'to': array([115], dtype=int16)}"
2035,I took it to friend who temporarily fixed it and I finally paid about 1500 for the extended warranty.,"{'term': array(['extended warranty'], dtype=object), 'polarity': array(['neutral'], dtype=object), 'from': array([83], dtype=int16), 'to': array([100], dtype=int16)}"
636,I respond that I do not have the old computer...,"{'term': array([''], dtype=object), 'polarity': array([''], dtype=object), 'from': array([0], dtype=int16), 'to': array([0], dtype=int16)}"
1808,I homeschool my kids and with this netbook next to my desk we get to teaching and illustrating without skipping a beat.,"{'term': array([''], dtype=object), 'polarity': array([''], dtype=object), 'from': array([0], dtype=int16), 'to': array([0], dtype=int16)}"
1921,"Programs would crash all the time, and it turned out to be a very unstable, unreliable laptop for me.","{'term': array(['Programs'], dtype=object), 'polarity': array(['negative'], dtype=object), 'from': array([0], dtype=int16), 'to': array([8], dtype=int16)}"
1872,I BOUGHT THIS LAP TOP AND THE CHARGE TIME DOSEN'T LAST AS LONG AS THEY SAY IT WILL MORE LIKE 2 HOURS,"{'term': array(['CHARGE TIME'], dtype=object), 'polarity': array(['negative'], dtype=object), 'from': array([30], dtype=int16), 'to': array([41], dtype=int16)}"
1413,"Also, because of the size and consistancy of the laptop computer, some websites wouldn't even attempt to work on the computer because of browser problems.","{'term': array(['size', 'consistancy'], dtype=object), 'polarity': array(['negative', 'negative'], dtype=object), 'from': array([21, 30], dtype=int16), 'to': array([25, 41], dtype=int16)}"
369,I work with kids and they love making short videos on there.,"{'term': array([''], dtype=object), 'polarity': array([''], dtype=object), 'from': array([0], dtype=int16), 'to': array([0], dtype=int16)}"
321,"It is very durable, I am pretty rough when it comes to electronics and it has taken it all with no reprecutions yet.","{'term': array([''], dtype=object), 'polarity': array([''], dtype=object), 'from': array([0], dtype=int16), 'to': array([0], dtype=int16)}"
2636,"the key bindings take a little getting used to, but have loved the Macbook Pro.","{'term': array(['key bindings'], dtype=object), 'polarity': array(['negative'], dtype=object), 'from': array([4], dtype=int16), 'to': array([16], dtype=int16)}"
357,Keyboard is reasonable size.,"{'term': array(['Keyboard', 'size'], dtype=object), 'polarity': array(['positive', 'positive'], dtype=object), 'from': array([ 0, 23], dtype=int16), 'to': array([ 8, 27], dtype=int16)}"
1230,Instead it is sitting in West Verginia waiting for UPS to take two days to send Me a box and Two days for them to ship the computer some 691 miles by air? to Louisville Ky.,"{'term': array([''], dtype=object), 'polarity': array([''], dtype=object), 'from': array([0], dtype=int16), 'to': array([0], dtype=int16)}"
1006,I'm now trying to decide on another Dell model.,"{'term': array([''], dtype=object), 'polarity': array([''], dtype=object), 'from': array([0], dtype=int16), 'to': array([0], dtype=int16)}"
3075,I find myself using the 10-key more than I thought I would.,"{'term': array(['10-key'], dtype=object), 'polarity': array(['positive'], dtype=object), 'from': array([24], dtype=int16), 'to': array([30], dtype=int16)}"
216,The Macbook is a fantastic laptop.,"{'term': array([''], dtype=object), 'polarity': array([''], dtype=object), 'from': array([0], dtype=int16), 'to': array([0], dtype=int16)}"
3045,Fan noise: The fan made a constant hissing noise in the background.,"{'term': array(['Fan', 'fan'], dtype=object), 'polarity': array(['negative', 'negative'], dtype=object), 'from': array([ 0, 15], dtype=int16), 'to': array([ 3, 18], dtype=int16)}"
1688,"I believe this is because I was more active than the average user, meaning I average about three ""tabs"".","{'term': array([''], dtype=object), 'polarity': array([''], dtype=object), 'from': array([0], dtype=int16), 'to': array([0], dtype=int16)}"
2098,Best Buy Rocks!,"{'term': array([''], dtype=object), 'polarity': array([''], dtype=object), 'from': array([0], dtype=int16), 'to': array([0], dtype=int16)}"
1877,A couple things you should know:,"{'term': array([''], dtype=object), 'polarity': array([''], dtype=object), 'from': array([0], dtype=int16), 'to': array([0], dtype=int16)}"
129,"bought the first asus laptop in san francisco, returned it in santa maria, thinking it was just a problem with that computer.","{'term': array([''], dtype=object), 'polarity': array([''], dtype=object), 'from': array([0], dtype=int16), 'to': array([0], dtype=int16)}"
235,"The screen is bright and clear, the operating system is solid and friendly to a novice.","{'term': array(['screen', 'operating system'], dtype=object), 'polarity': array(['positive', 'positive'], dtype=object), 'from': array([ 4, 36], dtype=int16), 'to': array([10, 52], dtype=int16)}"
3055,It has a .1 ghz faster processor and a stock 500gb hard drive.,"{'term': array(['processor', '500gb hard drive'], dtype=object), 'polarity': array(['positive', 'positive'], dtype=object), 'from': array([23, 45], dtype=int16), 'to': array([32, 61], dtype=int16)}"
2865,The feature are good enough for what I need.,"{'term': array(['feature'], dtype=object), 'polarity': array(['positive'], dtype=object), 'from': array([4], dtype=int16), 'to': array([11], dtype=int16)}"
1300,All the yada-yada.,"{'term': array([''], dtype=object), 'polarity': array([''], dtype=object), 'from': array([0], dtype=int16), 'to': array([0], dtype=int16)}"
1197,"Finally, the biggest problem has been tech support.","{'term': array(['tech support'], dtype=object), 'polarity': array(['negative'], dtype=object), 'from': array([38], dtype=int16), 'to': array([50], dtype=int16)}"
2538,this laptop is great for work and doing my pictures.,"{'term': array([''], dtype=object), 'polarity': array([''], dtype=object), 'from': array([0], dtype=int16), 'to': array([0], dtype=int16)}"
1403,I had the computer for a full year and it was a new computer.,"{'term': array([''], dtype=object), 'polarity': array([''], dtype=object), 'from': array([0], dtype=int16), 'to': array([0], dtype=int16)}"
2676,""" This isn't a big deal, I haven't noticed the issue with DVDs or other media, only through USB output.","{'term': array(['USB output'], dtype=object), 'polarity': array(['negative'], dtype=object), 'from': array([92], dtype=int16), 'to': array([102], dtype=int16)}"
75,I love it!,"{'term': array([''], dtype=object), 'polarity': array([''], dtype=object), 'from': array([0], dtype=int16), 'to': array([0], dtype=int16)}"
2319,With Windows laptops a wireless mouse is an absolute must.,"{'term': array(['wireless mouse'], dtype=object), 'polarity': array(['neutral'], dtype=object), 'from': array([23], dtype=int16), 'to': array([37], dtype=int16)}"
452,"(I had been a Windows/Linux user before this) I love the size because the screen is big enough for what I use it for (Internet, artwork), and yet it is small enough to be reasonably portable.","{'term': array(['size', 'screen', 'Windows', 'Linux'], dtype=object), 'polarity': array(['positive', 'positive', 'neutral', 'neutral'], dtype=object), 'from': array([57, 74, 14, 22], dtype=int16), 'to': array([61, 80, 21, 27], dtype=int16)}"
2498,But if you're willing to pay another 200 dollar for a windows disc.,"{'term': array(['windows disc'], dtype=object), 'polarity': array(['neutral'], dtype=object), 'from': array([54], dtype=int16), 'to': array([66], dtype=int16)}"
2515,Very good quality and well made.,"{'term': array(['quality'], dtype=object), 'polarity': array(['positive'], dtype=object), 'from': array([10], dtype=int16), 'to': array([17], dtype=int16)}"
2320,"I bought a Logitech desktop set in anticipation for using with the MBP, but I use the touchpad 90% of the time.","{'term': array(['touchpad'], dtype=object), 'polarity': array(['positive'], dtype=object), 'from': array([86], dtype=int16), 'to': array([94], dtype=int16)}"
2051,"When calling Dell for help, reurn, or a new computer they were not useful and left it up to myself to figure out what to do with it.","{'term': array([''], dtype=object), 'polarity': array([''], dtype=object), 'from': array([0], dtype=int16), 'to': array([0], dtype=int16)}"
1017,Two of the times was in one month.,"{'term': array([''], dtype=object), 'polarity': array([''], dtype=object), 'from': array([0], dtype=int16), 'to': array([0], dtype=int16)}"
971,"So needless to day, I'm not happy.","{'term': array([''], dtype=object), 'polarity': array([''], dtype=object), 'from': array([0], dtype=int16), 'to': array([0], dtype=int16)}"
3083,my niece and nephew have played a few web games and it runs anything that doesn't require a dedicated video card.,"{'term': array(['video card'], dtype=object), 'polarity': array(['neutral'], dtype=object), 'from': array([102], dtype=int16), 'to': array([112], dtype=int16)}"
1687,"Although I was promised about 10 hours, I found myself to a limited 7 hours (which is still amazing).","{'term': array([''], dtype=object), 'polarity': array([''], dtype=object), 'from': array([0], dtype=int16), 'to': array([0], dtype=int16)}"
2593,It had the full sized touch pad with 2 buttons instead of just one.,"{'term': array(['touch pad'], dtype=object), 'polarity': array(['neutral'], dtype=object), 'from': array([22], dtype=int16), 'to': array([31], dtype=int16)}"
1507,It was also cheaper than the Pro which made it even more appealing to me.,"{'term': array([''], dtype=object), 'polarity': array([''], dtype=object), 'from': array([0], dtype=int16), 'to': array([0], dtype=int16)}"
336,"Typically, when I purchase a new laptop I always end up using an external mouse for convenience.","{'term': array(['external mouse'], dtype=object), 'polarity': array(['neutral'], dtype=object), 'from': array([65], dtype=int16), 'to': array([79], dtype=int16)}"
2391,Consumer Report recommended Toshiba.,"{'term': array([''], dtype=object), 'polarity': array([''], dtype=object), 'from': array([0], dtype=int16), 'to': array([0], dtype=int16)}"
786,Needless to say I told them No and have a nice day and hung up!,"{'term': array([''], dtype=object), 'polarity': array([''], dtype=object), 'from': array([0], dtype=int16), 'to': array([0], dtype=int16)}"
1616,It was super easy to set up and Is really easy to get used to.,"{'term': array(['set up'], dtype=object), 'polarity': array(['positive'], dtype=object), 'from': array([21], dtype=int16), 'to': array([27], dtype=int16)}"
1062,"The only thing that can be updated is the video, other than that you're all set.","{'term': array(['video'], dtype=object), 'polarity': array(['negative'], dtype=object), 'from': array([42], dtype=int16), 'to': array([47], dtype=int16)}"
1982,It wasn't worth it.,"{'term': array([''], dtype=object), 'polarity': array([''], dtype=object), 'from': array([0], dtype=int16), 'to': array([0], dtype=int16)}"
2704,Its a good laptop for its value.,"{'term': array(['value'], dtype=object), 'polarity': array(['positive'], dtype=object), 'from': array([26], dtype=int16), 'to': array([31], dtype=int16)}"
2930,ANd I babyed the heck out of it just one day when i opened it turned it on went to click and it was broke.,"{'term': array([''], dtype=object), 'polarity': array([''], dtype=object), 'from': array([0], dtype=int16), 'to': array([0], dtype=int16)}"
343,Probbly the worst decision we ever made!,"{'term': array([''], dtype=object), 'polarity': array([''], dtype=object), 'from': array([0], dtype=int16), 'to': array([0], dtype=int16)}"
1152,Then the hard drive failed;,"{'term': array(['hard drive'], dtype=object), 'polarity': array(['negative'], dtype=object), 'from': array([9], dtype=int16), 'to': array([19], dtype=int16)}"
1868,  This computer literally takes about five minutes to start up and to be able to use without it crawling and I DO mean crawling.,"{'term': array([''], dtype=object), 'polarity': array([''], dtype=object), 'from': array([0], dtype=int16), 'to': array([0], dtype=int16)}"
1353,I had less problems.,"{'term': array([''], dtype=object), 'polarity': array([''], dtype=object), 'from': array([0], dtype=int16), 'to': array([0], dtype=int16)}"
977,It will be returned in the state to which it was shipped Michigan.,"{'term': array([''], dtype=object), 'polarity': array([''], dtype=object), 'from': array([0], dtype=int16), 'to': array([0], dtype=int16)}"
2747,"Plain and simple, it(laptop) runs great and loads fast.","{'term': array(['runs', 'loads'], dtype=object), 'polarity': array(['positive', 'positive'], dtype=object), 'from': array([29, 44], dtype=int16), 'to': array([33, 49], dtype=int16)}"
2102,This machine rocks!,"{'term': array([''], dtype=object), 'polarity': array([''], dtype=object), 'from': array([0], dtype=int16), 'to': array([0], dtype=int16)}"
967,of course my warranty runs out next month.,"{'term': array(['warranty'], dtype=object), 'polarity': array(['neutral'], dtype=object), 'from': array([13], dtype=int16), 'to': array([21], dtype=int16)}"
1774,My next laptop will also be a Mac!,"{'term': array([''], dtype=object), 'polarity': array([''], dtype=object), 'from': array([0], dtype=int16), 'to': array([0], dtype=int16)}"
1685,But not in this case.,"{'term': array([''], dtype=object), 'polarity': array([''], dtype=object), 'from': array([0], dtype=int16), 'to': array([0], dtype=int16)}"
932,"taking notes, research, an online class and such and didn't want to spend too much on my first machine.","{'term': array([''], dtype=object), 'polarity': array([''], dtype=object), 'from': array([0], dtype=int16), 'to': array([0], dtype=int16)}"
2501,The capabilities using that program alone made me want a Mac.,"{'term': array(['program'], dtype=object), 'polarity': array(['positive'], dtype=object), 'from': array([28], dtype=int16), 'to': array([35], dtype=int16)}"
1873,"When I got this laptop in 2007 to help me with school, I had a hard time from beginning.","{'term': array([''], dtype=object), 'polarity': array([''], dtype=object), 'from': array([0], dtype=int16), 'to': array([0], dtype=int16)}"
1753,I do not know for sure.,"{'term': array([''], dtype=object), 'polarity': array([''], dtype=object), 'from': array([0], dtype=int16), 'to': array([0], dtype=int16)}"
892,No machine has come remotely close to causing as many problems.,"{'term': array([''], dtype=object), 'polarity': array([''], dtype=object), 'from': array([0], dtype=int16), 'to': array([0], dtype=int16)}"
1241,Every single one we've gotten we've had problems with.,"{'term': array([''], dtype=object), 'polarity': array([''], dtype=object), 'from': array([0], dtype=int16), 'to': array([0], dtype=int16)}"
135,it is the worst computer dell ever made.,"{'term': array([''], dtype=object), 'polarity': array([''], dtype=object), 'from': array([0], dtype=int16), 'to': array([0], dtype=int16)}"
1801,"(If you ever see the spinning beachball come up when you think it shouldn't, check the ""Activity Monitor"" app to see if the disk throughput has temporarily dropped to zero.","{'term': array(['disk throughput', 'spinning beachball'], dtype=object), 'polarity': array(['neutral', 'negative'], dtype=object), 'from': array([124,  21], dtype=int16), 'to': array([139,  39], dtype=int16)}"
2902,"I have found also, it is very easy to be able to access wireless internet access;","{'term': array(['wireless internet access'], dtype=object), 'polarity': array(['positive'], dtype=object), 'from': array([56], dtype=int16), 'to': array([80], dtype=int16)}"
2062,About 1/2 of the sites I need to visit because of my work contain some type of Flash.,"{'term': array([''], dtype=object), 'polarity': array([''], dtype=object), 'from': array([0], dtype=int16), 'to': array([0], dtype=int16)}"
2656,This is a great value for the money.,"{'term': array(['value'], dtype=object), 'polarity': array(['positive'], dtype=object), 'from': array([16], dtype=int16), 'to': array([21], dtype=int16)}"
652,"It was a great laptop, ran great and was really fast.","{'term': array(['ran'], dtype=object), 'polarity': array(['positive'], dtype=object), 'from': array([23], dtype=int16), 'to': array([26], dtype=int16)}"
170,The battery has never worked well.,"{'term': array(['battery'], dtype=object), 'polarity': array(['negative'], dtype=object), 'from': array([4], dtype=int16), 'to': array([11], dtype=int16)}"
665,return it.,"{'term': array([''], dtype=object), 'polarity': array([''], dtype=object), 'from': array([0], dtype=int16), 'to': array([0], dtype=int16)}"
787,I can guarantee this will be the last Dell I will ever purchase!,"{'term': array([''], dtype=object), 'polarity': array([''], dtype=object), 'from': array([0], dtype=int16), 'to': array([0], dtype=int16)}"
814,  They said it was a computer error on this type of computer.,"{'term': array([''], dtype=object), 'polarity': array([''], dtype=object), 'from': array([0], dtype=int16), 'to': array([0], dtype=int16)}"
2047,I will never buy another computer from Dell ever again do to how awful it worked and how I was treated by the company.,"{'term': array(['company'], dtype=object), 'polarity': array(['negative'], dtype=object), 'from': array([110], dtype=int16), 'to': array([117], dtype=int16)}"
3039,My review mainly talks about the difference I have felt between an early 2011 and late 2011 mac book pro.,"{'term': array([''], dtype=object), 'polarity': array([''], dtype=object), 'from': array([0], dtype=int16), 'to': array([0], dtype=int16)}"
1371,  That was a big mistake.,"{'term': array([''], dtype=object), 'polarity': array([''], dtype=object), 'from': array([0], dtype=int16), 'to': array([0], dtype=int16)}"
2666,The only problem is a lack of screen resolutions!,"{'term': array(['screen resolutions'], dtype=object), 'polarity': array(['negative'], dtype=object), 'from': array([30], dtype=int16), 'to': array([48], dtype=int16)}"
741,"Small enough to use on a long flight, Light enough to carry through airports and powerful enough to replace my desktop while on long business trips.","{'term': array(['carry'], dtype=object), 'polarity': array(['positive'], dtype=object), 'from': array([54], dtype=int16), 'to': array([59], dtype=int16)}"
1748,Typing on the keyboard becomes uncomfortable after extended use due to the sharp edges that your wrists rest on.,"{'term': array(['keyboard', 'edges'], dtype=object), 'polarity': array(['negative', 'negative'], dtype=object), 'from': array([14, 81], dtype=int16), 'to': array([22, 86], dtype=int16)}"
774,If you are looking for a netbook pc DO NOT BUY FROM ASUS!!!,"{'term': array([''], dtype=object), 'polarity': array([''], dtype=object), 'from': array([0], dtype=int16), 'to': array([0], dtype=int16)}"
2246,"It has many great programs, such as ILife, iPhotos and others.","{'term': array(['programs', 'ILife', 'iPhotos'], dtype=object), 'polarity': array(['positive', 'positive', 'positive'], dtype=object), 'from': array([18, 36, 43], dtype=int16), 'to': array([26, 41, 50], dtype=int16)}"
1055,Other Thoughts: Received replacement 16 Days later.,"{'term': array([''], dtype=object), 'polarity': array([''], dtype=object), 'from': array([0], dtype=int16), 'to': array([0], dtype=int16)}"
401,"If the number of patrons in the Apple store are any indication, HP and other PC manufacturers need to take note.","{'term': array([''], dtype=object), 'polarity': array([''], dtype=object), 'from': array([0], dtype=int16), 'to': array([0], dtype=int16)}"
2032,"The processor went on me, the fan went and the motherboard went.","{'term': array(['processor', 'fan', 'motherboard'], dtype=object), 'polarity': array(['negative', 'negative', 'negative'], dtype=object), 'from': array([ 4, 30, 47], dtype=int16), 'to': array([13, 33, 58], dtype=int16)}"
1780,I bought my first MacBook after seeing the product demonstrated.,"{'term': array([''], dtype=object), 'polarity': array([''], dtype=object), 'from': array([0], dtype=int16), 'to': array([0], dtype=int16)}"
150,It is very well built.,"{'term': array(['built'], dtype=object), 'polarity': array(['positive'], dtype=object), 'from': array([16], dtype=int16), 'to': array([21], dtype=int16)}"
1581,Might not make the avid gamer happy but I don't really think that is what this computer is designed for.,"{'term': array([''], dtype=object), 'polarity': array([''], dtype=object), 'from': array([0], dtype=int16), 'to': array([0], dtype=int16)}"
302,I highly recommend this laptop to anybody that wants great performance from a laptop and would like to relax and not become enraged cursing the gods about to throw your laptop out the door.,"{'term': array(['performance'], dtype=object), 'polarity': array(['positive'], dtype=object), 'from': array([59], dtype=int16), 'to': array([70], dtype=int16)}"
204,The screen resolution was exactly what I was looking for.,"{'term': array(['screen resolution'], dtype=object), 'polarity': array(['positive'], dtype=object), 'from': array([4], dtype=int16), 'to': array([21], dtype=int16)}"
2080,"Even though it is running Snow Leopard, 2.4 GHz C2D is a bit of an antiquated CPU and thus the occasional spinning wheel would appear when running Office Mac applications such as Word or Excel.","{'term': array(['Snow Leopard', 'CPU', 'Office Mac applications', 'Word', 'Excel',
       'spinning wheel'], dtype=object), 'polarity': array(['positive', 'negative', 'negative', 'negative', 'negative',
       'negative'], dtype=object), 'from': array([ 26,  78, 147, 179, 187, 106], dtype=int16), 'to': array([ 38,  81, 170, 183, 192, 120], dtype=int16)}"
964,seriously why haven't they just replaced it by now.,"{'term': array([''], dtype=object), 'polarity': array([''], dtype=object), 'from': array([0], dtype=int16), 'to': array([0], dtype=int16)}"
2780,There is no number pad to the right of the keyboard which is a bummer.,"{'term': array(['pad', 'keyboard'], dtype=object), 'polarity': array(['negative', 'negative'], dtype=object), 'from': array([19, 43], dtype=int16), 'to': array([22, 51], dtype=int16)}"
1105,After 20-30 min the screen of the notebook switched off.,"{'term': array(['screen'], dtype=object), 'polarity': array(['negative'], dtype=object), 'from': array([20], dtype=int16), 'to': array([26], dtype=int16)}"
1484,"If upgrade is possible to the full Windows 7, then I will truly be a very happy geek.","{'term': array(['Windows 7'], dtype=object), 'polarity': array(['positive'], dtype=object), 'from': array([35], dtype=int16), 'to': array([44], dtype=int16)}"
17,I have used both PCs and Macs and I have to say that I really really love my Mac Book Pro.,"{'term': array([''], dtype=object), 'polarity': array([''], dtype=object), 'from': array([0], dtype=int16), 'to': array([0], dtype=int16)}"
2506,"I was originally concerned that I couldn't view work I had done in college on my Mac because of the PC formatting, but I was even more thrilled to learn of programs like iLife and iWork that allow you to convert your PC documents into readable files on Macs.","{'term': array(['programs', 'iLife', 'iWork'], dtype=object), 'polarity': array(['positive', 'positive', 'positive'], dtype=object), 'from': array([156, 170, 180], dtype=int16), 'to': array([164, 175, 185], dtype=int16)}"
2281,"It is a big big, but since it has a 18.4"" screen what would you expect!","{'term': array(['18.4"" screen'], dtype=object), 'polarity': array(['conflict'], dtype=object), 'from': array([36], dtype=int16), 'to': array([48], dtype=int16)}"
1978,I have never had an experience like this.,"{'term': array([''], dtype=object), 'polarity': array([''], dtype=object), 'from': array([0], dtype=int16), 'to': array([0], dtype=int16)}"
2659,We haven't had any problems with it at all.,"{'term': array([''], dtype=object), 'polarity': array([''], dtype=object), 'from': array([0], dtype=int16), 'to': array([0], dtype=int16)}"
2729,returned it to walmart.,"{'term': array([''], dtype=object), 'polarity': array([''], dtype=object), 'from': array([0], dtype=int16), 'to': array([0], dtype=int16)}"
572,10 hours of battery life is really something else....,"{'term': array(['battery life'], dtype=object), 'polarity': array(['positive'], dtype=object), 'from': array([12], dtype=int16), 'to': array([24], dtype=int16)}"
2965,I love everything about it.,"{'term': array([''], dtype=object), 'polarity': array([''], dtype=object), 'from': array([0], dtype=int16), 'to': array([0], dtype=int16)}"
731,It's slow and one day i hope to have the money to get rid of it and buy something else.,"{'term': array([''], dtype=object), 'polarity': array([''], dtype=object), 'from': array([0], dtype=int16), 'to': array([0], dtype=int16)}"
2522,It meets all my needs for work and pleasure while traveling.,"{'term': array([''], dtype=object), 'polarity': array([''], dtype=object), 'from': array([0], dtype=int16), 'to': array([0], dtype=int16)}"
15,Runs fast and the regular layout keyboard is so much better.,"{'term': array(['regular layout keyboard', 'Runs'], dtype=object), 'polarity': array(['positive', 'positive'], dtype=object), 'from': array([18,  0], dtype=int16), 'to': array([41,  4], dtype=int16)}"
958,All was well.,"{'term': array([''], dtype=object), 'polarity': array([''], dtype=object), 'from': array([0], dtype=int16), 'to': array([0], dtype=int16)}"
1489,"All the programs are easy and straight forward on my MacBook Pro, it is clean and organized, which I always strive to be myself.","{'term': array(['programs'], dtype=object), 'polarity': array(['positive'], dtype=object), 'from': array([8], dtype=int16), 'to': array([16], dtype=int16)}"
1303,He said quite a number of people had encountered this problem and said it is a common issue.,"{'term': array([''], dtype=object), 'polarity': array([''], dtype=object), 'from': array([0], dtype=int16), 'to': array([0], dtype=int16)}"
906,Not worth it one bit.,"{'term': array([''], dtype=object), 'polarity': array([''], dtype=object), 'from': array([0], dtype=int16), 'to': array([0], dtype=int16)}"
1123,I just can't fathom that the celebrated Dell would last a week in environment of free competition with normal products - it only survives b/c its substandard laptops are forced onto captive students and employees through question-raising programs.,"{'term': array([''], dtype=object), 'polarity': array([''], dtype=object), 'from': array([0], dtype=int16), 'to': array([0], dtype=int16)}"
730,Much of which HP ended up paying for.,"{'term': array([''], dtype=object), 'polarity': array([''], dtype=object), 'from': array([0], dtype=int16), 'to': array([0], dtype=int16)}"
659,I reinstalled windows through the recovery discs and everything seemed good again.,"{'term': array(['windows', 'recovery discs'], dtype=object), 'polarity': array(['positive', 'positive'], dtype=object), 'from': array([14, 34], dtype=int16), 'to': array([21, 48], dtype=int16)}"
25,"Windows 7 Starter is terrific (no you can't change the background) but I don't need to, I use it just for school work.","{'term': array(['Windows 7 Starter'], dtype=object), 'polarity': array(['positive'], dtype=object), 'from': array([0], dtype=int16), 'to': array([17], dtype=int16)}"
1043,Support has been lackluster and now I just want a refund.,"{'term': array(['Support'], dtype=object), 'polarity': array(['negative'], dtype=object), 'from': array([0], dtype=int16), 'to': array([7], dtype=int16)}"
97,"First of all, they had no record of me having the 3 year warranty I'd paid almost $400 for, and I had to call in, spend hours on their online chat service, and fax in multiple documents.","{'term': array(['warranty', 'online chat service'], dtype=object), 'polarity': array(['negative', 'negative'], dtype=object), 'from': array([ 57, 135], dtype=int16), 'to': array([ 65, 154], dtype=int16)}"
42,"I hate to say this, but if I could take this back to the shop and get my money back, then I would.","{'term': array([''], dtype=object), 'polarity': array([''], dtype=object), 'from': array([0], dtype=int16), 'to': array([0], dtype=int16)}"
2209,It makes doing schoolwork at night so much easier.,"{'term': array([''], dtype=object), 'polarity': array([''], dtype=object), 'from': array([0], dtype=int16), 'to': array([0], dtype=int16)}"
2855,"Being only 2 months old, I am not a happy camper!","{'term': array([''], dtype=object), 'polarity': array([''], dtype=object), 'from': array([0], dtype=int16), 'to': array([0], dtype=int16)}"
1493,""">  iPhoto is probably the best program I have ever worked with: easy and convenient.","{'term': array(['iPhoto'], dtype=object), 'polarity': array(['positive'], dtype=object), 'from': array([4], dtype=int16), 'to': array([10], dtype=int16)}"
2944,I love to write and play with graphics and html programming and my new Toshiba works great on both!,"{'term': array(['works'], dtype=object), 'polarity': array(['positive'], dtype=object), 'from': array([79], dtype=int16), 'to': array([84], dtype=int16)}"
2298,THis computer may be small but it is one heck of a power horse.,"{'term': array([''], dtype=object), 'polarity': array([''], dtype=object), 'from': array([0], dtype=int16), 'to': array([0], dtype=int16)}"
2031,"They would repair one thing, send it back and it would still have the same problem.","{'term': array([''], dtype=object), 'polarity': array([''], dtype=object), 'from': array([0], dtype=int16), 'to': array([0], dtype=int16)}"
1655,"Such as PAGES, NUMBERS, and so on.","{'term': array([''], dtype=object), 'polarity': array([''], dtype=object), 'from': array([0], dtype=int16), 'to': array([0], dtype=int16)}"
107,My laptop now has no battery.,"{'term': array(['battery'], dtype=object), 'polarity': array(['negative'], dtype=object), 'from': array([21], dtype=int16), 'to': array([28], dtype=int16)}"
1170,"Beta had better quality, but VHS became the industry standard.","{'term': array(['quality', 'VHS'], dtype=object), 'polarity': array(['conflict', 'conflict'], dtype=object), 'from': array([16, 29], dtype=int16), 'to': array([23, 32], dtype=int16)}"
2594,It made the computer much easier to use and navigate.,"{'term': array(['use', 'navigate'], dtype=object), 'polarity': array(['positive', 'positive'], dtype=object), 'from': array([36, 44], dtype=int16), 'to': array([39, 52], dtype=int16)}"
3034,":-)If you buy this - don't go into it expecting 7 hrs of battery life, and you'll be perfectly satisfied.","{'term': array(['battery life'], dtype=object), 'polarity': array(['negative'], dtype=object), 'from': array([57], dtype=int16), 'to': array([69], dtype=int16)}"
2735,"Needs longer lasting battery, More than 1 to 2 Hrs.","{'term': array(['battery'], dtype=object), 'polarity': array(['negative'], dtype=object), 'from': array([21], dtype=int16), 'to': array([28], dtype=int16)}"
1348,in May I started having problems with the USB ports not working.,"{'term': array(['USB ports'], dtype=object), 'polarity': array(['negative'], dtype=object), 'from': array([42], dtype=int16), 'to': array([51], dtype=int16)}"
675,10 plus hours of battery...,"{'term': array(['battery'], dtype=object), 'polarity': array(['positive'], dtype=object), 'from': array([17], dtype=int16), 'to': array([24], dtype=int16)}"
243,If only Bill Gates would read some of what is said here MS would do a better job.,"{'term': array([''], dtype=object), 'polarity': array([''], dtype=object), 'from': array([0], dtype=int16), 'to': array([0], dtype=int16)}"
1538,"The design is awesome, quality is unprecedented.","{'term': array(['design', 'quality'], dtype=object), 'polarity': array(['positive', 'positive'], dtype=object), 'from': array([ 4, 23], dtype=int16), 'to': array([10, 30], dtype=int16)}"
48,I'm going to try and keep my old G4 on the road for as long as possible.,"{'term': array([''], dtype=object), 'polarity': array([''], dtype=object), 'from': array([0], dtype=int16), 'to': array([0], dtype=int16)}"
1495,The Mac version of Microsoft Office is cheaper than buying the actual and works just as well.,"{'term': array(['Mac version of Microsoft Office'], dtype=object), 'polarity': array(['positive'], dtype=object), 'from': array([4], dtype=int16), 'to': array([35], dtype=int16)}"
2413,"The Mac takes about the same amount of starting-up time as the average PC, but keeps itself cleaned up and ready to use.","{'term': array(['starting-up time'], dtype=object), 'polarity': array(['positive'], dtype=object), 'from': array([39], dtype=int16), 'to': array([55], dtype=int16)}"
224,Its hard to encounter a problem on a mac that would require such abrupt action.,"{'term': array([''], dtype=object), 'polarity': array([''], dtype=object), 'from': array([0], dtype=int16), 'to': array([0], dtype=int16)}"
2307,The Toshiba Net book operates very well.,"{'term': array(['operates'], dtype=object), 'polarity': array(['positive'], dtype=object), 'from': array([21], dtype=int16), 'to': array([29], dtype=int16)}"
934,  I loved it.,"{'term': array([''], dtype=object), 'polarity': array([''], dtype=object), 'from': array([0], dtype=int16), 'to': array([0], dtype=int16)}"
2337,"the touch pad is fine - again, it's a real touch pad.","{'term': array(['touch pad', 'touch pad'], dtype=object), 'polarity': array(['positive', 'positive'], dtype=object), 'from': array([ 4, 43], dtype=int16), 'to': array([13, 52], dtype=int16)}"
2448,The pictures are clear as can be.,"{'term': array(['pictures'], dtype=object), 'polarity': array(['positive'], dtype=object), 'from': array([4], dtype=int16), 'to': array([12], dtype=int16)}"
2210,"It is also very lightweight, making transporting this computer very easy.","{'term': array(['transporting'], dtype=object), 'polarity': array(['positive'], dtype=object), 'from': array([36], dtype=int16), 'to': array([48], dtype=int16)}"
1244,"If anything, I would only suggest using one of these laptops if only you have to.","{'term': array([''], dtype=object), 'polarity': array([''], dtype=object), 'from': array([0], dtype=int16), 'to': array([0], dtype=int16)}"
2476,I sit down and use my husband's work PC and I don't like it one bit.,"{'term': array([''], dtype=object), 'polarity': array([''], dtype=object), 'from': array([0], dtype=int16), 'to': array([0], dtype=int16)}"
2243,It's wonderful for computer gaming.,"{'term': array(['gaming'], dtype=object), 'polarity': array(['positive'], dtype=object), 'from': array([28], dtype=int16), 'to': array([34], dtype=int16)}"
1036,You have to toss out the wifi card and replace it just to have any sort of network capability.,"{'term': array(['network capability', 'wifi card'], dtype=object), 'polarity': array(['negative', 'negative'], dtype=object), 'from': array([75, 25], dtype=int16), 'to': array([93, 34], dtype=int16)}"
7,"AND the best part is that it even comes with a free printer (when they have a certain promotion/offer going, of course)!","{'term': array(['printer'], dtype=object), 'polarity': array(['positive'], dtype=object), 'from': array([52], dtype=int16), 'to': array([59], dtype=int16)}"
345,the place we bought it from said that after they send it out to gateway 4 times they would give us a new one.,"{'term': array([''], dtype=object), 'polarity': array([''], dtype=object), 'from': array([0], dtype=int16), 'to': array([0], dtype=int16)}"
560,it is very easy for anyone to use an apple and specially the mcbook pro notebook.,"{'term': array(['use'], dtype=object), 'polarity': array(['positive'], dtype=object), 'from': array([30], dtype=int16), 'to': array([33], dtype=int16)}"
685,I like it better than my big Dell Laptop.,"{'term': array([''], dtype=object), 'polarity': array([''], dtype=object), 'from': array([0], dtype=int16), 'to': array([0], dtype=int16)}"
2495,"The flaws are, this computer is not for computer gamers because of the OS X.","{'term': array(['OS X'], dtype=object), 'polarity': array(['negative'], dtype=object), 'from': array([71], dtype=int16), 'to': array([75], dtype=int16)}"
1838,"I tried giving it 0 stars but I had to choose at least one, but IMO NO STARS","{'term': array([''], dtype=object), 'polarity': array([''], dtype=object), 'from': array([0], dtype=int16), 'to': array([0], dtype=int16)}"
1856,They really do have the worlds very worst repair service.,"{'term': array(['repair service'], dtype=object), 'polarity': array(['negative'], dtype=object), 'from': array([42], dtype=int16), 'to': array([56], dtype=int16)}"
475,They need to stop outsoucing and send some complaint calls to US based customer service agents for those who live in the United states.,"{'term': array(['customer service agents'], dtype=object), 'polarity': array(['negative'], dtype=object), 'from': array([71], dtype=int16), 'to': array([94], dtype=int16)}"
937,  I was also able to install and use my Photoshop and AfterEffects programs easily.,"{'term': array(['Photoshop', 'AfterEffects programs'], dtype=object), 'polarity': array(['positive', 'positive'], dtype=object), 'from': array([40, 54], dtype=int16), 'to': array([49, 75], dtype=int16)}"
555,It's perfect for everything and runs faster than an average pc!,"{'term': array(['runs'], dtype=object), 'polarity': array(['positive'], dtype=object), 'from': array([32], dtype=int16), 'to': array([36], dtype=int16)}"
2300,for being so small it is amazing that it is as fast as it is.,"{'term': array([''], dtype=object), 'polarity': array([''], dtype=object), 'from': array([0], dtype=int16), 'to': array([0], dtype=int16)}"
373,"Heck, I like all Mac computers, but they're all WAY too pricey for the kind of economy the U.S. is going through.","{'term': array([''], dtype=object), 'polarity': array([''], dtype=object), 'from': array([0], dtype=int16), 'to': array([0], dtype=int16)}"
1420, Then after paying for it to be examined I was told it was same problem cited on website but I'd have to pay anyways since it was past warrenty.,"{'term': array(['warrenty'], dtype=object), 'polarity': array(['negative'], dtype=object), 'from': array([135], dtype=int16), 'to': array([143], dtype=int16)}"
643,They claim that I should be happy because I am getting a new laptop to replace my two-month old laptop.,"{'term': array([''], dtype=object), 'polarity': array([''], dtype=object), 'from': array([0], dtype=int16), 'to': array([0], dtype=int16)}"
2346,I'm already hooked on the sleek look and dependability that this laptop has shown.,"{'term': array(['look', 'dependability'], dtype=object), 'polarity': array(['positive', 'positive'], dtype=object), 'from': array([32, 41], dtype=int16), 'to': array([36, 54], dtype=int16)}"
1326,The machine itself is alright.,"{'term': array([''], dtype=object), 'polarity': array([''], dtype=object), 'from': array([0], dtype=int16), 'to': array([0], dtype=int16)}"
2951,It seems to have some opions that are intalled but do not work like I thought they would.,"{'term': array([''], dtype=object), 'polarity': array([''], dtype=object), 'from': array([0], dtype=int16), 'to': array([0], dtype=int16)}"
433,And having to deal with the company has been a even worse nightmare.,"{'term': array(['company'], dtype=object), 'polarity': array(['negative'], dtype=object), 'from': array([28], dtype=int16), 'to': array([35], dtype=int16)}"
968,  I will definitely be getting a new laptop if it has any more issues after the warranty expires and researching carefully when I do so I don't run accross a situation like this again!,"{'term': array(['warranty'], dtype=object), 'polarity': array(['neutral'], dtype=object), 'from': array([80], dtype=int16), 'to': array([88], dtype=int16)}"
420,I also experience the same with my MacBook Air.,"{'term': array([''], dtype=object), 'polarity': array([''], dtype=object), 'from': array([0], dtype=int16), 'to': array([0], dtype=int16)}"
1764,It has all the features that are necessary for college and if not they are able to be added onto the computer.,"{'term': array(['features'], dtype=object), 'polarity': array(['positive'], dtype=object), 'from': array([15], dtype=int16), 'to': array([23], dtype=int16)}"
1860,I have owned many different brands of laptops in my life.,"{'term': array([''], dtype=object), 'polarity': array([''], dtype=object), 'from': array([0], dtype=int16), 'to': array([0], dtype=int16)}"
847,I did an internet search and this is a very common problem with this  laptop.,"{'term': array([''], dtype=object), 'polarity': array([''], dtype=object), 'from': array([0], dtype=int16), 'to': array([0], dtype=int16)}"
2718,"I've owned this labtop for less then two months, already the mouse button has broke.","{'term': array(['mouse button'], dtype=object), 'polarity': array(['negative'], dtype=object), 'from': array([61], dtype=int16), 'to': array([73], dtype=int16)}"
995,"It did fairly well, other than it's poor performance, overheating and occational blue screen.","{'term': array(['performance'], dtype=object), 'polarity': array(['negative'], dtype=object), 'from': array([41], dtype=int16), 'to': array([52], dtype=int16)}"
2219,"The touchpad is very intuitive, so much so that I never want to use buttons to click again!","{'term': array(['touchpad', 'buttons'], dtype=object), 'polarity': array(['positive', 'neutral'], dtype=object), 'from': array([ 4, 68], dtype=int16), 'to': array([12, 75], dtype=int16)}"
607,tons of bloatware and junk programs.,"{'term': array(['programs'], dtype=object), 'polarity': array(['negative'], dtype=object), 'from': array([27], dtype=int16), 'to': array([35], dtype=int16)}"
802,its sad because their commercials are great.,"{'term': array([''], dtype=object), 'polarity': array([''], dtype=object), 'from': array([0], dtype=int16), 'to': array([0], dtype=int16)}"
610,lots of extra space but the keyboard is ridiculously small.,"{'term': array(['space', 'keyboard'], dtype=object), 'polarity': array(['positive', 'negative'], dtype=object), 'from': array([14, 28], dtype=int16), 'to': array([19, 36], dtype=int16)}"
1608,"Luckily, Dell said they would replace my laptop with a new one, but instead I got a refund and bought a mac.","{'term': array([''], dtype=object), 'polarity': array([''], dtype=object), 'from': array([0], dtype=int16), 'to': array([0], dtype=int16)}"
284,I decided to get this pile of crap on a whim and totally freaking regret it.,"{'term': array([''], dtype=object), 'polarity': array([''], dtype=object), 'from': array([0], dtype=int16), 'to': array([0], dtype=int16)}"
1525,Never been hacked.,"{'term': array([''], dtype=object), 'polarity': array([''], dtype=object), 'from': array([0], dtype=int16), 'to': array([0], dtype=int16)}"
3030,It's so bad that I'm thinking I only got half a battery or something.,"{'term': array(['battery'], dtype=object), 'polarity': array(['negative'], dtype=object), 'from': array([48], dtype=int16), 'to': array([55], dtype=int16)}"
687,"Good keyboard, long battery life, largest hard drive and windows 7.","{'term': array(['keyboard', 'battery life', 'hard drive', 'windows 7'],
      dtype=object), 'polarity': array(['positive', 'positive', 'positive', 'positive'], dtype=object), 'from': array([ 5, 20, 42, 57], dtype=int16), 'to': array([13, 32, 52, 66], dtype=int16)}"
521,I think it was seventy nine plus tax.,"{'term': array([''], dtype=object), 'polarity': array([''], dtype=object), 'from': array([0], dtype=int16), 'to': array([0], dtype=int16)}"
64,"In summary, take your money elsewhere.","{'term': array([''], dtype=object), 'polarity': array([''], dtype=object), 'from': array([0], dtype=int16), 'to': array([0], dtype=int16)}"
388,The processor is very quick and effective as I load webpages and applications.,"{'term': array(['processor', 'applications', 'load', 'webpages'], dtype=object), 'polarity': array(['positive', 'neutral', 'positive', 'neutral'], dtype=object), 'from': array([ 4, 65, 47, 52], dtype=int16), 'to': array([13, 77, 51, 60], dtype=int16)}"
520,My battery went bad about a year and a half after having it and it cost around eighty to a hundred dollars!,"{'term': array(['battery'], dtype=object), 'polarity': array(['negative'], dtype=object), 'from': array([3], dtype=int16), 'to': array([10], dtype=int16)}"
1835,"I will NEVER buy (Refurbished) again, I don't cae how cheap it is.","{'term': array([''], dtype=object), 'polarity': array([''], dtype=object), 'from': array([0], dtype=int16), 'to': array([0], dtype=int16)}"
2610,"It pretty much does everything we could ever need, and looks great to boot.","{'term': array(['boot'], dtype=object), 'polarity': array(['positive'], dtype=object), 'from': array([70], dtype=int16), 'to': array([74], dtype=int16)}"
1870,  It is just slow slow slow.,"{'term': array([''], dtype=object), 'polarity': array([''], dtype=object), 'from': array([0], dtype=int16), 'to': array([0], dtype=int16)}"
2089,"Bottom line, I doubt you'd be overly disappointed if you invest in this machine.","{'term': array([''], dtype=object), 'polarity': array([''], dtype=object), 'from': array([0], dtype=int16), 'to': array([0], dtype=int16)}"
2266,"As a lifelong Windows user, I was extremely pleased to make the change to Mac.","{'term': array(['Windows'], dtype=object), 'polarity': array(['negative'], dtype=object), 'from': array([14], dtype=int16), 'to': array([21], dtype=int16)}"
1998,"So, owing to these problems, I went out and got myself an Apple MacBook Pro, which I am using with great satisfaction at this very moment.","{'term': array([''], dtype=object), 'polarity': array([''], dtype=object), 'from': array([0], dtype=int16), 'to': array([0], dtype=int16)}"
2623,The Macbook Pro is extremely thin and light compared to those heavy Windows Laptop.,"{'term': array([''], dtype=object), 'polarity': array([''], dtype=object), 'from': array([0], dtype=int16), 'to': array([0], dtype=int16)}"
1503,So this was great for me.,"{'term': array([''], dtype=object), 'polarity': array([''], dtype=object), 'from': array([0], dtype=int16), 'to': array([0], dtype=int16)}"
217,This is the first macbook I have ever had.,"{'term': array([''], dtype=object), 'polarity': array([''], dtype=object), 'from': array([0], dtype=int16), 'to': array([0], dtype=int16)}"
2445,The acer one compuer is a great computer.,"{'term': array([''], dtype=object), 'polarity': array([''], dtype=object), 'from': array([0], dtype=int16), 'to': array([0], dtype=int16)}"
960,another problem.,"{'term': array([''], dtype=object), 'polarity': array([''], dtype=object), 'from': array([0], dtype=int16), 'to': array([0], dtype=int16)}"
1710,"The Macbook is also made better, my computer has never got a virus, and the laptop runs just as fast as the first day I bought it.","{'term': array(['runs'], dtype=object), 'polarity': array(['positive'], dtype=object), 'from': array([83], dtype=int16), 'to': array([87], dtype=int16)}"
2613,"So, if you're thinking of a laptop, I would heartily recommend theApple 13.3 MacBook Pro Notebook Computer (Z0J80001) Notebook for all your needs!","{'term': array([''], dtype=object), 'polarity': array([''], dtype=object), 'from': array([0], dtype=int16), 'to': array([0], dtype=int16)}"
1543,"I wiped nearly everything off of it, installed OpenOffice and Firefox, and I am operating an incredibly efficient and useful machine for a great price.","{'term': array(['OpenOffice', 'Firefox', 'price'], dtype=object), 'polarity': array(['neutral', 'neutral', 'positive'], dtype=object), 'from': array([ 47,  62, 145], dtype=int16), 'to': array([ 57,  69, 150], dtype=int16)}"
1895,"Overall I feel this netbook was poor quality, had poor performance, although it did have great battery life when it did work.","{'term': array(['quality', 'performance', 'battery life'], dtype=object), 'polarity': array(['negative', 'negative', 'positive'], dtype=object), 'from': array([37, 55, 95], dtype=int16), 'to': array([ 44,  66, 107], dtype=int16)}"
1604,"I picked it out because it was inexpensive ($400) and I thought it would be a good, easy to use first laptop.","{'term': array(['use'], dtype=object), 'polarity': array(['positive'], dtype=object), 'from': array([92], dtype=int16), 'to': array([95], dtype=int16)}"
1698,MY ONLY PROBLEM IS I CAN NOT REG. THE PRODUCT KEY.,"{'term': array(['PRODUCT KEY'], dtype=object), 'polarity': array(['negative'], dtype=object), 'from': array([38], dtype=int16), 'to': array([49], dtype=int16)}"
3028,"The ""Time remaining"" goes from 4 hours plus to less than 2 hours over the span of about 10 minutes.","{'term': array([''], dtype=object), 'polarity': array([''], dtype=object), 'from': array([0], dtype=int16), 'to': array([0], dtype=int16)}"
2437,Pay attention to the specs if you want these options.,"{'term': array(['specs'], dtype=object), 'polarity': array(['neutral'], dtype=object), 'from': array([21], dtype=int16), 'to': array([26], dtype=int16)}"
829,"  Stupidly, mind-numbingly slow--then I found it can only be loaded with 2GB *maximum*.","{'term': array([''], dtype=object), 'polarity': array([''], dtype=object), 'from': array([0], dtype=int16), 'to': array([0], dtype=int16)}"
2436,It also does not have bluetooth.,"{'term': array(['bluetooth'], dtype=object), 'polarity': array(['negative'], dtype=object), 'from': array([22], dtype=int16), 'to': array([31], dtype=int16)}"
1968,Sure it has the one touch keys but that was the best feature of the computer.,"{'term': array(['feature', 'one touch keys'], dtype=object), 'polarity': array(['conflict', 'positive'], dtype=object), 'from': array([53, 16], dtype=int16), 'to': array([60, 30], dtype=int16)}"
1807,I can do pretty much 75% of what I do on my desktop on my kitchen table.,"{'term': array([''], dtype=object), 'polarity': array([''], dtype=object), 'from': array([0], dtype=int16), 'to': array([0], dtype=int16)}"
673,Being a PC user my whole life....,"{'term': array([''], dtype=object), 'polarity': array([''], dtype=object), 'from': array([0], dtype=int16), 'to': array([0], dtype=int16)}"
356,great battery life.,"{'term': array(['battery life'], dtype=object), 'polarity': array(['positive'], dtype=object), 'from': array([6], dtype=int16), 'to': array([18], dtype=int16)}"
2486,The real stand out on this computer is the feel of the keyboard and it's speed.,"{'term': array(['keyboard', 'speed'], dtype=object), 'polarity': array(['positive', 'positive'], dtype=object), 'from': array([55, 73], dtype=int16), 'to': array([63, 78], dtype=int16)}"
1983,"At first, the computer seemed a great deal--seemingly high-end specs for a low, low price.","{'term': array(['specs', 'price'], dtype=object), 'polarity': array(['positive', 'positive'], dtype=object), 'from': array([63, 84], dtype=int16), 'to': array([68, 89], dtype=int16)}"
2637,Delivery was early too.,"{'term': array(['Delivery'], dtype=object), 'polarity': array(['positive'], dtype=object), 'from': array([0], dtype=int16), 'to': array([8], dtype=int16)}"
2028,"During that time, I had to send it back 3 times.","{'term': array([''], dtype=object), 'polarity': array([''], dtype=object), 'from': array([0], dtype=int16), 'to': array([0], dtype=int16)}"
2648,"Although I opted for the lowest end MacBook Pro, this thing holds its own.","{'term': array([''], dtype=object), 'polarity': array([''], dtype=object), 'from': array([0], dtype=int16), 'to': array([0], dtype=int16)}"
2531,Love the stability of the Mac software and operating system.,"{'term': array(['stability', 'Mac software', 'operating system'], dtype=object), 'polarity': array(['positive', 'positive', 'positive'], dtype=object), 'from': array([ 9, 26, 43], dtype=int16), 'to': array([18, 38, 59], dtype=int16)}"
1798,And that probably explains why I've already had my SATA controller go bad within a year of buying it.,"{'term': array(['SATA controller'], dtype=object), 'polarity': array(['negative'], dtype=object), 'from': array([51], dtype=int16), 'to': array([66], dtype=int16)}"
1323,I left the place angrily.,"{'term': array([''], dtype=object), 'polarity': array([''], dtype=object), 'from': array([0], dtype=int16), 'to': array([0], dtype=int16)}"
1711,I my wife is also now the proud owner of a Macbook as well!,"{'term': array([''], dtype=object), 'polarity': array([''], dtype=object), 'from': array([0], dtype=int16), 'to': array([0], dtype=int16)}"
2670,I've had a Toshiba laptop in the past;,"{'term': array([''], dtype=object), 'polarity': array([''], dtype=object), 'from': array([0], dtype=int16), 'to': array([0], dtype=int16)}"
334,It's also very capable of doing moderate video editing (although you may need the performance boost of the larger MacBook Pros for heavy duty mobile video editing).,"{'term': array(['video editing', 'performance', 'mobile video editing'],
      dtype=object), 'polarity': array(['positive', 'negative', 'neutral'], dtype=object), 'from': array([ 41,  82, 142], dtype=int16), 'to': array([ 54,  93, 162], dtype=int16)}"
1884,ASUS said my net-book was working properly.,"{'term': array([''], dtype=object), 'polarity': array([''], dtype=object), 'from': array([0], dtype=int16), 'to': array([0], dtype=int16)}"
2794,I received this laptop as a gift and let me just tell you that its the worst.,"{'term': array([''], dtype=object), 'polarity': array([''], dtype=object), 'from': array([0], dtype=int16), 'to': array([0], dtype=int16)}"
1991,Very annoying.,"{'term': array([''], dtype=object), 'polarity': array([''], dtype=object), 'from': array([0], dtype=int16), 'to': array([0], dtype=int16)}"
1706,My main reason to convert was the imovie program.,"{'term': array(['imovie program'], dtype=object), 'polarity': array(['positive'], dtype=object), 'from': array([34], dtype=int16), 'to': array([48], dtype=int16)}"
547,It has a faster processor and more ram.,"{'term': array(['processor', 'ram'], dtype=object), 'polarity': array(['positive', 'positive'], dtype=object), 'from': array([16, 35], dtype=int16), 'to': array([25, 38], dtype=int16)}"
2688,"If you need an affordable, entry-level laptop, this will fit the bill.","{'term': array([''], dtype=object), 'polarity': array([''], dtype=object), 'from': array([0], dtype=int16), 'to': array([0], dtype=int16)}"
2977,"Laptops are usually used on the go, so why not give you a better battery?","{'term': array(['battery'], dtype=object), 'polarity': array(['negative'], dtype=object), 'from': array([65], dtype=int16), 'to': array([72], dtype=int16)}"
1724,I will never complain about the price since I believe you get what you pay for and my MacBook Pro was worth every dollar.,"{'term': array(['price'], dtype=object), 'polarity': array(['conflict'], dtype=object), 'from': array([32], dtype=int16), 'to': array([37], dtype=int16)}"
2592,I wasn't a big fan of the Netbooks but this one was very well designed.,"{'term': array(['designed'], dtype=object), 'polarity': array(['positive'], dtype=object), 'from': array([62], dtype=int16), 'to': array([70], dtype=int16)}"
365,It may take a little getting used to but you don't have to worry about viruses or other headaches.,"{'term': array([''], dtype=object), 'polarity': array([''], dtype=object), 'from': array([0], dtype=int16), 'to': array([0], dtype=int16)}"
1651,And the warranty on this macbook pro can last up to 5 years or 1000 battery recharge cycles.,"{'term': array(['warranty'], dtype=object), 'polarity': array(['positive'], dtype=object), 'from': array([8], dtype=int16), 'to': array([16], dtype=int16)}"
533,I still have that stupid bluetooth mouse to!,"{'term': array(['bluetooth mouse'], dtype=object), 'polarity': array(['negative'], dtype=object), 'from': array([25], dtype=int16), 'to': array([40], dtype=int16)}"
2707,"Would like more trendy, high tech features.","{'term': array(['features'], dtype=object), 'polarity': array(['negative'], dtype=object), 'from': array([34], dtype=int16), 'to': array([42], dtype=int16)}"
444,Keyboard is great but primary and secondary control buttons could be more durable.,"{'term': array(['Keyboard', 'control buttons'], dtype=object), 'polarity': array(['positive', 'negative'], dtype=object), 'from': array([ 0, 44], dtype=int16), 'to': array([ 8, 59], dtype=int16)}"
1792,"Screen is a bit glossy, but that's not too bad.","{'term': array(['Screen'], dtype=object), 'polarity': array(['conflict'], dtype=object), 'from': array([0], dtype=int16), 'to': array([6], dtype=int16)}"
2240,Received the product promptly and without any issues.,"{'term': array([''], dtype=object), 'polarity': array([''], dtype=object), 'from': array([0], dtype=int16), 'to': array([0], dtype=int16)}"
1663,"It is so great, I can Hardly ever take my hands off it!","{'term': array([''], dtype=object), 'polarity': array([''], dtype=object), 'from': array([0], dtype=int16), 'to': array([0], dtype=int16)}"
1693,I remind myself from time to time to take off my watch when ever I look at the small scratch that it has caused.,"{'term': array([''], dtype=object), 'polarity': array([''], dtype=object), 'from': array([0], dtype=int16), 'to': array([0], dtype=int16)}"
1933,"I got it back again and was told the motherboard had been replaced, so I was now on the SECOND motherboard within 3 months.","{'term': array(['motherboard', 'motherboard'], dtype=object), 'polarity': array(['negative', 'negative'], dtype=object), 'from': array([37, 95], dtype=int16), 'to': array([ 48, 106], dtype=int16)}"
2126,But reasons we chose this Apple computer.,"{'term': array([''], dtype=object), 'polarity': array([''], dtype=object), 'from': array([0], dtype=int16), 'to': array([0], dtype=int16)}"
3041,Processor - When compared to my 3 week old Early 2011 edition there I barely experience any difference in performance (2.3 GHz v/s 2.4 GHz).,"{'term': array(['Processor', 'performance'], dtype=object), 'polarity': array(['neutral', 'neutral'], dtype=object), 'from': array([  0, 106], dtype=int16), 'to': array([  9, 117], dtype=int16)}"
1349,"They say it could be the motherboard again, but Dell","{'term': array(['motherboard'], dtype=object), 'polarity': array(['negative'], dtype=object), 'from': array([25], dtype=int16), 'to': array([36], dtype=int16)}"
546,I upgraded from a 5 year old laptop and was amazed to find out that this computer is much slower then my old laptop.,"{'term': array([''], dtype=object), 'polarity': array([''], dtype=object), 'from': array([0], dtype=int16), 'to': array([0], dtype=int16)}"
2490,2nd Best computer in the world  only one way this computer might become the best is that it needs to upgreade patches  to make less easier for people to hack into,"{'term': array(['patches'], dtype=object), 'polarity': array(['negative'], dtype=object), 'from': array([110], dtype=int16), 'to': array([117], dtype=int16)}"
1713,"Love the speed, especially!","{'term': array(['speed'], dtype=object), 'polarity': array(['positive'], dtype=object), 'from': array([9], dtype=int16), 'to': array([14], dtype=int16)}"
1075,It could be a perfect laptop if it would have faster system memory and its radeon 5850 would have DDR5 instead of DDR3.,"{'term': array(['system memory', 'radeon 5850', 'DDR5', 'DDR3'], dtype=object), 'polarity': array(['negative', 'negative', 'positive', 'negative'], dtype=object), 'from': array([ 53,  75,  98, 114], dtype=int16), 'to': array([ 66,  86, 102, 118], dtype=int16)}"
2509,"Not only are the versions of these programs able to be saved, worked on and opened on both a PC and Mac, the versions of these programs on a Mac are graphically and functionally superior.","{'term': array(['programs', 'programs'], dtype=object), 'polarity': array(['positive', 'positive'], dtype=object), 'from': array([ 35, 127], dtype=int16), 'to': array([ 43, 135], dtype=int16)}"
1231,By Air sounds more like by truck to Me.,"{'term': array([''], dtype=object), 'polarity': array([''], dtype=object), 'from': array([0], dtype=int16), 'to': array([0], dtype=int16)}"
966,  So far it has been five months since the last problem was fixed and I am PRAYING it has finally stopped.,"{'term': array([''], dtype=object), 'polarity': array([''], dtype=object), 'from': array([0], dtype=int16), 'to': array([0], dtype=int16)}"
1274,It's outstanding too.,"{'term': array([''], dtype=object), 'polarity': array([''], dtype=object), 'from': array([0], dtype=int16), 'to': array([0], dtype=int16)}"
2155,"The speed gives you the power to work on these projects seamlessly, and multiple at a time if you sowish.","{'term': array(['speed'], dtype=object), 'polarity': array(['positive'], dtype=object), 'from': array([4], dtype=int16), 'to': array([9], dtype=int16)}"
377,Awesome laptop and the perfect size to carry around in college.,"{'term': array(['size'], dtype=object), 'polarity': array(['positive'], dtype=object), 'from': array([31], dtype=int16), 'to': array([35], dtype=int16)}"
2767,So I'm disappointed in that because communicating with my relatives out of the area is a priority.,"{'term': array([''], dtype=object), 'polarity': array([''], dtype=object), 'from': array([0], dtype=int16), 'to': array([0], dtype=int16)}"
913," A MONTH LATER, we reinstall the OS (Vista).","{'term': array(['OS (Vista)'], dtype=object), 'polarity': array(['negative'], dtype=object), 'from': array([33], dtype=int16), 'to': array([43], dtype=int16)}"
1379,"Some problems can be fixed if you purchase new software, but there is no guarentee.","{'term': array(['software'], dtype=object), 'polarity': array(['negative'], dtype=object), 'from': array([47], dtype=int16), 'to': array([55], dtype=int16)}"
3024,My real problem with it? The statement of 7 hour battery life is not just mere exaggeration -- it's a lie.,"{'term': array(['battery life'], dtype=object), 'polarity': array(['negative'], dtype=object), 'from': array([49], dtype=int16), 'to': array([61], dtype=int16)}"
567,just chill and enjoy.,"{'term': array([''], dtype=object), 'polarity': array([''], dtype=object), 'from': array([0], dtype=int16), 'to': array([0], dtype=int16)}"
2159,The battery life is also relatively good.,"{'term': array(['battery life'], dtype=object), 'polarity': array(['positive'], dtype=object), 'from': array([4], dtype=int16), 'to': array([16], dtype=int16)}"
1594,It is her first laptop and she is thrilled.,"{'term': array([''], dtype=object), 'polarity': array([''], dtype=object), 'from': array([0], dtype=int16), 'to': array([0], dtype=int16)}"
869,I should have sent it back to them then.,"{'term': array([''], dtype=object), 'polarity': array([''], dtype=object), 'from': array([0], dtype=int16), 'to': array([0], dtype=int16)}"
940,"  I definitely suggest getting an extended warranty, you will probably need it!","{'term': array(['extended warranty'], dtype=object), 'polarity': array(['positive'], dtype=object), 'from': array([34], dtype=int16), 'to': array([51], dtype=int16)}"
1828,If this would be your first Mac purchase then I would highly suggest that you take advantage of the class that they offer to learn about the differences between Mac and PC's.,"{'term': array([''], dtype=object), 'polarity': array([''], dtype=object), 'from': array([0], dtype=int16), 'to': array([0], dtype=int16)}"
426,"This laptop leaves alot to be desired, I have had it only 5 months and have had to send it away to be repaired twice...","{'term': array([''], dtype=object), 'polarity': array([''], dtype=object), 'from': array([0], dtype=int16), 'to': array([0], dtype=int16)}"
2901,"I have found it very easy to use, very imformative, wonder alerts and tutorials making it very easy for someone like me who is not exactly technologically advanced to learn to use the various features and programs.","{'term': array(['features', 'programs', 'use'], dtype=object), 'polarity': array(['positive', 'positive', 'positive'], dtype=object), 'from': array([192, 205,  29], dtype=int16), 'to': array([200, 213,  32], dtype=int16)}"
2645,"I don't have stupid pop up windows (even when I have pop ups blocked), I don't have to wait 5 minutes for a webpage to download, and best of all I can run all the web programming software I need to use all at once without slowing me down.","{'term': array(['pop up windows', 'web programming software', 'pop ups'],
      dtype=object), 'polarity': array(['positive', 'positive', 'neutral'], dtype=object), 'from': array([ 20, 163,  53], dtype=int16), 'to': array([ 34, 187,  60], dtype=int16)}"
3070,I bought this laptop so that the entire family had a computer in the living room;,"{'term': array([''], dtype=object), 'polarity': array([''], dtype=object), 'from': array([0], dtype=int16), 'to': array([0], dtype=int16)}"
738,Don't waste your money or time.,"{'term': array([''], dtype=object), 'polarity': array([''], dtype=object), 'from': array([0], dtype=int16), 'to': array([0], dtype=int16)}"
729,It has spent more time in repair shops than i can possibly recount here.,"{'term': array([''], dtype=object), 'polarity': array([''], dtype=object), 'from': array([0], dtype=int16), 'to': array([0], dtype=int16)}"
2813,Memory is upgradable.,"{'term': array(['Memory'], dtype=object), 'polarity': array(['positive'], dtype=object), 'from': array([0], dtype=int16), 'to': array([6], dtype=int16)}"
2063,"Web access through the 3G network is so slow, it's very frustrating and VERY DISAPPOINTING.","{'term': array(['3G network', 'Web access'], dtype=object), 'polarity': array(['negative', 'negative'], dtype=object), 'from': array([23,  0], dtype=int16), 'to': array([33, 10], dtype=int16)}"
651,"Well, I bought this laptop a month or two ago.","{'term': array([''], dtype=object), 'polarity': array([''], dtype=object), 'from': array([0], dtype=int16), 'to': array([0], dtype=int16)}"
352,My MacBook Pro has been a huge disappointment.,"{'term': array([''], dtype=object), 'polarity': array([''], dtype=object), 'from': array([0], dtype=int16), 'to': array([0], dtype=int16)}"
1751,Received all four in good order;,"{'term': array([''], dtype=object), 'polarity': array([''], dtype=object), 'from': array([0], dtype=int16), 'to': array([0], dtype=int16)}"
2048,The computer first started malfunctioning 3 months after purchasing it.,"{'term': array([''], dtype=object), 'polarity': array([''], dtype=object), 'from': array([0], dtype=int16), 'to': array([0], dtype=int16)}"
3009,this is starting off good.,"{'term': array([''], dtype=object), 'polarity': array([''], dtype=object), 'from': array([0], dtype=int16), 'to': array([0], dtype=int16)}"
2154,The large screen also helps when you are working in design based programs like Adobe Creative Suite.,"{'term': array(['screen', 'design based programs', 'Adobe Creative Suite'],
      dtype=object), 'polarity': array(['positive', 'neutral', 'neutral'], dtype=object), 'from': array([10, 52, 79], dtype=int16), 'to': array([16, 73, 99], dtype=int16)}"
1428,The only pro to this computer is it was under $600!,"{'term': array([''], dtype=object), 'polarity': array([''], dtype=object), 'from': array([0], dtype=int16), 'to': array([0], dtype=int16)}"
648,Moral of the story:-Do not buy anything from companies that do not respect their customers.,"{'term': array(['companies'], dtype=object), 'polarity': array(['negative'], dtype=object), 'from': array([45], dtype=int16), 'to': array([54], dtype=int16)}"
779,This is my first Dell I heard their customer service was lacking and that they were working on improving it!,"{'term': array(['customer service'], dtype=object), 'polarity': array(['negative'], dtype=object), 'from': array([36], dtype=int16), 'to': array([52], dtype=int16)}"
1022,As well as having the plug in the computer come loose.,"{'term': array(['plug'], dtype=object), 'polarity': array(['negative'], dtype=object), 'from': array([22], dtype=int16), 'to': array([26], dtype=int16)}"
2217,Very small and portable I've had this netbook about 12 hrs now and It's better than expected.,"{'term': array([''], dtype=object), 'polarity': array([''], dtype=object), 'from': array([0], dtype=int16), 'to': array([0], dtype=int16)}"
1277,She said Wal Mart rants and raves abouy carring Dell because it's a big name but they are a piece of garbage.,"{'term': array([''], dtype=object), 'polarity': array([''], dtype=object), 'from': array([0], dtype=int16), 'to': array([0], dtype=int16)}"
1825,NOT WITH APPLE.,"{'term': array([''], dtype=object), 'polarity': array([''], dtype=object), 'from': array([0], dtype=int16), 'to': array([0], dtype=int16)}"
876,"After 3 pleasant weeks of use, the laptop just died.","{'term': array([''], dtype=object), 'polarity': array([''], dtype=object), 'from': array([0], dtype=int16), 'to': array([0], dtype=int16)}"
1009,Each time taking about 1 day or so.,"{'term': array([''], dtype=object), 'polarity': array([''], dtype=object), 'from': array([0], dtype=int16), 'to': array([0], dtype=int16)}"
1079,Second HDD cover has walls inside that need to be broken if you what to install one.,"{'term': array(['HDD cover'], dtype=object), 'polarity': array(['neutral'], dtype=object), 'from': array([7], dtype=int16), 'to': array([16], dtype=int16)}"
227,If you want more information on macs I suggest going to apple.com and heading towards the macbook page for more information on the applications.,"{'term': array(['applications'], dtype=object), 'polarity': array(['neutral'], dtype=object), 'from': array([131], dtype=int16), 'to': array([143], dtype=int16)}"
2640,"So a couple of years later, I was a dumb college girl and had to have the wireless internet.","{'term': array([''], dtype=object), 'polarity': array([''], dtype=object), 'from': array([0], dtype=int16), 'to': array([0], dtype=int16)}"
749,This netbook went bad on me after 3 days.,"{'term': array([''], dtype=object), 'polarity': array([''], dtype=object), 'from': array([0], dtype=int16), 'to': array([0], dtype=int16)}"
2732,Probably won't work either.,"{'term': array([''], dtype=object), 'polarity': array([''], dtype=object), 'from': array([0], dtype=int16), 'to': array([0], dtype=int16)}"
2655,Great product by Apple with the new great looking design.,"{'term': array(['design'], dtype=object), 'polarity': array(['positive'], dtype=object), 'from': array([50], dtype=int16), 'to': array([56], dtype=int16)}"
2466,I love the keyboard.,"{'term': array(['keyboard'], dtype=object), 'polarity': array(['positive'], dtype=object), 'from': array([11], dtype=int16), 'to': array([19], dtype=int16)}"
2382,"Probably as good as you can get in a netbook, does everything I ask for and has some very good unexpected pluses.","{'term': array([''], dtype=object), 'polarity': array([''], dtype=object), 'from': array([0], dtype=int16), 'to': array([0], dtype=int16)}"
3084,Overall I am very satisfied with the purchase.,"{'term': array([''], dtype=object), 'polarity': array([''], dtype=object), 'from': array([0], dtype=int16), 'to': array([0], dtype=int16)}"
580,"In my line of work, I often have to take work home, and this makes it so easy.","{'term': array([''], dtype=object), 'polarity': array([''], dtype=object), 'from': array([0], dtype=int16), 'to': array([0], dtype=int16)}"
855,"  They told me to reprogram the computer, and I didn't need  to do that, and I lost pictures of my oldests first 2 years of her  life.","{'term': array([''], dtype=object), 'polarity': array([''], dtype=object), 'from': array([0], dtype=int16), 'to': array([0], dtype=int16)}"
2213,"I use iphoto all the time, which is a great program for anyone who is into photography - amateurs and experts alike.","{'term': array(['iphoto', 'program'], dtype=object), 'polarity': array(['positive', 'positive'], dtype=object), 'from': array([ 6, 44], dtype=int16), 'to': array([12, 51], dtype=int16)}"
2013,I bought this laptop for my son in 2007 for his Christmas present.,"{'term': array([''], dtype=object), 'polarity': array([''], dtype=object), 'from': array([0], dtype=int16), 'to': array([0], dtype=int16)}"
2412,It took so much time.,"{'term': array([''], dtype=object), 'polarity': array([''], dtype=object), 'from': array([0], dtype=int16), 'to': array([0], dtype=int16)}"
2025,I hate it.,"{'term': array([''], dtype=object), 'polarity': array([''], dtype=object), 'from': array([0], dtype=int16), 'to': array([0], dtype=int16)}"
2673,"The screen isn't huge, but that doesn't matter when I output media to the 50 inch LCD TV.","{'term': array(['screen'], dtype=object), 'polarity': array(['conflict'], dtype=object), 'from': array([4], dtype=int16), 'to': array([10], dtype=int16)}"
874,I'll stick to Tashiba.,"{'term': array([''], dtype=object), 'polarity': array([''], dtype=object), 'from': array([0], dtype=int16), 'to': array([0], dtype=int16)}"
2773,I will have to purchase Spy ware or Nortell for privacy protection.,"{'term': array(['Spy ware', 'Nortell'], dtype=object), 'polarity': array(['neutral', 'neutral'], dtype=object), 'from': array([24, 36], dtype=int16), 'to': array([32, 43], dtype=int16)}"
1589,You will not regret buying such a great thing like this!,"{'term': array([''], dtype=object), 'polarity': array([''], dtype=object), 'from': array([0], dtype=int16), 'to': array([0], dtype=int16)}"
1107,I was said it's videocard.,"{'term': array(['videocard'], dtype=object), 'polarity': array(['negative'], dtype=object), 'from': array([16], dtype=int16), 'to': array([25], dtype=int16)}"
2493,Plus stylish.,"{'term': array([''], dtype=object), 'polarity': array([''], dtype=object), 'from': array([0], dtype=int16), 'to': array([0], dtype=int16)}"
2870,For the price and what I get out of it has exceeded my expectations.,"{'term': array(['price'], dtype=object), 'polarity': array(['positive'], dtype=object), 'from': array([8], dtype=int16), 'to': array([13], dtype=int16)}"
182,"And, if you are going to deal with HP be careful.","{'term': array([''], dtype=object), 'polarity': array([''], dtype=object), 'from': array([0], dtype=int16), 'to': array([0], dtype=int16)}"
1903,  I took the computer into Best Buy where I purchased it and they kept it over night to study it.,"{'term': array([''], dtype=object), 'polarity': array([''], dtype=object), 'from': array([0], dtype=int16), 'to': array([0], dtype=int16)}"
244,"If your time is worth anything to you, if you are tired of rebooting, reformatting, reinstalling, trying to find drivers, if you want a computer to work for you for a change, make the change to this computer.","{'term': array(['drivers'], dtype=object), 'polarity': array(['negative'], dtype=object), 'from': array([113], dtype=int16), 'to': array([120], dtype=int16)}"
307,My MacBook Pro is no exception.,"{'term': array([''], dtype=object), 'polarity': array([''], dtype=object), 'from': array([0], dtype=int16), 'to': array([0], dtype=int16)}"
1871,"  Unless you don't care how long it takes to get going, find something else.","{'term': array([''], dtype=object), 'polarity': array([''], dtype=object), 'from': array([0], dtype=int16), 'to': array([0], dtype=int16)}"
1183,(You may be reading one now!,"{'term': array([''], dtype=object), 'polarity': array([''], dtype=object), 'from': array([0], dtype=int16), 'to': array([0], dtype=int16)}"
2132,The only thing I wish is the 15 inch MacBook Pro has much better speakers on the side of the keyboard.,"{'term': array(['speakers', 'keyboard'], dtype=object), 'polarity': array(['negative', 'neutral'], dtype=object), 'from': array([65, 93], dtype=int16), 'to': array([ 73, 101], dtype=int16)}"
69,I will have to say that I love my MacBook Pro!,"{'term': array([''], dtype=object), 'polarity': array([''], dtype=object), 'from': array([0], dtype=int16), 'to': array([0], dtype=int16)}"
1360,"In fact, he said, about 10% of their products fail.","{'term': array([''], dtype=object), 'polarity': array([''], dtype=object), 'from': array([0], dtype=int16), 'to': array([0], dtype=int16)}"
2059,This is the first Apple product that I have purchased.,"{'term': array([''], dtype=object), 'polarity': array([''], dtype=object), 'from': array([0], dtype=int16), 'to': array([0], dtype=int16)}"
938,"  Now, as easy as it is to use, and I do think it is a great STARTER laptop.","{'term': array(['use'], dtype=object), 'polarity': array(['positive'], dtype=object), 'from': array([27], dtype=int16), 'to': array([30], dtype=int16)}"
1692,This causes my wrist to scrape up against it.,"{'term': array([''], dtype=object), 'polarity': array([''], dtype=object), 'from': array([0], dtype=int16), 'to': array([0], dtype=int16)}"
1114,Enough said.,"{'term': array([''], dtype=object), 'polarity': array([''], dtype=object), 'from': array([0], dtype=int16), 'to': array([0], dtype=int16)}"
496,"Setting would change for some reason, the screen size would change on it's own, like the pixel sizes and whatnot.","{'term': array(['Setting', 'screen size', 'pixel sizes'], dtype=object), 'polarity': array(['negative', 'negative', 'negative'], dtype=object), 'from': array([ 0, 42, 89], dtype=int16), 'to': array([  7,  53, 100], dtype=int16)}"
2015,It had some kind of pre installed software update that completely shut the computer down when you clicked it.,"{'term': array(['pre installed software update'], dtype=object), 'polarity': array(['negative'], dtype=object), 'from': array([20], dtype=int16), 'to': array([49], dtype=int16)}"
1138,"Ever since I bought this laptop, so far I've experience nothing but constant break downs of the laptop and bad customer services I received over the phone with toshiba customer services hotlines.","{'term': array(['customer services', 'toshiba customer services'], dtype=object), 'polarity': array(['negative', 'negative'], dtype=object), 'from': array([111, 160], dtype=int16), 'to': array([128, 185], dtype=int16)}"
1695,I do not plan on going back.,"{'term': array([''], dtype=object), 'polarity': array([''], dtype=object), 'from': array([0], dtype=int16), 'to': array([0], dtype=int16)}"
3068,"No laptop is perfect, but sometimes you just find a computer that works for you.","{'term': array([''], dtype=object), 'polarity': array([''], dtype=object), 'from': array([0], dtype=int16), 'to': array([0], dtype=int16)}"
372,"I really like the Mac 15.4in. Notebook, but its very pricey.","{'term': array([''], dtype=object), 'polarity': array([''], dtype=object), 'from': array([0], dtype=int16), 'to': array([0], dtype=int16)}"
41,"Also, the space bar makes a noisy click every time you use it.","{'term': array(['space bar'], dtype=object), 'polarity': array(['negative'], dtype=object), 'from': array([10], dtype=int16), 'to': array([19], dtype=int16)}"
2250,iPhotos is an excellent program for storing and organizing photos.,"{'term': array(['iPhotos', 'program'], dtype=object), 'polarity': array(['positive', 'positive'], dtype=object), 'from': array([ 0, 24], dtype=int16), 'to': array([ 7, 31], dtype=int16)}"
2654,Other than that its a great performing machine and well meets all my needs and more.,"{'term': array(['performing'], dtype=object), 'polarity': array(['positive'], dtype=object), 'from': array([28], dtype=int16), 'to': array([38], dtype=int16)}"
2473,"We were occasional Mac users before, but most recently owned a budget PC since it is what we could afford.","{'term': array([''], dtype=object), 'polarity': array([''], dtype=object), 'from': array([0], dtype=int16), 'to': array([0], dtype=int16)}"
745,"Called tech support and got the usual Acer ""We don't support software but for $$$ we can help you"" I explained there was no software involved in booting.","{'term': array(['software', 'software', 'booting'], dtype=object), 'polarity': array(['negative', 'negative', 'negative'], dtype=object), 'from': array([ 61, 124, 145], dtype=int16), 'to': array([ 69, 132, 152], dtype=int16)}"
2024,I would never tell anyone to buy one either.,"{'term': array([''], dtype=object), 'polarity': array([''], dtype=object), 'from': array([0], dtype=int16), 'to': array([0], dtype=int16)}"
1531,"The programs are great, like iphoto (love the editing capabilities), imail (which can incorporate with the address book on the ipod and ipad), imovie, etc.","{'term': array(['programs', 'iphoto', 'imail', 'imovie'], dtype=object), 'polarity': array(['positive', 'positive', 'positive', 'positive'], dtype=object), 'from': array([  4,  29,  69, 143], dtype=int16), 'to': array([ 12,  35,  74, 149], dtype=int16)}"
2768,"The only thing I didn't learn in my research was the software I would need like privacy protection and warranty protection, in case it gets broken, or crashes etc.","{'term': array(['software'], dtype=object), 'polarity': array(['neutral'], dtype=object), 'from': array([53], dtype=int16), 'to': array([61], dtype=int16)}"
589,I can't say enough good for it!,"{'term': array([''], dtype=object), 'polarity': array([''], dtype=object), 'from': array([0], dtype=int16), 'to': array([0], dtype=int16)}"
2738,Comfterbale to use light easy to transport.,"{'term': array(['use', 'transport'], dtype=object), 'polarity': array(['positive', 'positive'], dtype=object), 'from': array([15, 33], dtype=int16), 'to': array([18, 42], dtype=int16)}"
1015,The Computer itself is a good product but the repair depot stinks.,"{'term': array(['repair depot'], dtype=object), 'polarity': array(['negative'], dtype=object), 'from': array([46], dtype=int16), 'to': array([58], dtype=int16)}"
144,I thought the price was great for the specs.,"{'term': array(['price', 'specs'], dtype=object), 'polarity': array(['positive', 'positive'], dtype=object), 'from': array([14, 38], dtype=int16), 'to': array([19, 43], dtype=int16)}"
1938,I was tired of going without my laptop every few weeks.,"{'term': array([''], dtype=object), 'polarity': array([''], dtype=object), 'from': array([0], dtype=int16), 'to': array([0], dtype=int16)}"
2305,the only down fall is that it has no cd drive but i found that they are very cheap to by and also very portable making this the best friend to someone who is always looking for more space then they have.,"{'term': array(['cd drive'], dtype=object), 'polarity': array(['negative'], dtype=object), 'from': array([37], dtype=int16), 'to': array([45], dtype=int16)}"
3044,"So, the hard disk capacity really doesn't matter to me.","{'term': array(['hard disk capacity'], dtype=object), 'polarity': array(['neutral'], dtype=object), 'from': array([8], dtype=int16), 'to': array([26], dtype=int16)}"
2115,Just for a stupid CD.,"{'term': array([''], dtype=object), 'polarity': array([''], dtype=object), 'from': array([0], dtype=int16), 'to': array([0], dtype=int16)}"
2709,Keys stick periodically and I havent had the laptop for 45 days yet.,"{'term': array(['Keys'], dtype=object), 'polarity': array(['negative'], dtype=object), 'from': array([0], dtype=int16), 'to': array([4], dtype=int16)}"
51,"It crashes, and when it goes flat, it just DIES (like a PC, maybe worse) and I loose all my open documents!","{'term': array([''], dtype=object), 'polarity': array([''], dtype=object), 'from': array([0], dtype=int16), 'to': array([0], dtype=int16)}"
310,I also like that you can scroll down in a window using two fingers on the trackpad.,"{'term': array(['trackpad'], dtype=object), 'polarity': array(['positive'], dtype=object), 'from': array([74], dtype=int16), 'to': array([82], dtype=int16)}"
19,Everything from the design to the OS is simple and to the point.,"{'term': array(['design', 'OS'], dtype=object), 'polarity': array(['positive', 'positive'], dtype=object), 'from': array([20, 34], dtype=int16), 'to': array([26, 36], dtype=int16)}"
122,I am now making a point to avoid their products and I hope my experience can serve as a warning to you as well.,"{'term': array([''], dtype=object), 'polarity': array([''], dtype=object), 'from': array([0], dtype=int16), 'to': array([0], dtype=int16)}"
408,I'v spent as much for shipping as I would to buy a new netbook -- of course a different brand.,"{'term': array(['shipping'], dtype=object), 'polarity': array(['negative'], dtype=object), 'from': array([22], dtype=int16), 'to': array([30], dtype=int16)}"
2426,I personally like the gaming look but needed a machine that delivered gaming performance while still looking professional in front of my customers.,"{'term': array(['gaming look', 'gaming performance'], dtype=object), 'polarity': array(['positive', 'positive'], dtype=object), 'from': array([22, 70], dtype=int16), 'to': array([33, 88], dtype=int16)}"
984,This just keeps having it's hard drive replaced!,"{'term': array(['hard drive'], dtype=object), 'polarity': array(['negative'], dtype=object), 'from': array([28], dtype=int16), 'to': array([38], dtype=int16)}"
2117,"When you look at the specs on Apple products in comparison to a Dell or a HP, yes they do seem to offer less for a higher cost.","{'term': array(['cost'], dtype=object), 'polarity': array(['negative'], dtype=object), 'from': array([122], dtype=int16), 'to': array([126], dtype=int16)}"
1294,""" Then I proceed to tell her that I checked out other retail stores that carry the netbook and it wasn't LIKE THAT.","{'term': array([''], dtype=object), 'polarity': array([''], dtype=object), 'from': array([0], dtype=int16), 'to': array([0], dtype=int16)}"
1853,  Then they had me jump through many hoops and questions to see if they could find another way to invalidate me.,"{'term': array([''], dtype=object), 'polarity': array([''], dtype=object), 'from': array([0], dtype=int16), 'to': array([0], dtype=int16)}"
2994,The only downfall is the volume control.,"{'term': array(['volume control'], dtype=object), 'polarity': array(['negative'], dtype=object), 'from': array([25], dtype=int16), 'to': array([39], dtype=int16)}"
1324,"Clearly, there is something wrong with the product and LG didn't take up the responsibility.","{'term': array([''], dtype=object), 'polarity': array([''], dtype=object), 'from': array([0], dtype=int16), 'to': array([0], dtype=int16)}"
246,Very fast boot up and shut down.,"{'term': array(['boot up', 'shut down'], dtype=object), 'polarity': array(['positive', 'positive'], dtype=object), 'from': array([10, 22], dtype=int16), 'to': array([17, 31], dtype=int16)}"
1539,"Right out of the box, this little netbook did everything I asked of it, including streaming the everyday video you're bound to encounter checking mail and websites (my biggest complaint previously).","{'term': array([''], dtype=object), 'polarity': array([''], dtype=object), 'from': array([0], dtype=int16), 'to': array([0], dtype=int16)}"
2869,I am very happy with this laptop.,"{'term': array([''], dtype=object), 'polarity': array([''], dtype=object), 'from': array([0], dtype=int16), 'to': array([0], dtype=int16)}"
2536,this laptop is durable and it is easy to travel with.,"{'term': array([''], dtype=object), 'polarity': array([''], dtype=object), 'from': array([0], dtype=int16), 'to': array([0], dtype=int16)}"
2765,I finally decided on this laptop because it was the right price for what I need it.,"{'term': array(['price'], dtype=object), 'polarity': array(['positive'], dtype=object), 'from': array([58], dtype=int16), 'to': array([63], dtype=int16)}"
1266,What a mistake!,"{'term': array([''], dtype=object), 'polarity': array([''], dtype=object), 'from': array([0], dtype=int16), 'to': array([0], dtype=int16)}"
1885,"If internet connectivity is important I would recommend going with a dell net book for 50 bucks more, or buy a USB wireless card.","{'term': array(['internet connectivity', 'USB wireless card'], dtype=object), 'polarity': array(['neutral', 'neutral'], dtype=object), 'from': array([  3, 111], dtype=int16), 'to': array([ 24, 128], dtype=int16)}"
1952,I had read online that some users were having sound problems.,"{'term': array(['sound'], dtype=object), 'polarity': array(['negative'], dtype=object), 'from': array([46], dtype=int16), 'to': array([51], dtype=int16)}"
1440,"My last computer, a Toshiba, cost only $400, and worked like a charm for many years.","{'term': array(['cost'], dtype=object), 'polarity': array(['positive'], dtype=object), 'from': array([29], dtype=int16), 'to': array([33], dtype=int16)}"
2949,It discharges too quickly.,"{'term': array(['discharges'], dtype=object), 'polarity': array(['negative'], dtype=object), 'from': array([3], dtype=int16), 'to': array([13], dtype=int16)}"
1206,"But to be honest, the compatibility issues and the other little quirks make me think I ll buy a PC next time.","{'term': array(['compatibility'], dtype=object), 'polarity': array(['negative'], dtype=object), 'from': array([22], dtype=int16), 'to': array([35], dtype=int16)}"
1461,"  three years is a decent life, but this must make it to graduation and beyond.","{'term': array([''], dtype=object), 'polarity': array([''], dtype=object), 'from': array([0], dtype=int16), 'to': array([0], dtype=int16)}"
705,I work on a PC at home and have used Pc all through college.,"{'term': array([''], dtype=object), 'polarity': array([''], dtype=object), 'from': array([0], dtype=int16), 'to': array([0], dtype=int16)}"
1445,TOSHIBA WILL NOT ACKNOWLEDGE THIS PROBLEM.,"{'term': array([''], dtype=object), 'polarity': array([''], dtype=object), 'from': array([0], dtype=int16), 'to': array([0], dtype=int16)}"
109,Then it ceased charging at all.,"{'term': array(['charging'], dtype=object), 'polarity': array(['negative'], dtype=object), 'from': array([15], dtype=int16), 'to': array([23], dtype=int16)}"
1122,An absolutely hateful machine that no one should get of their own free will.,"{'term': array([''], dtype=object), 'polarity': array([''], dtype=object), 'from': array([0], dtype=int16), 'to': array([0], dtype=int16)}"
1599,"I do not experience a lot of heat coming out of it, however I would highly suggest purchasing a stand however, due to the nature of the design of the macbook as it is one very large heat sink.","{'term': array(['stand', 'design', 'heat sink'], dtype=object), 'polarity': array(['neutral', 'negative', 'negative'], dtype=object), 'from': array([ 96, 136, 182], dtype=int16), 'to': array([101, 142, 191], dtype=int16)}"
1050,"*=Webcam is a bit laggy, not the greatest.","{'term': array(['Webcam'], dtype=object), 'polarity': array(['negative'], dtype=object), 'from': array([2], dtype=int16), 'to': array([8], dtype=int16)}"
1430,"I am not much of a computer techie, so I can understand some of the internal problems, though I do have trend micro as an antiviral program.","{'term': array(['trend micro', 'antiviral program'], dtype=object), 'polarity': array(['neutral', 'neutral'], dtype=object), 'from': array([104, 122], dtype=int16), 'to': array([115, 139], dtype=int16)}"
759,Stay away from HP.,"{'term': array([''], dtype=object), 'polarity': array([''], dtype=object), 'from': array([0], dtype=int16), 'to': array([0], dtype=int16)}"
1942,"The computer continued to give me issues and in Late June it completely died again and I tried to call Acer again to get it fixed and they refused to help me, they said my warrenty was up and hung up on me.","{'term': array(['warrenty'], dtype=object), 'polarity': array(['negative'], dtype=object), 'from': array([172], dtype=int16), 'to': array([180], dtype=int16)}"
2978,I've haven't had any major problems with the laptop except that the plastic piece that covers the usb port wires have all come off.,"{'term': array(['plastic piece', 'usb port wires'], dtype=object), 'polarity': array(['negative', 'neutral'], dtype=object), 'from': array([68, 98], dtype=int16), 'to': array([ 81, 112], dtype=int16)}"
2288,Wonderful sleek case design is only on the outside.,"{'term': array(['case design'], dtype=object), 'polarity': array(['positive'], dtype=object), 'from': array([16], dtype=int16), 'to': array([27], dtype=int16)}"
2702,It is speedy when connected wirelessly to any network regardless if the connection is weak or not.,"{'term': array(['connection'], dtype=object), 'polarity': array(['neutral'], dtype=object), 'from': array([72], dtype=int16), 'to': array([82], dtype=int16)}"
215,I like it!,"{'term': array([''], dtype=object), 'polarity': array([''], dtype=object), 'from': array([0], dtype=int16), 'to': array([0], dtype=int16)}"
3036,The pricing is very competitive.,"{'term': array(['pricing'], dtype=object), 'polarity': array(['positive'], dtype=object), 'from': array([4], dtype=int16), 'to': array([11], dtype=int16)}"
2367,so we got a good deal on hsn for an ascer notebook and we bought it for him.,"{'term': array([''], dtype=object), 'polarity': array([''], dtype=object), 'from': array([0], dtype=int16), 'to': array([0], dtype=int16)}"
209,Connecting to my wireless router via built-in wireless took no time at all.,"{'term': array(['built-in wireless'], dtype=object), 'polarity': array(['positive'], dtype=object), 'from': array([37], dtype=int16), 'to': array([54], dtype=int16)}"
1586,Its still going.,"{'term': array([''], dtype=object), 'polarity': array([''], dtype=object), 'from': array([0], dtype=int16), 'to': array([0], dtype=int16)}"
2157,This computer is exceptionally thin for it's screen size and processing power.,"{'term': array(['screen size', 'processing power'], dtype=object), 'polarity': array(['positive', 'positive'], dtype=object), 'from': array([45, 61], dtype=int16), 'to': array([56, 77], dtype=int16)}"
1337,There is NO way I will buy a LG product in the future.,"{'term': array([''], dtype=object), 'polarity': array([''], dtype=object), 'from': array([0], dtype=int16), 'to': array([0], dtype=int16)}"
301,I have not had a problem with the applications quitting or freezing.,"{'term': array(['applications'], dtype=object), 'polarity': array(['positive'], dtype=object), 'from': array([34], dtype=int16), 'to': array([46], dtype=int16)}"
305,"Prior to this computer, I owned a PowerBook G4 for 6 years (quite a long time for a laptop).","{'term': array([''], dtype=object), 'polarity': array([''], dtype=object), 'from': array([0], dtype=int16), 'to': array([0], dtype=int16)}"
1190,"Maybe this is virus related, maybe not, but the computer has locked up many times, and on two occasions, the screen has simply gone black.","{'term': array(['screen'], dtype=object), 'polarity': array(['negative'], dtype=object), 'from': array([109], dtype=int16), 'to': array([115], dtype=int16)}"
2178,The advantages of owning 'a 'mac are numerous.,"{'term': array([''], dtype=object), 'polarity': array([''], dtype=object), 'from': array([0], dtype=int16), 'to': array([0], dtype=int16)}"
3025,I challenge anyone to show proof that through anywhere near normal use can get more than 2.5 hrs out of it.,"{'term': array([''], dtype=object), 'polarity': array([''], dtype=object), 'from': array([0], dtype=int16), 'to': array([0], dtype=int16)}"
37,Using this machine is like a mild form of torture.,"{'term': array([''], dtype=object), 'polarity': array([''], dtype=object), 'from': array([0], dtype=int16), 'to': array([0], dtype=int16)}"
2021,This wiped out several programs that were installed on the computer when it was bought.,"{'term': array(['programs'], dtype=object), 'polarity': array(['negative'], dtype=object), 'from': array([23], dtype=int16), 'to': array([31], dtype=int16)}"
996,"On the twelfth day that I had the notebook, I decided to go to Dell's website and update it.","{'term': array([''], dtype=object), 'polarity': array([''], dtype=object), 'from': array([0], dtype=int16), 'to': array([0], dtype=int16)}"
791,The computer blinks it shuts off at will.,"{'term': array([''], dtype=object), 'polarity': array([''], dtype=object), 'from': array([0], dtype=int16), 'to': array([0], dtype=int16)}"
2906,Excellent product for the money.,"{'term': array([''], dtype=object), 'polarity': array([''], dtype=object), 'from': array([0], dtype=int16), 'to': array([0], dtype=int16)}"
333,"It's graphics aren't bad at all, for the lower end of the MacBook Pro spectrum, easily capable of running StarCraft II and other games with comparable graphics.","{'term': array(['graphics', 'graphics'], dtype=object), 'polarity': array(['positive', 'neutral'], dtype=object), 'from': array([  5, 151], dtype=int16), 'to': array([ 13, 159], dtype=int16)}"
1436,"I have Vista, so I am unable to install and uninstall  some programs.","{'term': array(['Vista', 'programs', 'install', 'uninstall\xa0'], dtype=object), 'polarity': array(['negative', 'negative', 'negative', 'negative'], dtype=object), 'from': array([ 7, 60, 32, 44], dtype=int16), 'to': array([12, 68, 39, 54], dtype=int16)}"
2359,"The screen is bright and vivid and the keyboard is very easy to use, very important for use quick typers.","{'term': array(['screen', 'keyboard'], dtype=object), 'polarity': array(['positive', 'positive'], dtype=object), 'from': array([ 4, 39], dtype=int16), 'to': array([10, 47], dtype=int16)}"
1637,"I can do everything I could before, only faster and more efficiently.","{'term': array([''], dtype=object), 'polarity': array([''], dtype=object), 'from': array([0], dtype=int16), 'to': array([0], dtype=int16)}"
2981,I called Toshiba and they want me to be without my laptop for about two weeks while they look at the problem.,"{'term': array([''], dtype=object), 'polarity': array([''], dtype=object), 'from': array([0], dtype=int16), 'to': array([0], dtype=int16)}"
2839,the mouse jumps around all the time and it clicks stuff i dont want it too.,"{'term': array(['mouse'], dtype=object), 'polarity': array(['negative'], dtype=object), 'from': array([4], dtype=int16), 'to': array([9], dtype=int16)}"
1456,  i dont understand why i spent twice as much to get a laptop rather than a desktop when my lap top is completely immoble.,"{'term': array([''], dtype=object), 'polarity': array([''], dtype=object), 'from': array([0], dtype=int16), 'to': array([0], dtype=int16)}"
3077,For those that care about noise this thing doesn't really make any;,"{'term': array(['noise'], dtype=object), 'polarity': array(['positive'], dtype=object), 'from': array([26], dtype=int16), 'to': array([31], dtype=int16)}"
2042,Here we are another year later and the computer is doing the same thing.,"{'term': array([''], dtype=object), 'polarity': array([''], dtype=object), 'from': array([0], dtype=int16), 'to': array([0], dtype=int16)}"
1988,"Despite the plethora of problems, I managed to use technological trickery to keep the machine operational for two years.","{'term': array([''], dtype=object), 'polarity': array([''], dtype=object), 'from': array([0], dtype=int16), 'to': array([0], dtype=int16)}"
237,"I had my IWORKS, Itunes, Email, MS Office, network and printers set up and completely working perfectly within an hour.","{'term': array(['IWORKS', 'Itunes', 'MS Office'], dtype=object), 'polarity': array(['positive', 'positive', 'positive'], dtype=object), 'from': array([ 9, 17, 32], dtype=int16), 'to': array([15, 23, 41], dtype=int16)}"
380,Simply amazing computer!!,"{'term': array([''], dtype=object), 'polarity': array([''], dtype=object), 'from': array([0], dtype=int16), 'to': array([0], dtype=int16)}"
994,"I first purchased this Dell model ""1764"" on April 6, 201","{'term': array([''], dtype=object), 'polarity': array([''], dtype=object), 'from': array([0], dtype=int16), 'to': array([0], dtype=int16)}"
219,The macbooks are small enough to be very portable yet hold tons of information and performance.,"{'term': array(['performance'], dtype=object), 'polarity': array(['positive'], dtype=object), 'from': array([83], dtype=int16), 'to': array([94], dtype=int16)}"
1024,Two times with in one month.,"{'term': array([''], dtype=object), 'polarity': array([''], dtype=object), 'from': array([0], dtype=int16), 'to': array([0], dtype=int16)}"
2532,The only downfall is a lot of the software I have won't work with Mac and iWork is not worth the price of it.,"{'term': array(['iWork', 'software', 'price'], dtype=object), 'polarity': array(['negative', 'negative', 'negative'], dtype=object), 'from': array([74, 34, 97], dtype=int16), 'to': array([ 79,  42, 102], dtype=int16)}"
669,"Waited on getting this computer, but it has been a great change.","{'term': array([''], dtype=object), 'polarity': array([''], dtype=object), 'from': array([0], dtype=int16), 'to': array([0], dtype=int16)}"
422,"For my burn thigh which has put a permanent mark on my skin (it happened 7 months ago) they offered me an ITouch 8Gig (you know it is a bit insulating when a company this rich, offer a loyal customer like me, a bottom of their product line as a gift for events like this).","{'term': array([''], dtype=object), 'polarity': array([''], dtype=object), 'from': array([0], dtype=int16), 'to': array([0], dtype=int16)}"
1993,"Whenever tried to turn it on, it would restart as soon as the BIOS launched Windows (or Winblows, as I like ot call it).","{'term': array(['BIOS', 'Windows'], dtype=object), 'polarity': array(['negative', 'negative'], dtype=object), 'from': array([62, 76], dtype=int16), 'to': array([66, 83], dtype=int16)}"
2497,BUT there's this application called Boot Camp which allows you to add another OS X like Windows.,"{'term': array(['application', 'OS X', 'Boot Camp', 'Windows'], dtype=object), 'polarity': array(['neutral', 'neutral', 'neutral', 'neutral'], dtype=object), 'from': array([17, 78, 36, 88], dtype=int16), 'to': array([28, 82, 45, 95], dtype=int16)}"
888,The mousepad is a huge pain in the arse!,"{'term': array(['mousepad'], dtype=object), 'polarity': array(['negative'], dtype=object), 'from': array([4], dtype=int16), 'to': array([12], dtype=int16)}"
1120,"I hope to edit this in the next few hours, I am going to try to install my own copy of Windows 7.","{'term': array(['Windows 7'], dtype=object), 'polarity': array(['neutral'], dtype=object), 'from': array([87], dtype=int16), 'to': array([96], dtype=int16)}"
770,"If it's not shipped on the next business day, called on a Friday they are closed on weekends, what was the next step.","{'term': array([''], dtype=object), 'polarity': array([''], dtype=object), 'from': array([0], dtype=int16), 'to': array([0], dtype=int16)}"
1174,") I also purchased  Applecare  for $300, which is a three year extended warranty, since I ve never seen any laptop that lasted more than two.","{'term': array(['Applecare', 'extended warranty'], dtype=object), 'polarity': array(['neutral', 'neutral'], dtype=object), 'from': array([20, 63], dtype=int16), 'to': array([29, 80], dtype=int16)}"
2072,"I have had the netbook for 2 months and I love it, I read some reviews that say netbooks are slow but it does not seem any slower than the other computers I use.","{'term': array([''], dtype=object), 'polarity': array([''], dtype=object), 'from': array([0], dtype=int16), 'to': array([0], dtype=int16)}"
2100,"I run windows via bootcamp for the couple programs I do not want to buy a mac version of, like my cad programs.","{'term': array(['windows', 'programs', 'cad programs', 'bootcamp'], dtype=object), 'polarity': array(['neutral', 'neutral', 'neutral', 'neutral'], dtype=object), 'from': array([ 6, 42, 98, 18], dtype=int16), 'to': array([ 13,  50, 110,  26], dtype=int16)}"
1331,"C'mon, LG.","{'term': array([''], dtype=object), 'polarity': array([''], dtype=object), 'from': array([0], dtype=int16), 'to': array([0], dtype=int16)}"
60,"Whenever I call Dell about an unrelated problem, they ask me if my laptop is running slowly and if I'd like to purchase more memory for $75.","{'term': array(['memory'], dtype=object), 'polarity': array(['neutral'], dtype=object), 'from': array([125], dtype=int16), 'to': array([131], dtype=int16)}"
1454,  since then i have had minor problems with slow operation.,"{'term': array(['operation'], dtype=object), 'polarity': array(['negative'], dtype=object), 'from': array([49], dtype=int16), 'to': array([58], dtype=int16)}"
889,"If you faintly come close to touching this thing while typing, all craziness may break loose.","{'term': array([''], dtype=object), 'polarity': array([''], dtype=object), 'from': array([0], dtype=int16), 'to': array([0], dtype=int16)}"
2705,Registration/1st use is easy.,"{'term': array(['use'], dtype=object), 'polarity': array(['positive'], dtype=object), 'from': array([17], dtype=int16), 'to': array([20], dtype=int16)}"
1498,"I love this laptop, and use it everyday to do something, and never lets me down.","{'term': array([''], dtype=object), 'polarity': array([''], dtype=object), 'from': array([0], dtype=int16), 'to': array([0], dtype=int16)}"
393,Finally was able to reach a young lady in California and ordered the machine and was subsequently given a delivery date.,"{'term': array([''], dtype=object), 'polarity': array([''], dtype=object), 'from': array([0], dtype=int16), 'to': array([0], dtype=int16)}"
2215,I definitely will buy a Mac again if and when this computer ever fails.,"{'term': array([''], dtype=object), 'polarity': array([''], dtype=object), 'from': array([0], dtype=int16), 'to': array([0], dtype=int16)}"
718,"The Toshiba Mini Notebook, Model NB 305-N410BL, is a great little computer.","{'term': array([''], dtype=object), 'polarity': array([''], dtype=object), 'from': array([0], dtype=int16), 'to': array([0], dtype=int16)}"
1177,Take your time and go through the tutorials patiently.,"{'term': array(['tutorials'], dtype=object), 'polarity': array(['neutral'], dtype=object), 'from': array([34], dtype=int16), 'to': array([43], dtype=int16)}"
438,So if anyones looking to buy a computer or laptop you should stay far far away from any that have the name TOSHIBA on it...,"{'term': array([''], dtype=object), 'polarity': array([''], dtype=object), 'from': array([0], dtype=int16), 'to': array([0], dtype=int16)}"
2330,"(I'm an excellent touch typist, and my hands are very sensitive, too.","{'term': array([''], dtype=object), 'polarity': array([''], dtype=object), 'from': array([0], dtype=int16), 'to': array([0], dtype=int16)}"
961,  This time the mouse pad and right click key wouldn't work!,"{'term': array(['mouse pad', 'right click key'], dtype=object), 'polarity': array(['negative', 'negative'], dtype=object), 'from': array([16, 30], dtype=int16), 'to': array([25, 45], dtype=int16)}"
1914,  EVENTUALLY we pushed hard enough to convince them that this was the MACHINE that was causing the problems.,"{'term': array([''], dtype=object), 'polarity': array([''], dtype=object), 'from': array([0], dtype=int16), 'to': array([0], dtype=int16)}"
3026,The first full charge of this battery got me only about 2 full hours.,"{'term': array(['battery', 'full charge'], dtype=object), 'polarity': array(['negative', 'negative'], dtype=object), 'from': array([30, 10], dtype=int16), 'to': array([37, 21], dtype=int16)}"
2336,"I bought a cordless mouse for it, but don't always take it out;","{'term': array(['cordless mouse'], dtype=object), 'polarity': array(['positive'], dtype=object), 'from': array([11], dtype=int16), 'to': array([25], dtype=int16)}"
1605,"When I got it, I immediately noticed that it was quite heavy and thick and not really attractive.","{'term': array([''], dtype=object), 'polarity': array([''], dtype=object), 'from': array([0], dtype=int16), 'to': array([0], dtype=int16)}"
384,"It is sleek, smooth, and lightweight.","{'term': array([''], dtype=object), 'polarity': array([''], dtype=object), 'from': array([0], dtype=int16), 'to': array([0], dtype=int16)}"
2539,"i am a huge computer person i love anykind of computer that works well, but when i got this one i was so happy with the way it works and how it runs its amazing.","{'term': array(['runs'], dtype=object), 'polarity': array(['positive'], dtype=object), 'from': array([144], dtype=int16), 'to': array([148], dtype=int16)}"
2853,It took Toshiba tech support 4 calls and 4 different techs to correct the problem.,"{'term': array(['Toshiba tech support', 'techs'], dtype=object), 'polarity': array(['negative', 'negative'], dtype=object), 'from': array([ 8, 53], dtype=int16), 'to': array([28, 58], dtype=int16)}"
2976,They only stay charged a little over an hour.,"{'term': array(['charged'], dtype=object), 'polarity': array(['negative'], dtype=object), 'from': array([15], dtype=int16), 'to': array([22], dtype=int16)}"
1782,Now they are believers in the product.,"{'term': array([''], dtype=object), 'polarity': array([''], dtype=object), 'from': array([0], dtype=int16), 'to': array([0], dtype=int16)}"
53,Had to have this computer repaired twice in the first 5 months after purchasing it.,"{'term': array([''], dtype=object), 'polarity': array([''], dtype=object), 'from': array([0], dtype=int16), 'to': array([0], dtype=int16)}"
2012,Hewlett Packard HP Pavillion DV6000 Laptop is the worst laptop we have ever bought.,"{'term': array([''], dtype=object), 'polarity': array([''], dtype=object), 'from': array([0], dtype=int16), 'to': array([0], dtype=int16)}"
1148,I had never owned a Mac before;,"{'term': array([''], dtype=object), 'polarity': array([''], dtype=object), 'from': array([0], dtype=int16), 'to': array([0], dtype=int16)}"
1127,"The 4 USB ports are nice, but the two on the side only work now and then.","{'term': array(['USB ports'], dtype=object), 'polarity': array(['conflict'], dtype=object), 'from': array([6], dtype=int16), 'to': array([15], dtype=int16)}"
1843,  I could not find a phone number anywhere to call an actual live person for tech support and had to result the their online chat.,"{'term': array(['tech support', 'online chat'], dtype=object), 'polarity': array(['negative', 'neutral'], dtype=object), 'from': array([ 77, 118], dtype=int16), 'to': array([ 89, 129], dtype=int16)}"
410,i try to use it today and I can't logon.,"{'term': array([''], dtype=object), 'polarity': array([''], dtype=object), 'from': array([0], dtype=int16), 'to': array([0], dtype=int16)}"
1128,Keyboard could use some trimming.,"{'term': array(['Keyboard'], dtype=object), 'polarity': array(['negative'], dtype=object), 'from': array([0], dtype=int16), 'to': array([8], dtype=int16)}"
849,The bottom-line is that this laptop just isn't worth it.,"{'term': array([''], dtype=object), 'polarity': array([''], dtype=object), 'from': array([0], dtype=int16), 'to': array([0], dtype=int16)}"
173,I returned the computer to HP and they kept it for 3 months.,"{'term': array([''], dtype=object), 'polarity': array([''], dtype=object), 'from': array([0], dtype=int16), 'to': array([0], dtype=int16)}"
1767,Its white color is stylish for college students and easy to take to carry and take to classes.,"{'term': array(['color'], dtype=object), 'polarity': array(['positive'], dtype=object), 'from': array([10], dtype=int16), 'to': array([15], dtype=int16)}"
1887,"Returned laptop for repair a 2nd time and it came back with obvious physical damage (keyboard bulging and speaker grill pressed in), buttons not working and USB ports inoperative.","{'term': array(['keyboard', 'speaker grill', 'buttons', 'USB ports'], dtype=object), 'polarity': array(['negative', 'negative', 'negative', 'negative'], dtype=object), 'from': array([ 85, 106, 133, 157], dtype=int16), 'to': array([ 93, 119, 140, 166], dtype=int16)}"
1880,"When I am next to my router on my HP I get full service, on my Eee PC I get 3 bars.","{'term': array(['full service'], dtype=object), 'polarity': array(['conflict'], dtype=object), 'from': array([43], dtype=int16), 'to': array([55], dtype=int16)}"
101,I got assurances from 2 different people that the remaining 10 months of my warranty would transfer to the new computer.,"{'term': array(['warranty'], dtype=object), 'polarity': array(['positive'], dtype=object), 'from': array([76], dtype=int16), 'to': array([84], dtype=int16)}"
1033,Pretty disappointed about this product.,"{'term': array([''], dtype=object), 'polarity': array([''], dtype=object), 'from': array([0], dtype=int16), 'to': array([0], dtype=int16)}"
792,The letter A stopped working after the first week.,"{'term': array(['letter A'], dtype=object), 'polarity': array(['negative'], dtype=object), 'from': array([4], dtype=int16), 'to': array([12], dtype=int16)}"
1927,"By the time I was finally able to get a work order to get it fixed I had been without my computer for almost a week while I was an Online College Student, so it was very inconvenient and I had to send it off and be without it while it was being fixed also.","{'term': array([''], dtype=object), 'polarity': array([''], dtype=object), 'from': array([0], dtype=int16), 'to': array([0], dtype=int16)}"
2278,It out performs any other laptop on the market today.,"{'term': array([''], dtype=object), 'polarity': array([''], dtype=object), 'from': array([0], dtype=int16), 'to': array([0], dtype=int16)}"
1330,This is what I call a good after sales service.,"{'term': array(['after sales service.'], dtype=object), 'polarity': array(['positive'], dtype=object), 'from': array([27], dtype=int16), 'to': array([47], dtype=int16)}"
1117,"Maybe it's Acer, maybe it's MSFT.","{'term': array([''], dtype=object), 'polarity': array([''], dtype=object), 'from': array([0], dtype=int16), 'to': array([0], dtype=int16)}"
2103,"So if you want a good machine that does almost anything this is the one, if you want a low budget computer then look at the other great brands Best Buy sells.","{'term': array([''], dtype=object), 'polarity': array([''], dtype=object), 'from': array([0], dtype=int16), 'to': array([0], dtype=int16)}"
3079,I took off a star because the machine has a lot of junk software on it.,"{'term': array(['software'], dtype=object), 'polarity': array(['negative'], dtype=object), 'from': array([56], dtype=int16), 'to': array([64], dtype=int16)}"
579,I would buy one of these for every person in my office if I could.,"{'term': array([''], dtype=object), 'polarity': array([''], dtype=object), 'from': array([0], dtype=int16), 'to': array([0], dtype=int16)}"
973,"With what I do know how to do, the computer works beautiful.","{'term': array(['works'], dtype=object), 'polarity': array(['positive'], dtype=object), 'from': array([44], dtype=int16), 'to': array([49], dtype=int16)}"
1083,"HAVING HAD EXPERIENCE WITH A TOSHIBA LAPTOP, I WAS DISAPPOINTED TO FIND THAT THE TOSHIBA NB305 LAPTOP HAS MAJOR PROBLEMS.","{'term': array([''], dtype=object), 'polarity': array([''], dtype=object), 'from': array([0], dtype=int16), 'to': array([0], dtype=int16)}"
2727,Tried to make a recovey disk wouldnt get passed the first recovery disk.,"{'term': array(['recovey disk', 'recovery disk'], dtype=object), 'polarity': array(['negative', 'negative'], dtype=object), 'from': array([16, 58], dtype=int16), 'to': array([28, 71], dtype=int16)}"
2791,"Most everything is fine with this machine: speed, capacity, build.","{'term': array(['speed', 'capacity', 'build'], dtype=object), 'polarity': array(['positive', 'positive', 'positive'], dtype=object), 'from': array([43, 50, 60], dtype=int16), 'to': array([48, 58, 65], dtype=int16)}"
1499,"I have never had it crash, randomly turn off,","{'term': array([''], dtype=object), 'polarity': array([''], dtype=object), 'from': array([0], dtype=int16), 'to': array([0], dtype=int16)}"
161,"For the same price, you get a lot more in the Asus....1920x1080 res.","{'term': array(['price'], dtype=object), 'polarity': array(['negative'], dtype=object), 'from': array([13], dtype=int16), 'to': array([18], dtype=int16)}"
1494,"I made a photo book as a gift, on my computer, pushed ""Buy"" and it drew from my iTunes account and sent the book to my house, the book was of perfect quality-exactly how I had created it and looked better than I had even imagined.","{'term': array(['iTunes'], dtype=object), 'polarity': array(['neutral'], dtype=object), 'from': array([80], dtype=int16), 'to': array([86], dtype=int16)}"
1545,"I use this for my tutoring business, and since I'm always bouncing from student to student, it is ideal for portability and battery life (yes, it gets the 8 hours as advertised!).","{'term': array(['portability', 'battery life'], dtype=object), 'polarity': array(['positive', 'positive'], dtype=object), 'from': array([108, 124], dtype=int16), 'to': array([119, 136], dtype=int16)}"
1587,It is in the best condition and has a really high quality.,"{'term': array(['quality'], dtype=object), 'polarity': array(['positive'], dtype=object), 'from': array([50], dtype=int16), 'to': array([57], dtype=int16)}"
1236,When it come time for warranty service to Toshiba you don't matter.,"{'term': array(['warranty service to Toshiba'], dtype=object), 'polarity': array(['neutral'], dtype=object), 'from': array([22], dtype=int16), 'to': array([49], dtype=int16)}"
1911,  However the frozen screens kept happening.,"{'term': array(['screens'], dtype=object), 'polarity': array(['negative'], dtype=object), 'from': array([21], dtype=int16), 'to': array([28], dtype=int16)}"
3052,Ive owned Apple computers and laptops for as long as i could remember.,"{'term': array([''], dtype=object), 'polarity': array([''], dtype=object), 'from': array([0], dtype=int16), 'to': array([0], dtype=int16)}"
1161,At least those computers didn't just die on me like this one.,"{'term': array([''], dtype=object), 'polarity': array([''], dtype=object), 'from': array([0], dtype=int16), 'to': array([0], dtype=int16)}"
556,It's A MAC!!,"{'term': array([''], dtype=object), 'polarity': array([''], dtype=object), 'from': array([0], dtype=int16), 'to': array([0], dtype=int16)}"
1452,  i had the bulk of problems with my lap top within the first six months.,"{'term': array([''], dtype=object), 'polarity': array([''], dtype=object), 'from': array([0], dtype=int16), 'to': array([0], dtype=int16)}"
1334,This is my first LG product.,"{'term': array([''], dtype=object), 'polarity': array([''], dtype=object), 'from': array([0], dtype=int16), 'to': array([0], dtype=int16)}"
275,"It is short on space, and downloads always had problems being completed, or were said to be 'corrupted'.","{'term': array(['space', 'downloads'], dtype=object), 'polarity': array(['negative', 'negative'], dtype=object), 'from': array([15, 26], dtype=int16), 'to': array([20, 35], dtype=int16)}"
191,3) Horrible customer support,"{'term': array(['customer support'], dtype=object), 'polarity': array(['negative'], dtype=object), 'from': array([12], dtype=int16), 'to': array([28], dtype=int16)}"
2349,The LED backlit display makes my pictures pop so much more.,"{'term': array(['LED backlit display'], dtype=object), 'polarity': array(['positive'], dtype=object), 'from': array([4], dtype=int16), 'to': array([23], dtype=int16)}"
606,very very slow laptop.,"{'term': array([''], dtype=object), 'polarity': array([''], dtype=object), 'from': array([0], dtype=int16), 'to': array([0], dtype=int16)}"
1032,I'm going back to DELL.,"{'term': array([''], dtype=object), 'polarity': array([''], dtype=object), 'from': array([0], dtype=int16), 'to': array([0], dtype=int16)}"
1974,With what I paid for this computer it should have had everything on it.,"{'term': array([''], dtype=object), 'polarity': array([''], dtype=object), 'from': array([0], dtype=int16), 'to': array([0], dtype=int16)}"
2611,"Apple is always great about the aesthetics of things, they always come up with good looking products.","{'term': array(['aesthetics'], dtype=object), 'polarity': array(['positive'], dtype=object), 'from': array([32], dtype=int16), 'to': array([42], dtype=int16)}"
283,I went to my local Best Buy looking for a new laptop since mine broke.,"{'term': array([''], dtype=object), 'polarity': array([''], dtype=object), 'from': array([0], dtype=int16), 'to': array([0], dtype=int16)}"
2940,Runs smooth and quick.,"{'term': array(['Runs'], dtype=object), 'polarity': array(['positive'], dtype=object), 'from': array([0], dtype=int16), 'to': array([4], dtype=int16)}"
1840,"Not a bad laptop, it's a bit slow, but gets the job done.","{'term': array([''], dtype=object), 'polarity': array([''], dtype=object), 'from': array([0], dtype=int16), 'to': array([0], dtype=int16)}"
1249,"Honestly, I spent more time waiting for it to unfreeze then actually doing what I got on there for!","{'term': array([''], dtype=object), 'polarity': array([''], dtype=object), 'from': array([0], dtype=int16), 'to': array([0], dtype=int16)}"
2915,This a starter notebook.,"{'term': array([''], dtype=object), 'polarity': array([''], dtype=object), 'from': array([0], dtype=int16), 'to': array([0], dtype=int16)}"
860,No I am generous calling it slow.,"{'term': array([''], dtype=object), 'polarity': array([''], dtype=object), 'from': array([0], dtype=int16), 'to': array([0], dtype=int16)}"
2577,The downside to this netbook is pretty much the same for any netbook: screen size is not something I'd stare at for the entire 10-11 hours of battery life five days a week.,"{'term': array(['screen size', 'battery life'], dtype=object), 'polarity': array(['neutral', 'neutral'], dtype=object), 'from': array([ 70, 142], dtype=int16), 'to': array([ 81, 154], dtype=int16)}"
2933,The graphics are great.,"{'term': array(['graphics'], dtype=object), 'polarity': array(['positive'], dtype=object), 'from': array([4], dtype=int16), 'to': array([12], dtype=int16)}"
457,"All-in-all, I would definitely recommend this product for nearly everyone.","{'term': array([''], dtype=object), 'polarity': array([''], dtype=object), 'from': array([0], dtype=int16), 'to': array([0], dtype=int16)}"
1208,in 5 months the connect quality got worse and worse.,"{'term': array(['connect quality'], dtype=object), 'polarity': array(['negative'], dtype=object), 'from': array([16], dtype=int16), 'to': array([31], dtype=int16)}"
2494,"The big screen allows you to enjoy watching movies , pictures and etc!","{'term': array(['screen'], dtype=object), 'polarity': array(['positive'], dtype=object), 'from': array([8], dtype=int16), 'to': array([14], dtype=int16)}"
2807,"the headphone and mic jack are in front of touch-pad making the touch-pad hard to use when using headphones/mic, not to mention the laptop was designed for right handed person.","{'term': array(['headphone', 'mic jack', 'touch-pad', 'touch-pad', 'headphones',
       'mic'], dtype=object), 'polarity': array(['negative', 'negative', 'neutral', 'negative', 'negative',
       'negative'], dtype=object), 'from': array([  4,  18,  43,  64,  97, 108], dtype=int16), 'to': array([ 13,  26,  52,  73, 107, 111], dtype=int16)}"
12,For the [$] price (special offer) this is a great laptop.,"{'term': array(['price'], dtype=object), 'polarity': array(['positive'], dtype=object), 'from': array([12], dtype=int16), 'to': array([17], dtype=int16)}"
2109,"I have had at least eight Toshiba laptops, and they have been outstanding, including this one.","{'term': array([''], dtype=object), 'polarity': array([''], dtype=object), 'from': array([0], dtype=int16), 'to': array([0], dtype=int16)}"
765,"I called back to ensure that received it, they had.","{'term': array([''], dtype=object), 'polarity': array([''], dtype=object), 'from': array([0], dtype=int16), 'to': array([0], dtype=int16)}"
986,the manufacturer's warranty only covers replacement/repair of parts.,"{'term': array(['warranty'], dtype=object), 'polarity': array(['negative'], dtype=object), 'from': array([19], dtype=int16), 'to': array([27], dtype=int16)}"
61,What I'd like is for the laptop to run well without having to purchase additional memory.,"{'term': array(['memory', 'run'], dtype=object), 'polarity': array(['negative', 'neutral'], dtype=object), 'from': array([82, 35], dtype=int16), 'to': array([88, 38], dtype=int16)}"
1790,"If you can afford a new laptop, and are in the market for one, of course, then definitely go for this.","{'term': array([''], dtype=object), 'polarity': array([''], dtype=object), 'from': array([0], dtype=int16), 'to': array([0], dtype=int16)}"
807,Got the computer back a month later and it was still broken sent it out again and they repaired it.,"{'term': array([''], dtype=object), 'polarity': array([''], dtype=object), 'from': array([0], dtype=int16), 'to': array([0], dtype=int16)}"
2463,It works exactly like it did the day I took it out of the box.,"{'term': array(['works'], dtype=object), 'polarity': array(['positive'], dtype=object), 'from': array([3], dtype=int16), 'to': array([8], dtype=int16)}"
947,"Now, the next issue I had freaked me out.","{'term': array([''], dtype=object), 'polarity': array([''], dtype=object), 'from': array([0], dtype=int16), 'to': array([0], dtype=int16)}"
1477,i love ths notebook.,"{'term': array([''], dtype=object), 'polarity': array([''], dtype=object), 'from': array([0], dtype=int16), 'to': array([0], dtype=int16)}"
2487,"It is fast booting up , shutting down, and connection with the internet.","{'term': array(['connection with the internet', 'booting up', 'shutting down'],
      dtype=object), 'polarity': array(['positive', 'positive', 'positive'], dtype=object), 'from': array([43, 11, 24], dtype=int16), 'to': array([71, 21, 37], dtype=int16)}"
1638,The battery life is great.,"{'term': array(['battery life'], dtype=object), 'polarity': array(['positive'], dtype=object), 'from': array([4], dtype=int16), 'to': array([16], dtype=int16)}"
3082,This is not a serious gaming laptop or a serious media machine;,"{'term': array(['gaming'], dtype=object), 'polarity': array(['negative'], dtype=object), 'from': array([22], dtype=int16), 'to': array([28], dtype=int16)}"
1157,"Even if Apple replaces whatever needs replacing I wonder if, since I seem to be doubling the amount of time I get out of it each time it's ""like new,"" I might have 8 months next time.","{'term': array([''], dtype=object), 'polarity': array([''], dtype=object), 'from': array([0], dtype=int16), 'to': array([0], dtype=int16)}"
1251,I got this laptop on Black Friday.,"{'term': array([''], dtype=object), 'polarity': array([''], dtype=object), 'from': array([0], dtype=int16), 'to': array([0], dtype=int16)}"
1909,  They replaced my hard drive as well as my mother board.,"{'term': array(['hard drive', 'mother board'], dtype=object), 'polarity': array(['neutral', 'neutral'], dtype=object), 'from': array([19, 44], dtype=int16), 'to': array([29, 56], dtype=int16)}"
3014,I fell in love with it.,"{'term': array([''], dtype=object), 'polarity': array([''], dtype=object), 'from': array([0], dtype=int16), 'to': array([0], dtype=int16)}"
518,"It was just one problem after another for me, and that's reason we had forked out so much money was so we wouldn't have anything to worry about.","{'term': array([''], dtype=object), 'polarity': array([''], dtype=object), 'from': array([0], dtype=int16), 'to': array([0], dtype=int16)}"
2512,There is nothing to complain about the system.,"{'term': array(['system'], dtype=object), 'polarity': array(['positive'], dtype=object), 'from': array([39], dtype=int16), 'to': array([45], dtype=int16)}"
2234,and it comes with the new OSX that comes with new features that makes the use more easy.,"{'term': array(['OSX', 'features', 'use'], dtype=object), 'polarity': array(['positive', 'positive', 'positive'], dtype=object), 'from': array([26, 50, 74], dtype=int16), 'to': array([29, 58, 77], dtype=int16)}"
3002,Maybe not the cutting edge (Satellite L455D) but it is a workhorse.,"{'term': array([''], dtype=object), 'polarity': array([''], dtype=object), 'from': array([0], dtype=int16), 'to': array([0], dtype=int16)}"
318,But the Macbook is the best!,"{'term': array([''], dtype=object), 'polarity': array([''], dtype=object), 'from': array([0], dtype=int16), 'to': array([0], dtype=int16)}"
405,"Now the screen is going darker, darker, darker.","{'term': array(['screen'], dtype=object), 'polarity': array(['negative'], dtype=object), 'from': array([8], dtype=int16), 'to': array([14], dtype=int16)}"
1086,EITHER THE COMPUTER IS TOO SLOW TO DETECT THE KEYS TYPED (THIS IS UNLIKELY AS I AM A SLOW TYPIST) OR THE KEYBOARD SIMPLY DOES NOT DETECT THE KEYS BEING TYPED.,"{'term': array(['KEYS', 'KEYBOARD', 'KEYS'], dtype=object), 'polarity': array(['negative', 'negative', 'negative'], dtype=object), 'from': array([ 46, 105, 141], dtype=int16), 'to': array([ 50, 113, 145], dtype=int16)}"
1500,I got the black MacBook two years ago and have never regretted it.,"{'term': array([''], dtype=object), 'polarity': array([''], dtype=object), 'from': array([0], dtype=int16), 'to': array([0], dtype=int16)}"
604,As a graphic arts a retired instructor I still love to play with the graphic with photos and clip art .....,"{'term': array([''], dtype=object), 'polarity': array([''], dtype=object), 'from': array([0], dtype=int16), 'to': array([0], dtype=int16)}"
893,My wife also has problems with her Asus - different model.,"{'term': array([''], dtype=object), 'polarity': array([''], dtype=object), 'from': array([0], dtype=int16), 'to': array([0], dtype=int16)}"
2504,"Features such as the Dashboard (allows you to view frequently used tools like a calculator, weather forecast, movie times, calendar, computer post its etc.","{'term': array(['Features', 'Dashboard'], dtype=object), 'polarity': array(['neutral', 'neutral'], dtype=object), 'from': array([ 0, 21], dtype=int16), 'to': array([ 8, 30], dtype=int16)}"
2104,This computer is the ideal college companion.,"{'term': array([''], dtype=object), 'polarity': array([''], dtype=object), 'from': array([0], dtype=int16), 'to': array([0], dtype=int16)}"
2206,Both computers started acting extremely slow within the first year of owning them.,"{'term': array([''], dtype=object), 'polarity': array([''], dtype=object), 'from': array([0], dtype=int16), 'to': array([0], dtype=int16)}"
74,The MacBook Pro is very sturdy and versatile.,"{'term': array([''], dtype=object), 'polarity': array([''], dtype=object), 'from': array([0], dtype=int16), 'to': array([0], dtype=int16)}"
793,when i called to have another one shipped or to get my money back they said the return policy is 23 twenty three days from the date of purchase.,"{'term': array(['return policy'], dtype=object), 'polarity': array(['negative'], dtype=object), 'from': array([80], dtype=int16), 'to': array([93], dtype=int16)}"
2662,"BOUGHT FROM WAL-MART, I BELIEVE THAT THIS LAPTOP WAS A REPAIRED ITEM.","{'term': array([''], dtype=object), 'polarity': array([''], dtype=object), 'from': array([0], dtype=int16), 'to': array([0], dtype=int16)}"
2726,Couldnt not use it.,"{'term': array([''], dtype=object), 'polarity': array([''], dtype=object), 'from': array([0], dtype=int16), 'to': array([0], dtype=int16)}"
956,"  I sent it back and found this time that the battery was faulty, so I got a new one and some other fixes they found.","{'term': array(['battery'], dtype=object), 'polarity': array(['negative'], dtype=object), 'from': array([46], dtype=int16), 'to': array([53], dtype=int16)}"
2044,I swear they design these things to go to crap after a year so you are stuck and have to buy a new one.,"{'term': array([''], dtype=object), 'polarity': array([''], dtype=object), 'from': array([0], dtype=int16), 'to': array([0], dtype=int16)}"
2516,Great pick for portability and affordability.,"{'term': array(['portability', 'affordability'], dtype=object), 'polarity': array(['positive', 'positive'], dtype=object), 'from': array([15, 31], dtype=int16), 'to': array([26, 44], dtype=int16)}"
2760,"It's fast, it's easy easy easy to set up, easy to hook to my wireless network.","{'term': array(['set up', 'hook to my wireless network'], dtype=object), 'polarity': array(['positive', 'positive'], dtype=object), 'from': array([34, 50], dtype=int16), 'to': array([40, 77], dtype=int16)}"
1597,"I previously purchased a 13"" macbook (had pro specs and was aluminum style) which had a nvidia 9800 (If I am not mistaken) and it had major heating issues.","{'term': array(['aluminum style', 'specs', 'nvidia 9800'], dtype=object), 'polarity': array(['positive', 'positive', 'neutral'], dtype=object), 'from': array([60, 46, 88], dtype=int16), 'to': array([74, 51, 99], dtype=int16)}"
126,They didn't even try to assist me or even offer a replacement.,"{'term': array([''], dtype=object), 'polarity': array([''], dtype=object), 'from': array([0], dtype=int16), 'to': array([0], dtype=int16)}"
2404,We used PC products - it seemed simpler to continue with the same thing.,"{'term': array([''], dtype=object), 'polarity': array([''], dtype=object), 'from': array([0], dtype=int16), 'to': array([0], dtype=int16)}"
1329,The people there just changed for me on the spot and I got a new arm piece and they didn't even request for a receipt.,"{'term': array(['arm piece'], dtype=object), 'polarity': array(['positive'], dtype=object), 'from': array([65], dtype=int16), 'to': array([74], dtype=int16)}"
1223,"I love my Samsung TV and Galaxy S smartphone, but this Netbook was a very poor computer.","{'term': array([''], dtype=object), 'polarity': array([''], dtype=object), 'from': array([0], dtype=int16), 'to': array([0], dtype=int16)}"
3005,I made a perfect decision when I bought the Toshiba!,"{'term': array([''], dtype=object), 'polarity': array([''], dtype=object), 'from': array([0], dtype=int16), 'to': array([0], dtype=int16)}"
2338,I take it everywhere with me because it's so easy to carry.,"{'term': array(['carry'], dtype=object), 'polarity': array(['positive'], dtype=object), 'from': array([53], dtype=int16), 'to': array([58], dtype=int16)}"
2948,The only thing is that the battery won't last more than 1/2 an hour.,"{'term': array(['battery'], dtype=object), 'polarity': array(['negative'], dtype=object), 'from': array([27], dtype=int16), 'to': array([34], dtype=int16)}"
117,It still heats up like mad and I am unable to use it with the computer directly on my lap for more than five to ten minutes at a time.,"{'term': array([''], dtype=object), 'polarity': array([''], dtype=object), 'from': array([0], dtype=int16), 'to': array([0], dtype=int16)}"
2027,The first fell apart right after the 1-year-warranty.,"{'term': array(['1-year-warranty'], dtype=object), 'polarity': array(['neutral'], dtype=object), 'from': array([37], dtype=int16), 'to': array([52], dtype=int16)}"
2877,I am finding my way around this laptop better than my last one.,"{'term': array([''], dtype=object), 'polarity': array([''], dtype=object), 'from': array([0], dtype=int16), 'to': array([0], dtype=int16)}"
853,"  They told me it was my loss even though it was the computer, not  what I've done.","{'term': array([''], dtype=object), 'polarity': array([''], dtype=object), 'from': array([0], dtype=int16), 'to': array([0], dtype=int16)}"
1833,I would Highly recommend this MacBook.,"{'term': array([''], dtype=object), 'polarity': array([''], dtype=object), 'from': array([0], dtype=int16), 'to': array([0], dtype=int16)}"
3053,"About 2 months ago i bought the 2011 macbook pro, which was an upgrade from my 2010 macbook pro.","{'term': array([''], dtype=object), 'polarity': array([''], dtype=object), 'from': array([0], dtype=int16), 'to': array([0], dtype=int16)}"
316,"Let's just get this out of the way, I love Apple!","{'term': array([''], dtype=object), 'polarity': array([''], dtype=object), 'from': array([0], dtype=int16), 'to': array([0], dtype=int16)}"
2936,Oh and it has word and stuff but its a trial verion so after about a month or so when you go to open it it asks for a product key which didnt come with the computer and even after clicking cancel it wont let you use it at all I use the old word processer which works good.,"{'term': array(['word', 'word processer'], dtype=object), 'polarity': array(['conflict', 'positive'], dtype=object), 'from': array([ 14, 240], dtype=int16), 'to': array([ 18, 254], dtype=int16)}"
684,The keyboard has a wonderful nature feel.,"{'term': array(['keyboard'], dtype=object), 'polarity': array(['positive'], dtype=object), 'from': array([4], dtype=int16), 'to': array([12], dtype=int16)}"
464,"They went through asking me open up various components, taking battery out, hard disk apart, and after 2 hours on phone could not fix it.","{'term': array(['battery', 'hard disk'], dtype=object), 'polarity': array(['neutral', 'neutral'], dtype=object), 'from': array([63, 76], dtype=int16), 'to': array([70, 85], dtype=int16)}"
628,"*4 weeks after giving the computer for repair*-Annoyed at MacHouse Amsterdam, decided to send complaint email to Apple.","{'term': array([''], dtype=object), 'polarity': array([''], dtype=object), 'from': array([0], dtype=int16), 'to': array([0], dtype=int16)}"
596,"While there are occasions that my computer will freeze or will need to be manually shut down, this occurs far less frequently than on PC computers and laptops that I've used.","{'term': array([''], dtype=object), 'polarity': array([''], dtype=object), 'from': array([0], dtype=int16), 'to': array([0], dtype=int16)}"
342,Bought with a credit card.,"{'term': array([''], dtype=object), 'polarity': array([''], dtype=object), 'from': array([0], dtype=int16), 'to': array([0], dtype=int16)}"
2762,The battery doesn't last long but I'm sure an upgrade battery would solve that problem.,"{'term': array(['battery', 'battery'], dtype=object), 'polarity': array(['negative', 'positive'], dtype=object), 'from': array([ 4, 54], dtype=int16), 'to': array([11, 61], dtype=int16)}"
2440,"I was looking too closely at the other performance specs and while comparing, I took it for granted that these features were standard.","{'term': array(['performance specs', 'features'], dtype=object), 'polarity': array(['neutral', 'neutral'], dtype=object), 'from': array([ 39, 111], dtype=int16), 'to': array([ 56, 119], dtype=int16)}"
1951,I did a lot of research and ended up thinking this Toshiba was the best one for me.,"{'term': array([''], dtype=object), 'polarity': array([''], dtype=object), 'from': array([0], dtype=int16), 'to': array([0], dtype=int16)}"
2334,"""  I've had it now about 2 months and absolutely LOVE IT.","{'term': array([''], dtype=object), 'polarity': array([''], dtype=object), 'from': array([0], dtype=int16), 'to': array([0], dtype=int16)}"
1046,I have no idea how this could have even gotten past quality control during production.,"{'term': array(['quality control'], dtype=object), 'polarity': array(['negative'], dtype=object), 'from': array([52], dtype=int16), 'to': array([67], dtype=int16)}"
735,"I bought this last week, and the very next day had to return it because it over heated and the touch-mouse stopped responding.","{'term': array(['touch-mouse'], dtype=object), 'polarity': array(['negative'], dtype=object), 'from': array([95], dtype=int16), 'to': array([106], dtype=int16)}"
2176,I am so happy to have purchased this computer.,"{'term': array([''], dtype=object), 'polarity': array([''], dtype=object), 'from': array([0], dtype=int16), 'to': array([0], dtype=int16)}"
2821,"Oh yea, has no numeric pad on the side.","{'term': array(['numeric pad'], dtype=object), 'polarity': array(['negative'], dtype=object), 'from': array([15], dtype=int16), 'to': array([26], dtype=int16)}"
1987,"The cover for the DVD drive soon came off, too--a mark of poor construction quality.","{'term': array(['cover for the DVD drive', 'construction quality'], dtype=object), 'polarity': array(['negative', 'negative'], dtype=object), 'from': array([ 4, 63], dtype=int16), 'to': array([27, 83], dtype=int16)}"
1386,I returned the 2nd laptop for a full refund.,"{'term': array([''], dtype=object), 'polarity': array([''], dtype=object), 'from': array([0], dtype=int16), 'to': array([0], dtype=int16)}"
1354,really no problems with the hand me down computers I received from my children.,"{'term': array([''], dtype=object), 'polarity': array([''], dtype=object), 'from': array([0], dtype=int16), 'to': array([0], dtype=int16)}"
1830,I did not take the class and wish that I would have.,"{'term': array([''], dtype=object), 'polarity': array([''], dtype=object), 'from': array([0], dtype=int16), 'to': array([0], dtype=int16)}"
2428,It would be a load on long trips where a lot of walking is required.,"{'term': array([''], dtype=object), 'polarity': array([''], dtype=object), 'from': array([0], dtype=int16), 'to': array([0], dtype=int16)}"
1327,But the arm velcro is torn after one use.,"{'term': array(['arm velcro'], dtype=object), 'polarity': array(['negative'], dtype=object), 'from': array([8], dtype=int16), 'to': array([18], dtype=int16)}"
54,Not good for a person who gets online daily.,"{'term': array([''], dtype=object), 'polarity': array([''], dtype=object), 'from': array([0], dtype=int16), 'to': array([0], dtype=int16)}"
1886,The laptop was returned but audio issue was not fixed.,"{'term': array([''], dtype=object), 'polarity': array([''], dtype=object), 'from': array([0], dtype=int16), 'to': array([0], dtype=int16)}"
517,"I can't even remember how I finally got it taken care of, but I was done with Sony after that!","{'term': array([''], dtype=object), 'polarity': array([''], dtype=object), 'from': array([0], dtype=int16), 'to': array([0], dtype=int16)}"
1282,So it was only about 2 weeks ago.,"{'term': array([''], dtype=object), 'polarity': array([''], dtype=object), 'from': array([0], dtype=int16), 'to': array([0], dtype=int16)}"
2888,"I just love this lap top, I just wish it were all silver or they had all black.","{'term': array([''], dtype=object), 'polarity': array([''], dtype=object), 'from': array([0], dtype=int16), 'to': array([0], dtype=int16)}"
1639,The software is amazing.,"{'term': array(['software'], dtype=object), 'polarity': array(['positive'], dtype=object), 'from': array([4], dtype=int16), 'to': array([12], dtype=int16)}"
1288,"We carry the netbook around here and there, hence it's kinda of irritating when the LCD just ""slide"" downwards.","{'term': array(['LCD'], dtype=object), 'polarity': array(['negative'], dtype=object), 'from': array([84], dtype=int16), 'to': array([87], dtype=int16)}"
2607,There is nothing better.,"{'term': array([''], dtype=object), 'polarity': array([''], dtype=object), 'from': array([0], dtype=int16), 'to': array([0], dtype=int16)}"
1273,I now own another Hewlitt Packard.,"{'term': array([''], dtype=object), 'polarity': array([''], dtype=object), 'from': array([0], dtype=int16), 'to': array([0], dtype=int16)}"
2959,"The 2 GB of RAM is plenty, able to run Windows 7 and at least 2 or 3 other programs with next to no slowdown.","{'term': array(['2 GB of RAM', 'Windows 7', 'programs'], dtype=object), 'polarity': array(['positive', 'positive', 'positive'], dtype=object), 'from': array([ 4, 39, 75], dtype=int16), 'to': array([15, 48, 83], dtype=int16)}"
26,"The battery life is amazing, the versitility is outstanding.","{'term': array(['battery life', 'versitility'], dtype=object), 'polarity': array(['positive', 'positive'], dtype=object), 'from': array([ 4, 33], dtype=int16), 'to': array([16, 44], dtype=int16)}"
1194,"It is known as Safari, and if you are doing any website work, you should know that many hosting companies do not support it.","{'term': array(['Safari'], dtype=object), 'polarity': array(['neutral'], dtype=object), 'from': array([15], dtype=int16), 'to': array([21], dtype=int16)}"
264,Vista is a nightmare.,"{'term': array(['Vista'], dtype=object), 'polarity': array(['negative'], dtype=object), 'from': array([0], dtype=int16), 'to': array([5], dtype=int16)}"
798,i spent eight hundred dollars from a giant paper weight that looks good on a bus.,"{'term': array([''], dtype=object), 'polarity': array([''], dtype=object), 'from': array([0], dtype=int16), 'to': array([0], dtype=int16)}"
1862,  I have used a couple of others on the job as well.,"{'term': array([''], dtype=object), 'polarity': array([''], dtype=object), 'from': array([0], dtype=int16), 'to': array([0], dtype=int16)}"
2214,The program came with the computer and works beautifully.,"{'term': array(['program'], dtype=object), 'polarity': array(['positive'], dtype=object), 'from': array([4], dtype=int16), 'to': array([11], dtype=int16)}"
1102,"Posted Nov 8, 2010 - Two weeks ago I bought this notebook.","{'term': array([''], dtype=object), 'polarity': array([''], dtype=object), 'from': array([0], dtype=int16), 'to': array([0], dtype=int16)}"
985,  Acer won't replace the laptop.,"{'term': array([''], dtype=object), 'polarity': array([''], dtype=object), 'from': array([0], dtype=int16), 'to': array([0], dtype=int16)}"
752,I am also upset with CR for giving a good rating.,"{'term': array([''], dtype=object), 'polarity': array([''], dtype=object), 'from': array([0], dtype=int16), 'to': array([0], dtype=int16)}"
2806,"the hinge design forced you to place various connections all around the computer, left right and front.","{'term': array(['hinge design'], dtype=object), 'polarity': array(['negative'], dtype=object), 'from': array([4], dtype=int16), 'to': array([16], dtype=int16)}"
2356,I have owned macbook pros since 2005 and this is the best yet!,"{'term': array([''], dtype=object), 'polarity': array([''], dtype=object), 'from': array([0], dtype=int16), 'to': array([0], dtype=int16)}"
1221,"I was loving this Netbook because it had an amazing screen and display and was small and light, but after 1 week it stopped openning web pages for me (even after installing new browsers) then eventually it just started giving me a blue screen and crashing everytime I booted it.","{'term': array(['screen', 'display', 'browsers'], dtype=object), 'polarity': array(['positive', 'positive', 'neutral'], dtype=object), 'from': array([ 52,  63, 177], dtype=int16), 'to': array([ 58,  70, 185], dtype=int16)}"
529,"Now I could get myself a cheap computer, that will probably work a whole lot better!","{'term': array([''], dtype=object), 'polarity': array([''], dtype=object), 'from': array([0], dtype=int16), 'to': array([0], dtype=int16)}"
2527,I would definitely not go back to using a PC after using the mac.,"{'term': array([''], dtype=object), 'polarity': array([''], dtype=object), 'from': array([0], dtype=int16), 'to': array([0], dtype=int16)}"
1237,The So called laptop Runs to Slow and I hate it!,"{'term': array(['Runs'], dtype=object), 'polarity': array(['negative'], dtype=object), 'from': array([21], dtype=int16), 'to': array([25], dtype=int16)}"
2712,"This is the first laptop I've owned, althougth I used several at my previous job.","{'term': array([''], dtype=object), 'polarity': array([''], dtype=object), 'from': array([0], dtype=int16), 'to': array([0], dtype=int16)}"
2054,"Those moments in thime where you want to throw something against the wall? Yeah, I wanted to throw that lap top out the window and light it on fire.","{'term': array([''], dtype=object), 'polarity': array([''], dtype=object), 'from': array([0], dtype=int16), 'to': array([0], dtype=int16)}"
359,Charger seems large for this class of computer.,"{'term': array(['Charger'], dtype=object), 'polarity': array(['negative'], dtype=object), 'from': array([0], dtype=int16), 'to': array([7], dtype=int16)}"
2394,I don't really have a complaint.,"{'term': array([''], dtype=object), 'polarity': array([''], dtype=object), 'from': array([0], dtype=int16), 'to': array([0], dtype=int16)}"
1116,I'm pretty sure it's not newegg's fault but when you turn on a computer you just bought you want it to at least get to desktop.,"{'term': array([''], dtype=object), 'polarity': array([''], dtype=object), 'from': array([0], dtype=int16), 'to': array([0], dtype=int16)}"
1915,  Best Buy ended up junking the computer and giving me a replacement computer.,"{'term': array([''], dtype=object), 'polarity': array([''], dtype=object), 'from': array([0], dtype=int16), 'to': array([0], dtype=int16)}"
2690,I dislike the quality and the placement of the speakers.,"{'term': array(['speakers'], dtype=object), 'polarity': array(['negative'], dtype=object), 'from': array([47], dtype=int16), 'to': array([55], dtype=int16)}"
2713,"The screen graphics and clarity, and sharpness are great.","{'term': array(['screen graphics', 'clarity', 'sharpness'], dtype=object), 'polarity': array(['positive', 'positive', 'positive'], dtype=object), 'from': array([ 4, 24, 37], dtype=int16), 'to': array([19, 31, 46], dtype=int16)}"
1826,If I have a problem with any of my apple items I make an appointment at one of my local stores and they work on correcting it right there.,"{'term': array([''], dtype=object), 'polarity': array([''], dtype=object), 'from': array([0], dtype=int16), 'to': array([0], dtype=int16)}"
2071,"So I called customer support (which is good too) and they went through it and it is just a safety feature and it does not affect performance at all, I just chose to hide the message.","{'term': array(['customer support', 'performance', 'safety feature'], dtype=object), 'polarity': array(['positive', 'neutral', 'neutral'], dtype=object), 'from': array([ 12, 129,  91], dtype=int16), 'to': array([ 28, 140, 105], dtype=int16)}"
644,"I claim that this has no value to me, the laptop was new anyway.","{'term': array([''], dtype=object), 'polarity': array([''], dtype=object), 'from': array([0], dtype=int16), 'to': array([0], dtype=int16)}"
1125,Enough said.,"{'term': array([''], dtype=object), 'polarity': array([''], dtype=object), 'from': array([0], dtype=int16), 'to': array([0], dtype=int16)}"
186,Not working = bad,"{'term': array([''], dtype=object), 'polarity': array([''], dtype=object), 'from': array([0], dtype=int16), 'to': array([0], dtype=int16)}"
67,i would really recommend to any person out there to get this laptop cause its really worth it.,"{'term': array([''], dtype=object), 'polarity': array([''], dtype=object), 'from': array([0], dtype=int16), 'to': array([0], dtype=int16)}"
1720,Otherwise this little notebook has met all my expectations.,"{'term': array([''], dtype=object), 'polarity': array([''], dtype=object), 'from': array([0], dtype=int16), 'to': array([0], dtype=int16)}"
2016,My son said it popped up and he clicked update.,"{'term': array([''], dtype=object), 'polarity': array([''], dtype=object), 'from': array([0], dtype=int16), 'to': array([0], dtype=int16)}"
40,I lost two items I was working on until I figured out what was happening.,"{'term': array([''], dtype=object), 'polarity': array([''], dtype=object), 'from': array([0], dtype=int16), 'to': array([0], dtype=int16)}"
2348,The unibody design is edgy and durable.,"{'term': array(['unibody design'], dtype=object), 'polarity': array(['positive'], dtype=object), 'from': array([4], dtype=int16), 'to': array([18], dtype=int16)}"
1441,STOPPED BOOTING UP less than a week after my one-year warranty was up.,"{'term': array(['BOOTING UP', 'one-year warranty'], dtype=object), 'polarity': array(['negative', 'neutral'], dtype=object), 'from': array([ 8, 45], dtype=int16), 'to': array([18, 62], dtype=int16)}"
2860,"But, for the cost this is a winner.","{'term': array(['cost'], dtype=object), 'polarity': array(['positive'], dtype=object), 'from': array([13], dtype=int16), 'to': array([17], dtype=int16)}"
2630,"Let me tell you, this machine is great.","{'term': array([''], dtype=object), 'polarity': array([''], dtype=object), 'from': array([0], dtype=int16), 'to': array([0], dtype=int16)}"
2842,I have used a computer at work but having your own personal laptop is AWSOME!,"{'term': array([''], dtype=object), 'polarity': array([''], dtype=object), 'from': array([0], dtype=int16), 'to': array([0], dtype=int16)}"
91,Later it held zero charge and its replacement worked for less than three months.,"{'term': array(['charge'], dtype=object), 'polarity': array(['negative'], dtype=object), 'from': array([19], dtype=int16), 'to': array([25], dtype=int16)}"
944,"  The second issue I had with it occured a month later and it kept overheating, even if on for less than an hour!","{'term': array([''], dtype=object), 'polarity': array([''], dtype=object), 'from': array([0], dtype=int16), 'to': array([0], dtype=int16)}"
817,"  Also, the battery does not last very long at all.","{'term': array(['battery'], dtype=object), 'polarity': array(['negative'], dtype=object), 'from': array([12], dtype=int16), 'to': array([19], dtype=int16)}"
2683,Good luck with your purchase options.,"{'term': array([''], dtype=object), 'polarity': array([''], dtype=object), 'from': array([0], dtype=int16), 'to': array([0], dtype=int16)}"
45,"Buy this if you like being tortured, teased, frustrated and wasting twice as much time as you spent using your old Mac.","{'term': array([''], dtype=object), 'polarity': array([''], dtype=object), 'from': array([0], dtype=int16), 'to': array([0], dtype=int16)}"
1108,Very disappointed!,"{'term': array([''], dtype=object), 'polarity': array([''], dtype=object), 'from': array([0], dtype=int16), 'to': array([0], dtype=int16)}"
465,They are asking me to ship the unit back to fix it at their site.,"{'term': array([''], dtype=object), 'polarity': array([''], dtype=object), 'from': array([0], dtype=int16), 'to': array([0], dtype=int16)}"
427,"I bought it from HSN because it was ""bundled"" with extra software, but as it turns out, that software just crashes it more often.....","{'term': array(['software', 'software'], dtype=object), 'polarity': array(['conflict', 'negative'], dtype=object), 'from': array([57, 93], dtype=int16), 'to': array([ 65, 101], dtype=int16)}"
3085,I looked around and based off my price/features comparison from a brand I trusted I landed here.,"{'term': array(['price', 'features'], dtype=object), 'polarity': array(['neutral', 'neutral'], dtype=object), 'from': array([33, 39], dtype=int16), 'to': array([38, 47], dtype=int16)}"
1139,  I constantly had to send my laptop in for services every 3 months and it always seems to be the same problem that they said they had already fixed.,"{'term': array(['services'], dtype=object), 'polarity': array(['negative'], dtype=object), 'from': array([44], dtype=int16), 'to': array([52], dtype=int16)}"
1591,Strong performance in this device makes use of fun and a strong sense of the era of speed This device serves all modern requirements is a very strong game and is very useful for designers.,"{'term': array(['performance', 'speed', 'use'], dtype=object), 'polarity': array(['positive', 'positive', 'positive'], dtype=object), 'from': array([ 7, 84, 40], dtype=int16), 'to': array([18, 89, 43], dtype=int16)}"
1067,Unless you need the Bluetooth 3.,"{'term': array(['Bluetooth 3'], dtype=object), 'polarity': array(['neutral'], dtype=object), 'from': array([20], dtype=int16), 'to': array([31], dtype=int16)}"
536,I was sorly disapointed to discover that HP (what I thought was a reputable company) wouldn't honor the warrenty when the fan blade fell apart.,"{'term': array(['warrenty', 'fan blade'], dtype=object), 'polarity': array(['negative', 'negative'], dtype=object), 'from': array([104, 122], dtype=int16), 'to': array([112, 131], dtype=int16)}"
1946,That is pretty sad when they name them specifically.,"{'term': array([''], dtype=object), 'polarity': array([''], dtype=object), 'from': array([0], dtype=int16), 'to': array([0], dtype=int16)}"
1434,"More times that not the screen pops up saying I have a bad internet connection, or the page can't be displayed.","{'term': array(['internet connection'], dtype=object), 'polarity': array(['negative'], dtype=object), 'from': array([59], dtype=int16), 'to': array([78], dtype=int16)}"
1526,No viruses.,"{'term': array([''], dtype=object), 'polarity': array([''], dtype=object), 'from': array([0], dtype=int16), 'to': array([0], dtype=int16)}"
2525,It is everything that I would want in a computer.,"{'term': array([''], dtype=object), 'polarity': array([''], dtype=object), 'from': array([0], dtype=int16), 'to': array([0], dtype=int16)}"
293,Do yourself a favor and invest in a few external harddrives if you are planning on purchasing this laptop.,"{'term': array(['external harddrives'], dtype=object), 'polarity': array(['negative'], dtype=object), 'from': array([40], dtype=int16), 'to': array([59], dtype=int16)}"
2344,"However, If I sound enthusiastic about this, I am!","{'term': array([''], dtype=object), 'polarity': array([''], dtype=object), 'from': array([0], dtype=int16), 'to': array([0], dtype=int16)}"
3037,You will fall in love with it in no time.,"{'term': array([''], dtype=object), 'polarity': array([''], dtype=object), 'from': array([0], dtype=int16), 'to': array([0], dtype=int16)}"
2543,i give this laptop a five star review i love it and it has done chams for me.,"{'term': array([''], dtype=object), 'polarity': array([''], dtype=object), 'from': array([0], dtype=int16), 'to': array([0], dtype=int16)}"
1905,  They removed them and returned the computer to me.,"{'term': array([''], dtype=object), 'polarity': array([''], dtype=object), 'from': array([0], dtype=int16), 'to': array([0], dtype=int16)}"
2386,I don't understand why only Windows 7 Starter is included.,"{'term': array(['Windows 7 Starter'], dtype=object), 'polarity': array(['negative'], dtype=object), 'from': array([28], dtype=int16), 'to': array([45], dtype=int16)}"
1981,"On 3 July 2004, I purcased this model at Best Buy for about $150","{'term': array([''], dtype=object), 'polarity': array([''], dtype=object), 'from': array([0], dtype=int16), 'to': array([0], dtype=int16)}"
2881,I went with him and we picked this one.,"{'term': array([''], dtype=object), 'polarity': array([''], dtype=object), 'from': array([0], dtype=int16), 'to': array([0], dtype=int16)}"
18,"While most people say that PCs hold functionality and value and Macs are just pretty to look at, I think there's something to be said about the simplicity of Macs.","{'term': array(['functionality', 'value', 'simplicity', 'look'], dtype=object), 'polarity': array(['positive', 'positive', 'positive', 'positive'], dtype=object), 'from': array([ 36,  54, 144,  88], dtype=int16), 'to': array([ 49,  59, 154,  92], dtype=int16)}"
1621,This is my second MACBOOK PRO and it's better than ever.,"{'term': array([''], dtype=object), 'polarity': array([''], dtype=object), 'from': array([0], dtype=int16), 'to': array([0], dtype=int16)}"
1610,My macbook is so much better looking and so thin!,"{'term': array(['looking'], dtype=object), 'polarity': array(['positive'], dtype=object), 'from': array([29], dtype=int16), 'to': array([36], dtype=int16)}"
998,The notebook would not turn back on again.,"{'term': array([''], dtype=object), 'polarity': array([''], dtype=object), 'from': array([0], dtype=int16), 'to': array([0], dtype=int16)}"
2292,The ease of use is wonderful.,"{'term': array(['use'], dtype=object), 'polarity': array(['positive'], dtype=object), 'from': array([12], dtype=int16), 'to': array([15], dtype=int16)}"
2596,This system came loaded with Windows 7 Starter.,"{'term': array(['Windows 7 Starter'], dtype=object), 'polarity': array(['neutral'], dtype=object), 'from': array([29], dtype=int16), 'to': array([46], dtype=int16)}"
614,"-When battery life went to 4 hours or less, took it to the MacHouse Amsterdam for repair (26th of August).","{'term': array(['battery life'], dtype=object), 'polarity': array(['negative'], dtype=object), 'from': array([6], dtype=int16), 'to': array([18], dtype=int16)}"
171,The battery gets so HOT it is scary.,"{'term': array(['battery'], dtype=object), 'polarity': array(['negative'], dtype=object), 'from': array([4], dtype=int16), 'to': array([11], dtype=int16)}"
2753,Best thing is I can use existing 32 bit old programs.,"{'term': array(['programs'], dtype=object), 'polarity': array(['positive'], dtype=object), 'from': array([44], dtype=int16), 'to': array([52], dtype=int16)}"
3,It's so nice to look at and the keys are easy to type with.,"{'term': array(['keys', 'look'], dtype=object), 'polarity': array(['positive', 'positive'], dtype=object), 'from': array([32, 16], dtype=int16), 'to': array([36, 20], dtype=int16)}"
1644,The apple macbook pro nothing to say butprofessionally great and outstanding.,"{'term': array([''], dtype=object), 'polarity': array([''], dtype=object), 'from': array([0], dtype=int16), 'to': array([0], dtype=int16)}"
332,"It's also very energy efficient, running on a quarter of the power it takes to run a 60 Watt lightbulb.","{'term': array([''], dtype=object), 'polarity': array([''], dtype=object), 'from': array([0], dtype=int16), 'to': array([0], dtype=int16)}"
1641,I am forever changed and will no longer buy a Windows based machine for personal use.,"{'term': array(['Windows'], dtype=object), 'polarity': array(['negative'], dtype=object), 'from': array([46], dtype=int16), 'to': array([53], dtype=int16)}"
1680,"Mom, Dad, Brother, sister, You name it!","{'term': array([''], dtype=object), 'polarity': array([''], dtype=object), 'from': array([0], dtype=int16), 'to': array([0], dtype=int16)}"
1164,but it came back in even worse shape.,"{'term': array([''], dtype=object), 'polarity': array([''], dtype=object), 'from': array([0], dtype=int16), 'to': array([0], dtype=int16)}"
2814,The only thing I would change about it is the mouse keys.,"{'term': array(['mouse keys'], dtype=object), 'polarity': array(['negative'], dtype=object), 'from': array([46], dtype=int16), 'to': array([56], dtype=int16)}"
43,"It is absolutely horrible to use, despite all its so called advanced features.","{'term': array(['features', 'use'], dtype=object), 'polarity': array(['negative', 'negative'], dtype=object), 'from': array([69, 29], dtype=int16), 'to': array([77, 32], dtype=int16)}"
1056,"Before, I reloaded with Windows 7 Ultimate and used only the downloaded drivers from Acer's site.","{'term': array(['drivers', 'Windows 7 Ultimate'], dtype=object), 'polarity': array(['neutral', 'neutral'], dtype=object), 'from': array([72, 24], dtype=int16), 'to': array([79, 42], dtype=int16)}"
2996,I have to keep turning it until it decides to lower and there is no mute.,"{'term': array(['mute'], dtype=object), 'polarity': array(['negative'], dtype=object), 'from': array([68], dtype=int16), 'to': array([72], dtype=int16)}"
3022,It's still beautiful and has better color reproduction than I could ever expect from a notebook.,"{'term': array(['color reproduction'], dtype=object), 'polarity': array(['positive'], dtype=object), 'from': array([36], dtype=int16), 'to': array([54], dtype=int16)}"
1850,After that I turned to email in my next vain help to get them to acknowledge that the warranty was still valid.,"{'term': array(['warranty'], dtype=object), 'polarity': array(['neutral'], dtype=object), 'from': array([86], dtype=int16), 'to': array([94], dtype=int16)}"
2184,"So far, a great product.","{'term': array([''], dtype=object), 'polarity': array([''], dtype=object), 'from': array([0], dtype=int16), 'to': array([0], dtype=int16)}"
2368,He loves it and it is easy to use and well the schools start teaching the kids early about computers so it was easy for him to get started.,"{'term': array(['use'], dtype=object), 'polarity': array(['positive'], dtype=object), 'from': array([30], dtype=int16), 'to': array([33], dtype=int16)}"
2233,"u can do what u want in just few seconds, even to start up your computer takes few seconds.","{'term': array(['start up'], dtype=object), 'polarity': array(['positive'], dtype=object), 'from': array([50], dtype=int16), 'to': array([58], dtype=int16)}"
1465,It's the most wonderful thing in the entire world.,"{'term': array([''], dtype=object), 'polarity': array([''], dtype=object), 'from': array([0], dtype=int16), 'to': array([0], dtype=int16)}"
1468,"So I'd pop them off to see what the problem was, well guess what? The darn thing wouldn't go back on.","{'term': array([''], dtype=object), 'polarity': array([''], dtype=object), 'from': array([0], dtype=int16), 'to': array([0], dtype=int16)}"
1613,"Also, macbooks come with much more features which are so cool!","{'term': array(['features'], dtype=object), 'polarity': array(['positive'], dtype=object), 'from': array([35], dtype=int16), 'to': array([43], dtype=int16)}"
510,They sent out a Sony 'Certified' technician.,"{'term': array([""Sony 'Certified' technician""], dtype=object), 'polarity': array(['neutral'], dtype=object), 'from': array([16], dtype=int16), 'to': array([43], dtype=int16)}"
2353,They have developed excellent proprietary software for editing video and pictures and I'm looking forward to utilizing these tools on the regular.,"{'term': array(['proprietary software'], dtype=object), 'polarity': array(['positive'], dtype=object), 'from': array([30], dtype=int16), 'to': array([50], dtype=int16)}"
2563,Getting the Apple Care plan is a must.,"{'term': array(['Apple Care plan'], dtype=object), 'polarity': array(['positive'], dtype=object), 'from': array([12], dtype=int16), 'to': array([27], dtype=int16)}"
2264,"I've saved a lot of time and headaches so far, using my new MacBook Pro.","{'term': array([''], dtype=object), 'polarity': array([''], dtype=object), 'from': array([0], dtype=int16), 'to': array([0], dtype=int16)}"
2306,overall i would recomend this to anybody and tell them that if they want to burn their music or play there video games to buy the cd drive.,"{'term': array(['cd drive', 'video games'], dtype=object), 'polarity': array(['neutral', 'neutral'], dtype=object), 'from': array([130, 107], dtype=int16), 'to': array([138, 118], dtype=int16)}"
635,-Apple offers to send replacement and after 10 days I send them the old computer.,"{'term': array([''], dtype=object), 'polarity': array([''], dtype=object), 'from': array([0], dtype=int16), 'to': array([0], dtype=int16)}"
2310,"So far, I have no complaints.","{'term': array([''], dtype=object), 'polarity': array([''], dtype=object), 'from': array([0], dtype=int16), 'to': array([0], dtype=int16)}"
2557,His was worth $36.,"{'term': array([''], dtype=object), 'polarity': array([''], dtype=object), 'from': array([0], dtype=int16), 'to': array([0], dtype=int16)}"
2664,NOW AM VERY APREHENSIVE ABOUT TOSHIBA LAPTOPS.,"{'term': array([''], dtype=object), 'polarity': array([''], dtype=object), 'from': array([0], dtype=int16), 'to': array([0], dtype=int16)}"
187,"I spent 2200 dollars on a ""top of the line laptop"".","{'term': array([''], dtype=object), 'polarity': array([''], dtype=object), 'from': array([0], dtype=int16), 'to': array([0], dtype=int16)}"
1622,I also own an HP notebook and it doesn't even come close.,"{'term': array([''], dtype=object), 'polarity': array([''], dtype=object), 'from': array([0], dtype=int16), 'to': array([0], dtype=int16)}"
2608,Our Apple 13.3 MacBook Pro Notebook Computer (Z0J80001) Notebook and has become such an integral part of completing our daily needs and social networking.,"{'term': array([''], dtype=object), 'polarity': array([''], dtype=object), 'from': array([0], dtype=int16), 'to': array([0], dtype=int16)}"
1432,"I am constantly trying to uninstall programs, clean cookies, and delete unused files.","{'term': array(['programs'], dtype=object), 'polarity': array(['neutral'], dtype=object), 'from': array([36], dtype=int16), 'to': array([44], dtype=int16)}"
102,"The dv4 boasted a faster processor, more memory, and a bigger hard drive than my old computer, plus a better quality web cam, nicer screen, and many other features.","{'term': array(['processor', 'memory', 'hard drive', 'web cam', 'screen',
       'features'], dtype=object), 'polarity': array(['positive', 'positive', 'positive', 'positive', 'positive',
       'positive'], dtype=object), 'from': array([ 25,  41,  62, 117, 132, 155], dtype=int16), 'to': array([ 34,  47,  72, 124, 138, 163], dtype=int16)}"
2966,The only downfall is the battery only last 1.5-2.0 hrs when not plugged in.,"{'term': array(['battery'], dtype=object), 'polarity': array(['negative'], dtype=object), 'from': array([25], dtype=int16), 'to': array([32], dtype=int16)}"
2211,The graphics on this computer are also stellar - very clear and vivid.,"{'term': array(['graphics'], dtype=object), 'polarity': array(['positive'], dtype=object), 'from': array([4], dtype=int16), 'to': array([12], dtype=int16)}"
2819,"Aside from the trial software and the short battery life, lack of a webcam, its great.","{'term': array(['trial software', 'battery life', 'webcam'], dtype=object), 'polarity': array(['negative', 'negative', 'negative'], dtype=object), 'from': array([15, 44, 68], dtype=int16), 'to': array([29, 56, 74], dtype=int16)}"
1633,"As a die-hard Windows enthusiast, I shunned the idea of a Mac until this point.","{'term': array(['Windows'], dtype=object), 'polarity': array(['positive'], dtype=object), 'from': array([14], dtype=int16), 'to': array([21], dtype=int16)}"
1351,I think that if it is the motherboard again so soon that they should replace it.,"{'term': array(['motherboard'], dtype=object), 'polarity': array(['negative'], dtype=object), 'from': array([26], dtype=int16), 'to': array([37], dtype=int16)}"
2544,if this computer every breaks down on me i will most definatly get the same one again.,"{'term': array([''], dtype=object), 'polarity': array([''], dtype=object), 'from': array([0], dtype=int16), 'to': array([0], dtype=int16)}"
272,"I had a MacBook Notebook, and it had absolutely no protection from viruses, spyware, malware, etc.","{'term': array([''], dtype=object), 'polarity': array([''], dtype=object), 'from': array([0], dtype=int16), 'to': array([0], dtype=int16)}"
2220,"The computer loads in about a 1/10th of the time that my PC did, and I have all of the programs that were on my PC.","{'term': array(['programs', 'loads'], dtype=object), 'polarity': array(['positive', 'positive'], dtype=object), 'from': array([87, 13], dtype=int16), 'to': array([95, 18], dtype=int16)}"
2165,I made the right decision.,"{'term': array([''], dtype=object), 'polarity': array([''], dtype=object), 'from': array([0], dtype=int16), 'to': array([0], dtype=int16)}"
93,"In the past few years, I've had terrible experiences with HP.","{'term': array([''], dtype=object), 'polarity': array([''], dtype=object), 'from': array([0], dtype=int16), 'to': array([0], dtype=int16)}"
2691,"Overall, it's ok.","{'term': array([''], dtype=object), 'polarity': array([''], dtype=object), 'from': array([0], dtype=int16), 'to': array([0], dtype=int16)}"
2723,"Graphics are clean and sharp, internet interfaces are seamless.","{'term': array(['Graphics', 'internet interfaces'], dtype=object), 'polarity': array(['positive', 'positive'], dtype=object), 'from': array([ 0, 30], dtype=int16), 'to': array([ 8, 49], dtype=int16)}"
73,"The newer black keyboard took a little bit away from the previous gray one which looked really slick, but it is still a great notebook!","{'term': array(['black keyboard'], dtype=object), 'polarity': array(['negative'], dtype=object), 'from': array([10], dtype=int16), 'to': array([24], dtype=int16)}"
1082,Sony parts reliability and quality of service is recenlty the worst.,"{'term': array(['service'], dtype=object), 'polarity': array(['negative'], dtype=object), 'from': array([38], dtype=int16), 'to': array([45], dtype=int16)}"
1520,I am very Happy!,"{'term': array([''], dtype=object), 'polarity': array([''], dtype=object), 'from': array([0], dtype=int16), 'to': array([0], dtype=int16)}"
2677,"As with any laptop not purchased with software options, it comes with a lot of what I consider useless applications.","{'term': array(['software options', 'applications'], dtype=object), 'polarity': array(['negative', 'negative'], dtype=object), 'from': array([ 38, 103], dtype=int16), 'to': array([ 54, 115], dtype=int16)}"
2588,"Its Office compatible, but the features and its functioning is all new again so you might as well save the money and just learn the pre installed mac programs.","{'term': array(['features', 'functioning', 'programs', 'Office'], dtype=object), 'polarity': array(['neutral', 'neutral', 'neutral', 'positive'], dtype=object), 'from': array([ 31,  48, 150,   4], dtype=int16), 'to': array([ 39,  59, 158,  10], dtype=int16)}"
3061,I occassionaly use it for work via VPN and it has not given me any problems.,"{'term': array([''], dtype=object), 'polarity': array([''], dtype=object), 'from': array([0], dtype=int16), 'to': array([0], dtype=int16)}"
2036,I sent it back AND THEY LOST IT.,"{'term': array([''], dtype=object), 'polarity': array([''], dtype=object), 'from': array([0], dtype=int16), 'to': array([0], dtype=int16)}"
223,It just works flawlessly!,"{'term': array(['works'], dtype=object), 'polarity': array(['positive'], dtype=object), 'from': array([8], dtype=int16), 'to': array([13], dtype=int16)}"
1332,"Do you think I purposely ""destroy"" my netbook, so that I can demand a new set? Do you think it's fun to take public transport all the way to the service center and get a non-satisfactory solution? Or rather NO solution.","{'term': array(['service center'], dtype=object), 'polarity': array(['negative'], dtype=object), 'from': array([145], dtype=int16), 'to': array([159], dtype=int16)}"
846,I'm having the laptop returned unrepaired since paying $176 every 3  months just isn't worth it (that's about how long the port seems to  last).,"{'term': array(['port'], dtype=object), 'polarity': array(['negative'], dtype=object), 'from': array([123], dtype=int16), 'to': array([127], dtype=int16)}"
2127,Ok first.,"{'term': array([''], dtype=object), 'polarity': array([''], dtype=object), 'from': array([0], dtype=int16), 'to': array([0], dtype=int16)}"
1081,"So if you move laptop a lot, it might get loose, however it sits pretty tightly.","{'term': array([''], dtype=object), 'polarity': array([''], dtype=object), 'from': array([0], dtype=int16), 'to': array([0], dtype=int16)}"
3067,another satisfied customer.,"{'term': array([''], dtype=object), 'polarity': array([''], dtype=object), 'from': array([0], dtype=int16), 'to': array([0], dtype=int16)}"
1455,  also the battery is completely shot.,"{'term': array(['battery'], dtype=object), 'polarity': array(['negative'], dtype=object), 'from': array([11], dtype=int16), 'to': array([18], dtype=int16)}"
716,Highly recommended!,"{'term': array([''], dtype=object), 'polarity': array([''], dtype=object), 'from': array([0], dtype=int16), 'to': array([0], dtype=int16)}"
162,/ awesome cooling system/ much better grafics card (ATI 5870) / 8GB RAM/ LED backlit screen...,"{'term': array(['cooling system', 'grafics card', 'LED backlit screen.', '8GB RAM'],
      dtype=object), 'polarity': array(['positive', 'positive', 'positive', 'positive'], dtype=object), 'from': array([10, 38, 73, 64], dtype=int16), 'to': array([24, 50, 92, 71], dtype=int16)}"
969,The biggest problem is that the box had no instructions in it.,"{'term': array(['instructions'], dtype=object), 'polarity': array(['negative'], dtype=object), 'from': array([43], dtype=int16), 'to': array([55], dtype=int16)}"
145,"But after using it a couple of weeks, the overall operation is poor.","{'term': array(['operation'], dtype=object), 'polarity': array(['negative'], dtype=object), 'from': array([50], dtype=int16), 'to': array([59], dtype=int16)}"
2721,"Will not buy another Toshiba, this is my second, not happy w/ either.","{'term': array([''], dtype=object), 'polarity': array([''], dtype=object), 'from': array([0], dtype=int16), 'to': array([0], dtype=int16)}"
2187,"Compared to similarly spec'd PCs, this machine is good value, well built and works easily right out of the box.","{'term': array(['value', 'built', 'works'], dtype=object), 'polarity': array(['positive', 'positive', 'positive'], dtype=object), 'from': array([55, 67, 77], dtype=int16), 'to': array([60, 72, 82], dtype=int16)}"
1709,"The cool thing about the Mac Book was that I went on my honeymoon and shot a bunch of pictures and movies with my iPhone, then I came back and put them onto my Macbook and made a pretty good DVD movie with all the pictures and videos from my trip.","{'term': array([''], dtype=object), 'polarity': array([''], dtype=object), 'from': array([0], dtype=int16), 'to': array([0], dtype=int16)}"
959,"for two months, when YOU GUESSED IT.","{'term': array([''], dtype=object), 'polarity': array([''], dtype=object), 'from': array([0], dtype=int16), 'to': array([0], dtype=int16)}"
1820,This was my first MacBook purchase ever.,"{'term': array([''], dtype=object), 'polarity': array([''], dtype=object), 'from': array([0], dtype=int16), 'to': array([0], dtype=int16)}"
2812,Screen is crystal clear and the system is very responsive.,"{'term': array(['Screen', 'system'], dtype=object), 'polarity': array(['positive', 'positive'], dtype=object), 'from': array([ 0, 32], dtype=int16), 'to': array([ 6, 38], dtype=int16)}"
2899,I will stack it up against laptops that cost twice as much any day.,"{'term': array(['cost'], dtype=object), 'polarity': array(['conflict'], dtype=object), 'from': array([40], dtype=int16), 'to': array([44], dtype=int16)}"
228,Quite simply this is the best laptop I have ever owned.,"{'term': array([''], dtype=object), 'polarity': array([''], dtype=object), 'from': array([0], dtype=int16), 'to': array([0], dtype=int16)}"
1028,Or the cursor would show up some place else.,"{'term': array(['cursor'], dtype=object), 'polarity': array(['negative'], dtype=object), 'from': array([7], dtype=int16), 'to': array([13], dtype=int16)}"
1762,The newer MacBook that I have purchased is one of the best computers.,"{'term': array([''], dtype=object), 'polarity': array([''], dtype=object), 'from': array([0], dtype=int16), 'to': array([0], dtype=int16)}"
586,I have had some excellent computer and have found I had no idea what to do with them,"{'term': array([''], dtype=object), 'polarity': array([''], dtype=object), 'from': array([0], dtype=int16), 'to': array([0], dtype=int16)}"
1556,"As it turns out, I just didn't know any better.","{'term': array([''], dtype=object), 'polarity': array([''], dtype=object), 'from': array([0], dtype=int16), 'to': array([0], dtype=int16)}"
1474,I've had friends with Acers who seem to have had similar or exact same problems.,"{'term': array([''], dtype=object), 'polarity': array([''], dtype=object), 'from': array([0], dtype=int16), 'to': array([0], dtype=int16)}"
1103,What can I say.,"{'term': array([''], dtype=object), 'polarity': array([''], dtype=object), 'from': array([0], dtype=int16), 'to': array([0], dtype=int16)}"
87,It is easy to operate and I have already ordered more software and gadgets for my new Rolls Royce of laptops.,"{'term': array(['software', 'operate', 'gadgets'], dtype=object), 'polarity': array(['neutral', 'positive', 'neutral'], dtype=object), 'from': array([54, 14, 67], dtype=int16), 'to': array([62, 21, 74], dtype=int16)}"
551,What's also interesting is this survey changed my ratings the first time I submitted it in case it doesn't keep what I put here are my aratings,"{'term': array([''], dtype=object), 'polarity': array([''], dtype=object), 'from': array([0], dtype=int16), 'to': array([0], dtype=int16)}"
1997,"it might be something deep within Windows, for I was unable to create a disk image on my hard drive.","{'term': array(['Windows', 'hard drive', 'disk image'], dtype=object), 'polarity': array(['negative', 'negative', 'negative'], dtype=object), 'from': array([34, 89, 72], dtype=int16), 'to': array([41, 99, 82], dtype=int16)}"
873,I had a toshiba for 10 years.,"{'term': array([''], dtype=object), 'polarity': array([''], dtype=object), 'from': array([0], dtype=int16), 'to': array([0], dtype=int16)}"
2548,"The track pad to me is what really stands out though, you can do several different things with it just depending on how many fingers you use on the track pad, awesome thinking Apple!","{'term': array(['track pad', 'track pad'], dtype=object), 'polarity': array(['positive', 'positive'], dtype=object), 'from': array([  4, 148], dtype=int16), 'to': array([ 13, 157], dtype=int16)}"
953,"  Now I had not tried to use this since the disc drive had been replaced and after taking it back to the Geek Squad I found out they had accidently not used the right drive when they replaced the first one, so back it went to get the correct drive.","{'term': array(['disc drive', 'drive', 'drive'], dtype=object), 'polarity': array(['negative', 'negative', 'neutral'], dtype=object), 'from': array([ 44, 167, 242], dtype=int16), 'to': array([ 54, 172, 247], dtype=int16)}"
1179,"First, you ll discover that the word processing program known as  Appleworks  rarely translates perfectly on anyone else s computer, if it translates at all.","{'term': array(['Appleworks', 'word processing program'], dtype=object), 'polarity': array(['negative', 'negative'], dtype=object), 'from': array([66, 32], dtype=int16), 'to': array([76, 55], dtype=int16)}"
2399,she can't tell the difference between it and her regular desktop system.,"{'term': array([''], dtype=object), 'polarity': array([''], dtype=object), 'from': array([0], dtype=int16), 'to': array([0], dtype=int16)}"
1431,With in weeks of purchasing my computer is began to slow down.,"{'term': array([''], dtype=object), 'polarity': array([''], dtype=object), 'from': array([0], dtype=int16), 'to': array([0], dtype=int16)}"
1672,It doesn't bother me though.,"{'term': array([''], dtype=object), 'polarity': array([''], dtype=object), 'from': array([0], dtype=int16), 'to': array([0], dtype=int16)}"
2957,I've had this laptop for about a month now.,"{'term': array([''], dtype=object), 'polarity': array([''], dtype=object), 'from': array([0], dtype=int16), 'to': array([0], dtype=int16)}"
1876,I already have a HP laptop I bought last year that's standard size.,"{'term': array(['size'], dtype=object), 'polarity': array(['neutral'], dtype=object), 'from': array([62], dtype=int16), 'to': array([66], dtype=int16)}"
660,It was okay for over a week before the blue screens started occuring again.,"{'term': array([''], dtype=object), 'polarity': array([''], dtype=object), 'from': array([0], dtype=int16), 'to': array([0], dtype=int16)}"
1847,  English must have been his third or fourth language.,"{'term': array([''], dtype=object), 'polarity': array([''], dtype=object), 'from': array([0], dtype=int16), 'to': array([0], dtype=int16)}"
2992,Battery is not upgradable to a longer life battery.,"{'term': array(['Battery', 'battery'], dtype=object), 'polarity': array(['negative', 'negative'], dtype=object), 'from': array([ 0, 43], dtype=int16), 'to': array([ 7, 50], dtype=int16)}"
1341,I am just ONE of the million customers.,"{'term': array([''], dtype=object), 'polarity': array([''], dtype=object), 'from': array([0], dtype=int16), 'to': array([0], dtype=int16)}"
2835,it has times were it freezes for 10 seconds and then starts again.,"{'term': array([''], dtype=object), 'polarity': array([''], dtype=object), 'from': array([0], dtype=int16), 'to': array([0], dtype=int16)}"
559,apple has a reputation and is well known for its easy usage.,"{'term': array(['usage'], dtype=object), 'polarity': array(['positive'], dtype=object), 'from': array([54], dtype=int16), 'to': array([59], dtype=int16)}"
1888,Returned laptop for a 3rd repair and it came back with previous problems fixed (except for speaker grill) but the unit started locking up during use and eventually would not operate at all.,"{'term': array(['speaker grill'], dtype=object), 'polarity': array(['negative'], dtype=object), 'from': array([91], dtype=int16), 'to': array([104], dtype=int16)}"
1738,"I just plug this into my 22"" Monitor and the speedy MacOSX performs just as well on this dual-core that my Dell did with Windows 7 with a quad-core.","{'term': array(['MacOSX', 'Windows 7', 'dual-core', 'quad-core', '22"" Monitor'],
      dtype=object), 'polarity': array(['positive', 'positive', 'neutral', 'neutral', 'neutral'],
      dtype=object), 'from': array([ 52, 121,  89, 138,  25], dtype=int16), 'to': array([ 58, 130,  98, 147,  36], dtype=int16)}"
374,"Love the graphics, awesome programs (including Garageband), and really cool default background.","{'term': array(['graphics', 'programs', 'Garageband', 'default background'],
      dtype=object), 'polarity': array(['positive', 'positive', 'positive', 'positive'], dtype=object), 'from': array([ 9, 27, 47, 76], dtype=int16), 'to': array([17, 35, 57, 94], dtype=int16)}"
1746,"Screen, keyboard, and mouse: If you cant see yourself spending the extra money to jump up to a Mac the beautiful screen, responsive island backlit keyboard, and fun multi-touch mouse is worth the extra money to me alone.","{'term': array(['Screen', 'keyboard', 'screen', 'island backlit keyboard',
       'multi-touch mouse', 'mouse'], dtype=object), 'polarity': array(['neutral', 'neutral', 'positive', 'positive', 'positive',
       'neutral'], dtype=object), 'from': array([  0,   8, 113, 132, 165,  22], dtype=int16), 'to': array([  6,  16, 119, 155, 182,  27], dtype=int16)}"
737,I am taking back today.,"{'term': array([''], dtype=object), 'polarity': array([''], dtype=object), 'from': array([0], dtype=int16), 'to': array([0], dtype=int16)}"
450,"My parents bought it for me as a graduation gift, and i'm totally (almost kind of maybe definitely) obsessed with it.","{'term': array([''], dtype=object), 'polarity': array([''], dtype=object), 'from': array([0], dtype=int16), 'to': array([0], dtype=int16)}"
279,The MacBook is way too overpriced for something so simple and chaotic.,"{'term': array(['overpriced'], dtype=object), 'polarity': array(['negative'], dtype=object), 'from': array([23], dtype=int16), 'to': array([33], dtype=int16)}"
631,"-Complied to their protocol, called number, made ""case"", got an email address to send complaint.","{'term': array([''], dtype=object), 'polarity': array([''], dtype=object), 'from': array([0], dtype=int16), 'to': array([0], dtype=int16)}"
79,The OS takes some getting used to especially after being a Windows user for so long but the learning curve is so worth it!,"{'term': array(['OS', 'Windows'], dtype=object), 'polarity': array(['conflict', 'neutral'], dtype=object), 'from': array([ 4, 59], dtype=int16), 'to': array([ 6, 66], dtype=int16)}"
974,It quit working within a weeks time.,"{'term': array([''], dtype=object), 'polarity': array([''], dtype=object), 'from': array([0], dtype=int16), 'to': array([0], dtype=int16)}"
2302,but after i got used to it i love it.,"{'term': array([''], dtype=object), 'polarity': array([''], dtype=object), 'from': array([0], dtype=int16), 'to': array([0], dtype=int16)}"
313,"I also purchased iWork to go with it which has programs for word processing, spreadsheets, and presentations (similar to Microsoft Office).","{'term': array(['iWork', 'programs', 'Microsoft Office', 'word processing',
       'spreadsheets', 'presentations'], dtype=object), 'polarity': array(['neutral', 'neutral', 'neutral', 'neutral', 'neutral', 'neutral'],
      dtype=object), 'from': array([ 17,  47, 121,  60,  77,  95], dtype=int16), 'to': array([ 22,  55, 137,  75,  89, 108], dtype=int16)}"
1851,"  After 4 days, being denied 6 times and told off once, I managed to get through and was able to send them a scanned copy of the receipt.","{'term': array([''], dtype=object), 'polarity': array([''], dtype=object), 'from': array([0], dtype=int16), 'to': array([0], dtype=int16)}"
1694,"Overall, I experienced a huge change in that my mac runs pretty fast compared to my old PC.","{'term': array(['runs'], dtype=object), 'polarity': array(['positive'], dtype=object), 'from': array([52], dtype=int16), 'to': array([56], dtype=int16)}"
174,When I got the computer back and realizwed it still was not correct HP told me it was out of warranty and now it was my problem.,"{'term': array(['warranty'], dtype=object), 'polarity': array(['neutral'], dtype=object), 'from': array([93], dtype=int16), 'to': array([101], dtype=int16)}"
2452,It also came with a built it web cam which is great because I can see an communicate with my family members back home.,"{'term': array(['built it web cam'], dtype=object), 'polarity': array(['positive'], dtype=object), 'from': array([20], dtype=int16), 'to': array([36], dtype=int16)}"
2751,Good monitor and performed well.,"{'term': array(['monitor', 'performed'], dtype=object), 'polarity': array(['positive', 'positive'], dtype=object), 'from': array([ 5, 17], dtype=int16), 'to': array([12, 26], dtype=int16)}"
1203,They are closed at 9pm eastern.,"{'term': array([''], dtype=object), 'polarity': array([''], dtype=object), 'from': array([0], dtype=int16), 'to': array([0], dtype=int16)}"
591,"In those three years, I've had a couple of minor problems and both were resolved by Apple quickly and easily.","{'term': array([''], dtype=object), 'polarity': array([''], dtype=object), 'from': array([0], dtype=int16), 'to': array([0], dtype=int16)}"
397,"Although my model was listed as recalled, HP denied my claim.","{'term': array([''], dtype=object), 'polarity': array([''], dtype=object), 'from': array([0], dtype=int16), 'to': array([0], dtype=int16)}"
2524,It was secure and easy to navigate.,"{'term': array(['navigate'], dtype=object), 'polarity': array(['positive'], dtype=object), 'from': array([26], dtype=int16), 'to': array([34], dtype=int16)}"
1598,"I was a little weary at purchasing another 13"" macbook almost 2 years later but t looks like the newer macbooks have gotten its current line of graphics cards in order this time around.","{'term': array(['graphics cards'], dtype=object), 'polarity': array(['positive'], dtype=object), 'from': array([144], dtype=int16), 'to': array([158], dtype=int16)}"
267,The machine has a bluray player the book has no mention of it or how to connect it to your HDTV.,"{'term': array(['bluray player', 'book'], dtype=object), 'polarity': array(['neutral', 'negative'], dtype=object), 'from': array([18, 36], dtype=int16), 'to': array([31, 40], dtype=int16)}"
1515,I am loyal to Apple.,"{'term': array([''], dtype=object), 'polarity': array([''], dtype=object), 'from': array([0], dtype=int16), 'to': array([0], dtype=int16)}"
2182,They are by far the easiest systems to actually learn about computers with.,"{'term': array(['systems'], dtype=object), 'polarity': array(['positive'], dtype=object), 'from': array([28], dtype=int16), 'to': array([35], dtype=int16)}"
3051,I will be patient for few months.,"{'term': array([''], dtype=object), 'polarity': array([''], dtype=object), 'from': array([0], dtype=int16), 'to': array([0], dtype=int16)}"
561,this apple navigates you thru the unexplored world of the internet.,"{'term': array(['internet'], dtype=object), 'polarity': array(['neutral'], dtype=object), 'from': array([58], dtype=int16), 'to': array([66], dtype=int16)}"
2591,This was purchased for my daughter and I was pleasantly surprised.,"{'term': array([''], dtype=object), 'polarity': array([''], dtype=object), 'from': array([0], dtype=int16), 'to': array([0], dtype=int16)}"
757,Finally set the unit back to HP after a month of hell.,"{'term': array([''], dtype=object), 'polarity': array([''], dtype=object), 'from': array([0], dtype=int16), 'to': array([0], dtype=int16)}"
2641,"I couldn't afford a new mac, so I bought a PC instead.","{'term': array([''], dtype=object), 'polarity': array([''], dtype=object), 'from': array([0], dtype=int16), 'to': array([0], dtype=int16)}"
154,"The video card is great for media, and above average for gaming, but not a gamers first choice.","{'term': array(['video card', 'gaming', 'media'], dtype=object), 'polarity': array(['conflict', 'positive', 'positive'], dtype=object), 'from': array([ 4, 57, 28], dtype=int16), 'to': array([14, 63, 33], dtype=int16)}"
1267,It was always getting froze up.,"{'term': array([''], dtype=object), 'polarity': array([''], dtype=object), 'from': array([0], dtype=int16), 'to': array([0], dtype=int16)}"
1153,"my information was all lost (my fault, I know, but I never thought I would need to back up my information on a brand new Mac, the paragon of all computers!","{'term': array([''], dtype=object), 'polarity': array([''], dtype=object), 'from': array([0], dtype=int16), 'to': array([0], dtype=int16)}"
766,But no one could tell me when my part would be shipped nor could they tell me where to buy it ON THEIR WEBSITE!!!,"{'term': array([''], dtype=object), 'polarity': array([''], dtype=object), 'from': array([0], dtype=int16), 'to': array([0], dtype=int16)}"
188,I got the blue screen of death the first month I got it.,"{'term': array([''], dtype=object), 'polarity': array([''], dtype=object), 'from': array([0], dtype=int16), 'to': array([0], dtype=int16)}"
1779,This is the third MacBook Pro in our family.,"{'term': array([''], dtype=object), 'polarity': array([''], dtype=object), 'from': array([0], dtype=int16), 'to': array([0], dtype=int16)}"
2551,Apple continues to shine and provide a much more enjoyable computer experience!,"{'term': array([''], dtype=object), 'polarity': array([''], dtype=object), 'from': array([0], dtype=int16), 'to': array([0], dtype=int16)}"
100,"I had of course bought a 3 year warranty, so I sent it in to be replaced and (almost 2 months later) the dv4 is what the sent me as a replacement.","{'term': array(['3 year warranty,'], dtype=object), 'polarity': array(['neutral'], dtype=object), 'from': array([25], dtype=int16), 'to': array([41], dtype=int16)}"
1444,"Apparently there is a manufacturing defect, something with the amount of thermal paste.","{'term': array(['thermal paste'], dtype=object), 'polarity': array(['negative'], dtype=object), 'from': array([73], dtype=int16), 'to': array([86], dtype=int16)}"
1796,Despite the claims of the Apple apologists (a vice of which I am recently myself reformed) the internals of Mac laptops are NO different from PCs' at this point.,"{'term': array(['internals'], dtype=object), 'polarity': array(['negative'], dtype=object), 'from': array([95], dtype=int16), 'to': array([104], dtype=int16)}"
753,Took several hours with customer support before I could even start the PC out of the box.,"{'term': array(['customer support'], dtype=object), 'polarity': array(['negative'], dtype=object), 'from': array([24], dtype=int16), 'to': array([40], dtype=int16)}"
411,Asus facial recognition doesn't work and windows logon isn't either.,"{'term': array(['facial recognition', 'windows logon'], dtype=object), 'polarity': array(['negative', 'negative'], dtype=object), 'from': array([ 5, 41], dtype=int16), 'to': array([23, 54], dtype=int16)}"
988,Windows Vista makes this computer almost unusable for online service.,"{'term': array(['Windows Vista', 'online service'], dtype=object), 'polarity': array(['negative', 'negative'], dtype=object), 'from': array([ 0, 54], dtype=int16), 'to': array([13, 68], dtype=int16)}"
1071,"I contacted Acer and they are giving me FREE recovery DVDs, so don't go and pay for them, just ask for them and they should give them to you.","{'term': array(['recovery DVDs'], dtype=object), 'polarity': array(['positive'], dtype=object), 'from': array([45], dtype=int16), 'to': array([58], dtype=int16)}"
2830,Now when I order I did not go full scale for the webcam or full keyboard I wanted something for basics of being easy to carry when I use crutchs or wheelchair and with a backpack laptop bag.,"{'term': array(['webcam', 'keyboard', 'carry'], dtype=object), 'polarity': array(['neutral', 'neutral', 'positive'], dtype=object), 'from': array([ 49,  64, 120], dtype=int16), 'to': array([ 55,  72, 125], dtype=int16)}"
2701,Can listen to my music and watch my videos with ease and with a great display.,"{'term': array(['display'], dtype=object), 'polarity': array(['positive'], dtype=object), 'from': array([70], dtype=int16), 'to': array([77], dtype=int16)}"
2968,"Otherwise, all other features are a 1","{'term': array(['features'], dtype=object), 'polarity': array(['neutral'], dtype=object), 'from': array([21], dtype=int16), 'to': array([29], dtype=int16)}"
1931,"So in late March, early April 2009 I was without it again for a couple weeks while I had online courses I had to complete and my fiance was in Afghanistan and web conferencing was the best communication method we had.","{'term': array([''], dtype=object), 'polarity': array([''], dtype=object), 'from': array([0], dtype=int16), 'to': array([0], dtype=int16)}"
1723,The performance is awesome.,"{'term': array(['performance'], dtype=object), 'polarity': array(['positive'], dtype=object), 'from': array([4], dtype=int16), 'to': array([15], dtype=int16)}"
1704,I pondered very long over this decision.,"{'term': array([''], dtype=object), 'polarity': array([''], dtype=object), 'from': array([0], dtype=int16), 'to': array([0], dtype=int16)}"
1091,This thing sucks!,"{'term': array([''], dtype=object), 'polarity': array([''], dtype=object), 'from': array([0], dtype=int16), 'to': array([0], dtype=int16)}"
2942,I Love my new computer!,"{'term': array([''], dtype=object), 'polarity': array([''], dtype=object), 'from': array([0], dtype=int16), 'to': array([0], dtype=int16)}"
702,"Okay, let's just start out by saying I am in no way a computer techy.","{'term': array([''], dtype=object), 'polarity': array([''], dtype=object), 'from': array([0], dtype=int16), 'to': array([0], dtype=int16)}"
483,It was a Waste of money from day one!,"{'term': array([''], dtype=object), 'polarity': array([''], dtype=object), 'from': array([0], dtype=int16), 'to': array([0], dtype=int16)}"
2198,I'm new - just switched from years of PC frustration.,"{'term': array([''], dtype=object), 'polarity': array([''], dtype=object), 'from': array([0], dtype=int16), 'to': array([0], dtype=int16)}"
1957,So I got another netbook which I love!,"{'term': array([''], dtype=object), 'polarity': array([''], dtype=object), 'from': array([0], dtype=int16), 'to': array([0], dtype=int16)}"
2118,But in fact it is totally the opposite.,"{'term': array([''], dtype=object), 'polarity': array([''], dtype=object), 'from': array([0], dtype=int16), 'to': array([0], dtype=int16)}"
286,The display is beyond horrible.,"{'term': array(['display'], dtype=object), 'polarity': array(['negative'], dtype=object), 'from': array([4], dtype=int16), 'to': array([11], dtype=int16)}"
513,"He LEFT ME, instructions on what to do when this comes up, or that comes up......","{'term': array([''], dtype=object), 'polarity': array([''], dtype=object), 'from': array([0], dtype=int16), 'to': array([0], dtype=int16)}"
3029,It's a joke.,"{'term': array([''], dtype=object), 'polarity': array([''], dtype=object), 'from': array([0], dtype=int16), 'to': array([0], dtype=int16)}"
1411,There is hardly any memory on the computer's hard drive.,"{'term': array(['memory', 'hard drive'], dtype=object), 'polarity': array(['negative', 'negative'], dtype=object), 'from': array([20, 45], dtype=int16), 'to': array([26, 55], dtype=int16)}"
1956,"Actually, I had noticed the one on the sales floor also didn't have sound!","{'term': array(['sound'], dtype=object), 'polarity': array(['negative'], dtype=object), 'from': array([68], dtype=int16), 'to': array([73], dtype=int16)}"
1918,I started hainv problems with it within the first month.,"{'term': array([''], dtype=object), 'polarity': array([''], dtype=object), 'from': array([0], dtype=int16), 'to': array([0], dtype=int16)}"
1469,"Next, most Acer laptop fans are on the bottom which is right on your laptop.","{'term': array(['fans'], dtype=object), 'polarity': array(['neutral'], dtype=object), 'from': array([23], dtype=int16), 'to': array([27], dtype=int16)}"
2833,the laptop preformed pretty well.,"{'term': array(['preformed'], dtype=object), 'polarity': array(['positive'], dtype=object), 'from': array([11], dtype=int16), 'to': array([20], dtype=int16)}"
118,"I'm honestly afraid that it will burn me, it's that hot!","{'term': array([''], dtype=object), 'polarity': array([''], dtype=object), 'from': array([0], dtype=int16), 'to': array([0], dtype=int16)}"
2325,But I don't see it as a problem.,"{'term': array([''], dtype=object), 'polarity': array([''], dtype=object), 'from': array([0], dtype=int16), 'to': array([0], dtype=int16)}"
754,Numerous problems over the next 3 weeks until I got the blue screen of death and had to send the PC back to HP.,"{'term': array([''], dtype=object), 'polarity': array([''], dtype=object), 'from': array([0], dtype=int16), 'to': array([0], dtype=int16)}"
3050,I think this will happen to any new version of computer/phone released and I need to wait for the next set of updates to have all of this fixed.,"{'term': array([''], dtype=object), 'polarity': array([''], dtype=object), 'from': array([0], dtype=int16), 'to': array([0], dtype=int16)}"
3015,This one has had the same effect.,"{'term': array([''], dtype=object), 'polarity': array([''], dtype=object), 'from': array([0], dtype=int16), 'to': array([0], dtype=int16)}"
2829,And if you are a game player it works with World Of Warcraft wonderfully.,"{'term': array([''], dtype=object), 'polarity': array([''], dtype=object), 'from': array([0], dtype=int16), 'to': array([0], dtype=int16)}"
674,This computer is absolutely AMAZING!!!,"{'term': array([''], dtype=object), 'polarity': array([''], dtype=object), 'from': array([0], dtype=int16), 'to': array([0], dtype=int16)}"
1217,So buyer beware when buying Toshiba,"{'term': array([''], dtype=object), 'polarity': array([''], dtype=object), 'from': array([0], dtype=int16), 'to': array([0], dtype=int16)}"
933,  I found this laptop on sale for under 6000 at Best Buy which was a great deal!,"{'term': array([''], dtype=object), 'polarity': array([''], dtype=object), 'from': array([0], dtype=int16), 'to': array([0], dtype=int16)}"
298,I got my MacBook Pro because I wanted to do all the stuff I need to do without worrying about the system quitting on me or freezing for a few minutes.,"{'term': array(['system'], dtype=object), 'polarity': array(['neutral'], dtype=object), 'from': array([98], dtype=int16), 'to': array([104], dtype=int16)}"
442,I love the Apple products.,"{'term': array([''], dtype=object), 'polarity': array([''], dtype=object), 'from': array([0], dtype=int16), 'to': array([0], dtype=int16)}"
1447,I loved the netbook (minus the fact that it was windows OS) until this started happening.,"{'term': array(['windows OS'], dtype=object), 'polarity': array(['negative'], dtype=object), 'from': array([48], dtype=int16), 'to': array([58], dtype=int16)}"
1810,"The minute you fire it up it's all good, very easy user interface.","{'term': array(['user interface'], dtype=object), 'polarity': array(['positive'], dtype=object), 'from': array([51], dtype=int16), 'to': array([65], dtype=int16)}"
2191,"I have had two Toshiba satellite computers and while they are okay, they are in no way comparable to the Mac.","{'term': array([''], dtype=object), 'polarity': array([''], dtype=object), 'from': array([0], dtype=int16), 'to': array([0], dtype=int16)}"
1419,  I actually contact Toshiba before I started having problem and was given run around after I supplied serial number in order to delay me sending in laptop until after warrenty expired.,"{'term': array(['warrenty'], dtype=object), 'polarity': array(['negative'], dtype=object), 'from': array([168], dtype=int16), 'to': array([176], dtype=int16)}"
1250,"They're absolutely useless, unless you count the joy of releasing anger while smashing into little peices against the wall.","{'term': array([''], dtype=object), 'polarity': array([''], dtype=object), 'from': array([0], dtype=int16), 'to': array([0], dtype=int16)}"
2832,was a great deal i will give that.,"{'term': array([''], dtype=object), 'polarity': array([''], dtype=object), 'from': array([0], dtype=int16), 'to': array([0], dtype=int16)}"
1660,"Theres also iDVD, a program dedicated to putting all your favorite media together- photos, recordings, video projects into one program so that you can create the perfect memoir for your parents, family, siblings, and any other person important in your life that there may be.","{'term': array(['iDVD', 'program', 'program'], dtype=object), 'polarity': array(['positive', 'positive', 'positive'], dtype=object), 'from': array([ 12,  20, 127], dtype=int16), 'to': array([ 16,  27, 134], dtype=int16)}"
1848,"  His language was so bad I swore I was taking the turing test, and it was failing.","{'term': array([''], dtype=object), 'polarity': array([''], dtype=object), 'from': array([0], dtype=int16), 'to': array([0], dtype=int16)}"
459,After replacing the hard drive the battery stopped working  (3 months of use) which was frustrating.,"{'term': array(['hard drive', 'battery'], dtype=object), 'polarity': array(['neutral', 'negative'], dtype=object), 'from': array([20, 35], dtype=int16), 'to': array([30, 42], dtype=int16)}"
1144,  Was this product worth my time and money to ever want to purchase another products that is toshiba or relating to toshiba?  Probably not ever again.,"{'term': array([''], dtype=object), 'polarity': array([''], dtype=object), 'from': array([0], dtype=int16), 'to': array([0], dtype=int16)}"
2513,I have used PC's and converting to this MacBook Pro was easy.,"{'term': array([''], dtype=object), 'polarity': array([''], dtype=object), 'from': array([0], dtype=int16), 'to': array([0], dtype=int16)}"
2884,"I love the easy to see screen, and It works well for work, persoal or just play.","{'term': array(['screen', 'works'], dtype=object), 'polarity': array(['positive', 'positive'], dtype=object), 'from': array([23, 38], dtype=int16), 'to': array([29, 43], dtype=int16)}"
2082,"If what you need is a machine to do some surfing, email checking, word processing, and watching a movie or two, this is the machine you want.","{'term': array(['word processing', 'surfing'], dtype=object), 'polarity': array(['neutral', 'neutral'], dtype=object), 'from': array([66, 41], dtype=int16), 'to': array([81, 48], dtype=int16)}"
629,"-Apparently, contactus@euro.apple.com is not a good address to send complaints.","{'term': array([''], dtype=object), 'polarity': array([''], dtype=object), 'from': array([0], dtype=int16), 'to': array([0], dtype=int16)}"
2847,"It doesn't have a lot of frills, but I didn't need any, and being able to buy what I needed, and not more than I needed was very important.","{'term': array([''], dtype=object), 'polarity': array([''], dtype=object), 'from': array([0], dtype=int16), 'to': array([0], dtype=int16)}"
1391,the mouse pad and buttons are the worst i've ever seen.,"{'term': array(['mouse pad', 'buttons'], dtype=object), 'polarity': array(['negative', 'negative'], dtype=object), 'from': array([ 4, 18], dtype=int16), 'to': array([13, 25], dtype=int16)}"
56,I am sorry that I purchased this laptop.,"{'term': array([''], dtype=object), 'polarity': array([''], dtype=object), 'from': array([0], dtype=int16), 'to': array([0], dtype=int16)}"
2257,Awesome graphics!,"{'term': array(['graphics'], dtype=object), 'polarity': array(['positive'], dtype=object), 'from': array([8], dtype=int16), 'to': array([16], dtype=int16)}"
2617,It really is perfect for work and play.,"{'term': array(['play', 'work'], dtype=object), 'polarity': array(['positive', 'positive'], dtype=object), 'from': array([34, 25], dtype=int16), 'to': array([38, 29], dtype=int16)}"
2653,"The pro is a great product, I wish that the 13 inch models came with the Intel i processors and had a more comfortable edge (the edges hurt my wrists).","{'term': array(['Intel i processors', 'edge', 'edges'], dtype=object), 'polarity': array(['negative', 'negative', 'negative'], dtype=object), 'from': array([ 73, 119, 129], dtype=int16), 'to': array([ 91, 123, 134], dtype=int16)}"
1763,I am a college student and it has been very useful.,"{'term': array([''], dtype=object), 'polarity': array([''], dtype=object), 'from': array([0], dtype=int16), 'to': array([0], dtype=int16)}"
1760,The apple MacBook is the best investment that I have ever made.,"{'term': array([''], dtype=object), 'polarity': array([''], dtype=object), 'from': array([0], dtype=int16), 'to': array([0], dtype=int16)}"
1275,My sister is the electronics manager at Wal Mart and she says that HP is the best.,"{'term': array([''], dtype=object), 'polarity': array([''], dtype=object), 'from': array([0], dtype=int16), 'to': array([0], dtype=int16)}"
2674,One drawback I noticed was sound quality via USB.,"{'term': array(['sound quality via USB'], dtype=object), 'polarity': array(['negative'], dtype=object), 'from': array([27], dtype=int16), 'to': array([48], dtype=int16)}"
519,"The battery life sucked the juice from my laptop and when the extended life battery went out we were SOL there to, so much for that warranty covering all the products we purchased.","{'term': array(['battery life', 'warranty', 'extended life battery'], dtype=object), 'polarity': array(['negative', 'negative', 'conflict'], dtype=object), 'from': array([  4, 132,  62], dtype=int16), 'to': array([ 16, 140,  83], dtype=int16)}"
57,"I needed a new computer for graduate school (had never owned a laptop before), and the only reason I didn't purchase a Mac was because my school's website strongly recommended students purchase PCs.","{'term': array([''], dtype=object), 'polarity': array([''], dtype=object), 'from': array([0], dtype=int16), 'to': array([0], dtype=int16)}"
1534,"I have had another Mac, but it got slow due to an older operating system.","{'term': array(['operating system'], dtype=object), 'polarity': array(['negative'], dtype=object), 'from': array([56], dtype=int16), 'to': array([72], dtype=int16)}"
2514,If you have the money I suggest going for the i7.,"{'term': array([''], dtype=object), 'polarity': array([''], dtype=object), 'from': array([0], dtype=int16), 'to': array([0], dtype=int16)}"
105,"That's very possible, but since they don't make Windows XP drivers for the sound card in this machine, I was stuck until Windows 7 came out.","{'term': array(['Windows XP drivers', 'sound card', 'Windows 7'], dtype=object), 'polarity': array(['negative', 'negative', 'positive'], dtype=object), 'from': array([ 48,  75, 121], dtype=int16), 'to': array([ 66,  85, 130], dtype=int16)}"
3065,"I'ts nice to have the higher-end laptops, but this fits my budget and the features I need.","{'term': array(['features', 'budget'], dtype=object), 'polarity': array(['positive', 'positive'], dtype=object), 'from': array([74, 59], dtype=int16), 'to': array([82, 65], dtype=int16)}"
2520,"It is, however, very heavy.","{'term': array([''], dtype=object), 'polarity': array([''], dtype=object), 'from': array([0], dtype=int16), 'to': array([0], dtype=int16)}"
2057,"Was disappointed to find out that the model had been discontinued, apparently because of known motherboard problems.","{'term': array(['motherboard'], dtype=object), 'polarity': array(['negative'], dtype=object), 'from': array([95], dtype=int16), 'to': array([106], dtype=int16)}"
251,"Well, I started using Google Chrome, which is a little better, but it freezes too sometimes.","{'term': array(['Google Chrome'], dtype=object), 'polarity': array(['conflict'], dtype=object), 'from': array([22], dtype=int16), 'to': array([35], dtype=int16)}"
2073,"Also the speakers are not very loud, But it is a netbook.","{'term': array(['speakers'], dtype=object), 'polarity': array(['negative'], dtype=object), 'from': array([9], dtype=int16), 'to': array([17], dtype=int16)}"
2890,LOVE THIS LAPTOP WONDERFUL PRICE FOR WHAT YOU GET!,"{'term': array(['PRICE'], dtype=object), 'polarity': array(['positive'], dtype=object), 'from': array([27], dtype=int16), 'to': array([32], dtype=int16)}"
180,"But, at the same time they (the company) would not and could not do anything about my problem.","{'term': array([''], dtype=object), 'polarity': array([''], dtype=object), 'from': array([0], dtype=int16), 'to': array([0], dtype=int16)}"
508,Just a black screen!,"{'term': array(['screen'], dtype=object), 'polarity': array(['negative'], dtype=object), 'from': array([13], dtype=int16), 'to': array([19], dtype=int16)}"
320,All you have to do is turn it on and it works.,"{'term': array([''], dtype=object), 'polarity': array([''], dtype=object), 'from': array([0], dtype=int16), 'to': array([0], dtype=int16)}"
2352,A key contributor that led me to Mac is the art aspect.,"{'term': array(['art aspect'], dtype=object), 'polarity': array(['positive'], dtype=object), 'from': array([44], dtype=int16), 'to': array([54], dtype=int16)}"
1923,"Eventually my battery wouldn't charge, so unless I had it plugged in it wouldn't even power on.","{'term': array(['battery'], dtype=object), 'polarity': array(['negative'], dtype=object), 'from': array([14], dtype=int16), 'to': array([21], dtype=int16)}"
1279,Recently there are a few incidents that annoy the hell out of me.,"{'term': array([''], dtype=object), 'polarity': array([''], dtype=object), 'from': array([0], dtype=int16), 'to': array([0], dtype=int16)}"
2921,Save your money and go for a better device.,"{'term': array([''], dtype=object), 'polarity': array([''], dtype=object), 'from': array([0], dtype=int16), 'to': array([0], dtype=int16)}"
1705,"I have been a PC user since middle school, but in my mid twenties I decided to convert to the dark side, or should I say the brighter side of life.","{'term': array([''], dtype=object), 'polarity': array([''], dtype=object), 'from': array([0], dtype=int16), 'to': array([0], dtype=int16)}"
2631,"Purchased for development purposes, but it has turned into my everyday laptop as well for surfing, e-mail, etc.","{'term': array(['surfing'], dtype=object), 'polarity': array(['positive'], dtype=object), 'from': array([90], dtype=int16), 'to': array([97], dtype=int16)}"
2903,without having to have extra equipment and/or complicated routes to take to be able to do so.,"{'term': array([''], dtype=object), 'polarity': array([''], dtype=object), 'from': array([0], dtype=int16), 'to': array([0], dtype=int16)}"
2851,My first problem was with the pre-loaded Norton Firewall/Security program.,"{'term': array(['pre-loaded Norton Firewall/Security program'], dtype=object), 'polarity': array(['negative'], dtype=object), 'from': array([30], dtype=int16), 'to': array([73], dtype=int16)}"
2741,"I had a USB connect but, i can't use it because it is not compatible.","{'term': array(['USB connect'], dtype=object), 'polarity': array(['negative'], dtype=object), 'from': array([8], dtype=int16), 'to': array([19], dtype=int16)}"
398,"Accordingly, I have decided to NEVER purchase another HP product (my five year old Compaq) lasted 5-years before the hard drive crashed.","{'term': array(['hard drive'], dtype=object), 'polarity': array(['negative'], dtype=object), 'from': array([117], dtype=int16), 'to': array([127], dtype=int16)}"
1750,I ordered four D620 laptops.,"{'term': array([''], dtype=object), 'polarity': array([''], dtype=object), 'from': array([0], dtype=int16), 'to': array([0], dtype=int16)}"
329,"I know that everyone thinks Macs are overpriced and overrated, but once you get past the initial expense you'll find that they're worth every penny (besides, there's always the financing plan that Best Buy offers).","{'term': array(['expense'], dtype=object), 'polarity': array(['negative'], dtype=object), 'from': array([97], dtype=int16), 'to': array([104], dtype=int16)}"
587,"I saw this one, and I have the most difficult time trying to use them, they've made great dust collectors, I hate putting this computer down","{'term': array([''], dtype=object), 'polarity': array([''], dtype=object), 'from': array([0], dtype=int16), 'to': array([0], dtype=int16)}"
2069,"I am not going to sit here and complain about it not having a cd drive and what not because it is a netbook, it is made to be compact and if you want all the other stuff get a laptop.","{'term': array(['cd drive'], dtype=object), 'polarity': array(['conflict'], dtype=object), 'from': array([62], dtype=int16), 'to': array([70], dtype=int16)}"
2081,I love the multi-touch trackpad.,"{'term': array(['multi-touch trackpad'], dtype=object), 'polarity': array(['positive'], dtype=object), 'from': array([11], dtype=int16), 'to': array([31], dtype=int16)}"
2040,I was psyched.,"{'term': array([''], dtype=object), 'polarity': array([''], dtype=object), 'from': array([0], dtype=int16), 'to': array([0], dtype=int16)}"
553,I absolutely love my mac!,"{'term': array([''], dtype=object), 'polarity': array([''], dtype=object), 'from': array([0], dtype=int16), 'to': array([0], dtype=int16)}"
2546,From the second you open the box you will fall in love with this computer!,"{'term': array([''], dtype=object), 'polarity': array([''], dtype=object), 'from': array([0], dtype=int16), 'to': array([0], dtype=int16)}"
406,HP is more interested in selling extended warranties (which cost more than the netbook new) then they are in helping or fixing.,"{'term': array(['extended warranties', 'cost'], dtype=object), 'polarity': array(['negative', 'negative'], dtype=object), 'from': array([33, 60], dtype=int16), 'to': array([52, 64], dtype=int16)}"
2852,It would not let me connect to my Wifi system where I lived.,"{'term': array([''], dtype=object), 'polarity': array([''], dtype=object), 'from': array([0], dtype=int16), 'to': array([0], dtype=int16)}"
14,"Not too much ""junk"" software to remove.","{'term': array(['software'], dtype=object), 'polarity': array(['positive'], dtype=object), 'from': array([20], dtype=int16), 'to': array([28], dtype=int16)}"
1076,System is loosing about 20% of performance because of that.,"{'term': array(['performance', 'System'], dtype=object), 'polarity': array(['negative', 'negative'], dtype=object), 'from': array([31,  0], dtype=int16), 'to': array([42,  6], dtype=int16)}"
2395,"It is easy to use, good quality and good price.","{'term': array(['quality', 'price', 'use'], dtype=object), 'polarity': array(['positive', 'positive', 'positive'], dtype=object), 'from': array([24, 41, 14], dtype=int16), 'to': array([31, 46, 17], dtype=int16)}"
1562,"The difference in the Apple keyboard from a PC's keyboard took a bit of tim to get used to, but overall it's worth it!","{'term': array(['Apple keyboard', ""PC's keyboard""], dtype=object), 'polarity': array(['neutral', 'neutral'], dtype=object), 'from': array([22, 44], dtype=int16), 'to': array([36, 57], dtype=int16)}"
2425,It is also extremely pleasing to the eyes without looking too much like an Alienware gaming machine.,"{'term': array([''], dtype=object), 'polarity': array([''], dtype=object), 'from': array([0], dtype=int16), 'to': array([0], dtype=int16)}"
2786,The extended warranty for the $4000 and up computers was the only one available for purchase on the drop drown menu.,"{'term': array(['extended warranty'], dtype=object), 'polarity': array(['neutral'], dtype=object), 'from': array([4], dtype=int16), 'to': array([21], dtype=int16)}"
2724,"Only issue is that it is a little slow, and I'm fixing that by adding more RAM.","{'term': array(['RAM'], dtype=object), 'polarity': array(['neutral'], dtype=object), 'from': array([75], dtype=int16), 'to': array([78], dtype=int16)}"
385,It is easily portable and I take it everywhere I go and might require internet access.,"{'term': array([''], dtype=object), 'polarity': array([''], dtype=object), 'from': array([0], dtype=int16), 'to': array([0], dtype=int16)}"
2079,"If I have a few hundred dollars to spare, I'd buy the Pro line though, the 2.53 and 2.66 GHz model.","{'term': array([''], dtype=object), 'polarity': array([''], dtype=object), 'from': array([0], dtype=int16), 'to': array([0], dtype=int16)}"
854,"  The hard drive crashed as well, and I had to buy a new  power cord.","{'term': array(['hard drive', 'power cord'], dtype=object), 'polarity': array(['negative', 'negative'], dtype=object), 'from': array([ 6, 58], dtype=int16), 'to': array([16, 68], dtype=int16)}"
2116,"But enough about that, I am an Apple convert for life.","{'term': array([''], dtype=object), 'polarity': array([''], dtype=object), 'from': array([0], dtype=int16), 'to': array([0], dtype=int16)}"
390,I love it and will probably get another one when this goes to the Laptop in the sky!!,"{'term': array([''], dtype=object), 'polarity': array([''], dtype=object), 'from': array([0], dtype=int16), 'to': array([0], dtype=int16)}"
2405,"But, Mac makes the switch from PC to Mac easy.","{'term': array([''], dtype=object), 'polarity': array([''], dtype=object), 'from': array([0], dtype=int16), 'to': array([0], dtype=int16)}"
253,Another issue I have with it is the battery.,"{'term': array(['battery'], dtype=object), 'polarity': array(['negative'], dtype=object), 'from': array([36], dtype=int16), 'to': array([43], dtype=int16)}"
1700,"HELP, HELP, OTHER THAN THAT GETS A GREAT LITTLE WONDER.","{'term': array([''], dtype=object), 'polarity': array([''], dtype=object), 'from': array([0], dtype=int16), 'to': array([0], dtype=int16)}"
1278,Now I know!,"{'term': array([''], dtype=object), 'polarity': array([''], dtype=object), 'from': array([0], dtype=int16), 'to': array([0], dtype=int16)}"
881,"After 2 months of complaints, Asus finally sent the right power supply to my techies.","{'term': array(['power supply', 'techies'], dtype=object), 'polarity': array(['neutral', 'neutral'], dtype=object), 'from': array([58, 77], dtype=int16), 'to': array([70, 84], dtype=int16)}"
1188,"Even set at the highest level, the computer sacrifices its  queen every time.","{'term': array([''], dtype=object), 'polarity': array([''], dtype=object), 'from': array([0], dtype=int16), 'to': array([0], dtype=int16)}"
486,"That included the extra Sony Sonic Stage software, the speakers and the subwoofer I got (that WAS worth the money), the bluetooth mouse for my supposedly bluetooth enabled computer, the extended life battery and the Docking port.","{'term': array(['Sony Sonic Stage software', 'speakers', 'subwoofer',
       'extended life battery', 'Docking port', 'bluetooth mouse',
       'bluetooth enabled'], dtype=object), 'polarity': array(['neutral', 'positive', 'positive', 'neutral', 'neutral', 'neutral',
       'negative'], dtype=object), 'from': array([ 24,  55,  72, 186, 216, 120, 154], dtype=int16), 'to': array([ 49,  63,  81, 207, 228, 135, 171], dtype=int16)}"
1487,"My MacBook Pro works like a dream, it has never overheated, or even been slightly warm for that matter.","{'term': array(['works'], dtype=object), 'polarity': array(['positive'], dtype=object), 'from': array([15], dtype=int16), 'to': array([20], dtype=int16)}"
2508,PC users use the Powerpoint program for slide-show presentation and Mac users utilize Keynote.,"{'term': array(['Keynote', 'Powerpoint program'], dtype=object), 'polarity': array(['neutral', 'neutral'], dtype=object), 'from': array([86, 17], dtype=int16), 'to': array([93, 35], dtype=int16)}"
864,I can't begin to say how disappointed I am.,"{'term': array([''], dtype=object), 'polarity': array([''], dtype=object), 'from': array([0], dtype=int16), 'to': array([0], dtype=int16)}"
2571,"I get a ton of compliments on its size, and speaking as someone who regularly commutes on a bus, I can attest to the fact that this is the perfect size computer if you're restricted to the width of your body for computing room.","{'term': array(['size', 'size'], dtype=object), 'polarity': array(['positive', 'positive'], dtype=object), 'from': array([ 34, 147], dtype=int16), 'to': array([ 38, 151], dtype=int16)}"
1435,"It takes me approximately 3 tries to get to each site, then after closing the browser and reopening it it actually works.","{'term': array(['browser'], dtype=object), 'polarity': array(['neutral'], dtype=object), 'from': array([78], dtype=int16), 'to': array([85], dtype=int16)}"
2748,"Easy to carry, can be taken anywhere, can be hooked up to printers,headsets.","{'term': array(['carry'], dtype=object), 'polarity': array(['positive'], dtype=object), 'from': array([8], dtype=int16), 'to': array([13], dtype=int16)}"
350,also the keyboard does not liht up so unless your sitting in a room with some light you cant see anything and thats bad for me because my boyfriend tends to watch tv in the dark at night which leaves me with no way of seeing the keyboard.,"{'term': array(['keyboard', 'keyboard'], dtype=object), 'polarity': array(['negative', 'negative'], dtype=object), 'from': array([  9, 229], dtype=int16), 'to': array([ 17, 237], dtype=int16)}"
303,"Take the simple, easy solution to your computer problems and stop waiting and smacking your old computer around.","{'term': array([''], dtype=object), 'polarity': array([''], dtype=object), 'from': array([0], dtype=int16), 'to': array([0], dtype=int16)}"
1306,It is as good as new.,"{'term': array([''], dtype=object), 'polarity': array([''], dtype=object), 'from': array([0], dtype=int16), 'to': array([0], dtype=int16)}"
489,"And it didn't show up on the reciept, I don't know how we ordered it online!","{'term': array([''], dtype=object), 'polarity': array([''], dtype=object), 'from': array([0], dtype=int16), 'to': array([0], dtype=int16)}"
2162,"I went from BestBuy to Dell, Windows to Apple.","{'term': array([''], dtype=object), 'polarity': array([''], dtype=object), 'from': array([0], dtype=int16), 'to': array([0], dtype=int16)}"
481,Back then my entire family was Devoted to the Sony name.,"{'term': array([''], dtype=object), 'polarity': array([''], dtype=object), 'from': array([0], dtype=int16), 'to': array([0], dtype=int16)}"
1925,"When I got my laptop back after this first instance it worked okay for a little bit then I started expeirencing issues again, everything from programs and drivers failing again, to it powering off for no reason, to locking up and freezing and just all sorts of issues.","{'term': array(['programs', 'drivers'], dtype=object), 'polarity': array(['negative', 'negative'], dtype=object), 'from': array([142, 155], dtype=int16), 'to': array([150, 162], dtype=int16)}"
2749,Love that it doesn't take up space like a regular computer.,"{'term': array(['space'], dtype=object), 'polarity': array(['positive'], dtype=object), 'from': array([29], dtype=int16), 'to': array([34], dtype=int16)}"
623,*3 weeks after giving the computer for repair*-Visited MacHouse Amsterdam.,"{'term': array([''], dtype=object), 'polarity': array([''], dtype=object), 'from': array([0], dtype=int16), 'to': array([0], dtype=int16)}"
1167,"They don't seem to be susceptible to viruses, which is one less big thing to worry about when it comes to computers.","{'term': array([''], dtype=object), 'polarity': array([''], dtype=object), 'from': array([0], dtype=int16), 'to': array([0], dtype=int16)}"
1897,  I was very excited because this was my first personal computer and I was purchasing it with my OWN money I had recieved from graduation presents.,"{'term': array([''], dtype=object), 'polarity': array([''], dtype=object), 'from': array([0], dtype=int16), 'to': array([0], dtype=int16)}"
769,Asked the customer service rep.,"{'term': array(['customer service rep'], dtype=object), 'polarity': array(['neutral'], dtype=object), 'from': array([10], dtype=int16), 'to': array([30], dtype=int16)}"
3046,"So, I took it back to the apple store and they narcissist genius bar staff) fixed it by resetting the fan at boot up.","{'term': array(['genius bar staff)', 'fan', 'boot up'], dtype=object), 'polarity': array(['negative', 'neutral', 'neutral'], dtype=object), 'from': array([ 58, 102, 109], dtype=int16), 'to': array([ 75, 105, 116], dtype=int16)}"
2190,I cannot even imaging going back to a PC after using this wonderful computer.,"{'term': array([''], dtype=object), 'polarity': array([''], dtype=object), 'from': array([0], dtype=int16), 'to': array([0], dtype=int16)}"
2685,Basic computer.,"{'term': array([''], dtype=object), 'polarity': array([''], dtype=object), 'from': array([0], dtype=int16), 'to': array([0], dtype=int16)}"
1971,I fell in love with the hp pavillion and that was my replacement and now I could not imagine going back to an acer at all.,"{'term': array([''], dtype=object), 'polarity': array([''], dtype=object), 'from': array([0], dtype=int16), 'to': array([0], dtype=int16)}"
726,It turns out that this hp pc had been preciously sold by Wal Mart.,"{'term': array([''], dtype=object), 'polarity': array([''], dtype=object), 'from': array([0], dtype=int16), 'to': array([0], dtype=int16)}"
289,I would totally recommend any other laptop over this pile of grabage.,"{'term': array([''], dtype=object), 'polarity': array([''], dtype=object), 'from': array([0], dtype=int16), 'to': array([0], dtype=int16)}"
1855,  I managed to comply with these too and now have to wait and see if they can find another way to screw me.,"{'term': array([''], dtype=object), 'polarity': array([''], dtype=object), 'from': array([0], dtype=int16), 'to': array([0], dtype=int16)}"
2803,I should have bought one a long time ago.,"{'term': array([''], dtype=object), 'polarity': array([''], dtype=object), 'from': array([0], dtype=int16), 'to': array([0], dtype=int16)}"
2017,I looked at the computer and it said updating but the asked for a product key.,"{'term': array([''], dtype=object), 'polarity': array([''], dtype=object), 'from': array([0], dtype=int16), 'to': array([0], dtype=int16)}"
1133,I got what I paid for.,"{'term': array([''], dtype=object), 'polarity': array([''], dtype=object), 'from': array([0], dtype=int16), 'to': array([0], dtype=int16)}"
1596,"Just keep in mind the graphics is not dedicated so loading the movie almost took a minute, but it ran fairly smooth for a non-dedicated graphics card.","{'term': array(['graphics', 'non-dedicated graphics card'], dtype=object), 'polarity': array(['conflict', 'conflict'], dtype=object), 'from': array([ 22, 122], dtype=int16), 'to': array([ 30, 149], dtype=int16)}"
2736,"Needs Power and Mouse Cable to Plug in back instead of side, In the way of operating a mouse in small area.","{'term': array(['Mouse Cable', 'mouse'], dtype=object), 'polarity': array(['negative', 'negative'], dtype=object), 'from': array([16, 87], dtype=int16), 'to': array([27, 92], dtype=int16)}"
1916,  However I dealt with this problem for over a year and it was more of a hastle then I have EVER had with anything.,"{'term': array([''], dtype=object), 'polarity': array([''], dtype=object), 'from': array([0], dtype=int16), 'to': array([0], dtype=int16)}"
1919,"I got the first ""Blue screen of death"" in the early part of July.","{'term': array([''], dtype=object), 'polarity': array([''], dtype=object), 'from': array([0], dtype=int16), 'to': array([0], dtype=int16)}"
1047,"-4 RAM slots, 2 HDD Bays*, 16GB RAM support -No Wireless Issues, at least for me.","{'term': array(['RAM slots', 'HDD Bays', '16GB RAM support', 'Wireless'],
      dtype=object), 'polarity': array(['neutral', 'neutral', 'neutral', 'positive'], dtype=object), 'from': array([ 3, 16, 27, 48], dtype=int16), 'to': array([12, 24, 43, 56], dtype=int16)}"
762,I agree with the previous comment that ASUS TECH SUPPORT IS HORRIBLE WHICH IS A CON IN MY OPINION.,"{'term': array(['ASUS TECH SUPPORT'], dtype=object), 'polarity': array(['negative'], dtype=object), 'from': array([39], dtype=int16), 'to': array([56], dtype=int16)}"
113,"In fact, somehow (and I never opened it up) some specks of dust or something got inside the screen and are now there permanently, behind the front of the screen, in the way of the display.","{'term': array(['screen', 'screen', 'display'], dtype=object), 'polarity': array(['negative', 'negative', 'negative'], dtype=object), 'from': array([ 92, 154, 180], dtype=int16), 'to': array([ 98, 160, 187], dtype=int16)}"
2533,It seems to be incompatible with everything else.,"{'term': array([''], dtype=object), 'polarity': array([''], dtype=object), 'from': array([0], dtype=int16), 'to': array([0], dtype=int16)}"
2836,"the mouse on the pad, the left button always sticks.","{'term': array(['mouse on the pad', 'left button'], dtype=object), 'polarity': array(['neutral', 'negative'], dtype=object), 'from': array([ 4, 26], dtype=int16), 'to': array([20, 37], dtype=int16)}"
962,  When I took it back to Best Buy I asked them if they were seriously trying to drive me insane!,"{'term': array([''], dtype=object), 'polarity': array([''], dtype=object), 'from': array([0], dtype=int16), 'to': array([0], dtype=int16)}"
1459,  i have tried to charge on different batteries with no luck.,"{'term': array(['batteries'], dtype=object), 'polarity': array(['negative'], dtype=object), 'from': array([38], dtype=int16), 'to': array([47], dtype=int16)}"
2188,"I would recommend this computer to anyone searching for the perfect laptop, and the battery life is amazing.","{'term': array(['battery life'], dtype=object), 'polarity': array(['positive'], dtype=object), 'from': array([84], dtype=int16), 'to': array([96], dtype=int16)}"
2274,"We use the built in tools often, iTunes is open nearly every day and works great with my iPhone.","{'term': array(['built in tools', 'iTunes'], dtype=object), 'polarity': array(['neutral', 'positive'], dtype=object), 'from': array([11, 33], dtype=int16), 'to': array([25, 39], dtype=int16)}"
1343,But my blog is read by my friends and search engine visitors.,"{'term': array([''], dtype=object), 'polarity': array([''], dtype=object), 'from': array([0], dtype=int16), 'to': array([0], dtype=int16)}"
1002,It was returned on the third day I owned it.,"{'term': array([''], dtype=object), 'polarity': array([''], dtype=object), 'from': array([0], dtype=int16), 'to': array([0], dtype=int16)}"
1699,"IT WANT TAKE IT, IT KEEP SAYING ERROR.","{'term': array([''], dtype=object), 'polarity': array([''], dtype=object), 'from': array([0], dtype=int16), 'to': array([0], dtype=int16)}"
1941,"Anyone who is considering buying an Acer computer of any sort, I seriously suggest you look into buying a different brand.","{'term': array([''], dtype=object), 'polarity': array([''], dtype=object), 'from': array([0], dtype=int16), 'to': array([0], dtype=int16)}"
2303,the size of has actually help me out quite a bit by me being able to fit it in an already full backpack and to use it at a resturant where the food on the table is always so space consuming.,"{'term': array(['size'], dtype=object), 'polarity': array(['positive'], dtype=object), 'from': array([4], dtype=int16), 'to': array([8], dtype=int16)}"
2910,Highly recommend for daily use.,"{'term': array([''], dtype=object), 'polarity': array([''], dtype=object), 'from': array([0], dtype=int16), 'to': array([0], dtype=int16)}"
77,We are addicted to the Mac.,"{'term': array([''], dtype=object), 'polarity': array([''], dtype=object), 'from': array([0], dtype=int16), 'to': array([0], dtype=int16)}"
1314,Because it IS a defective product.,"{'term': array([''], dtype=object), 'polarity': array([''], dtype=object), 'from': array([0], dtype=int16), 'to': array([0], dtype=int16)}"
2499,"Second, it gets scratches easily and when it gets old some thing may operated","{'term': array([''], dtype=object), 'polarity': array([''], dtype=object), 'from': array([0], dtype=int16), 'to': array([0], dtype=int16)}"
2868,True quality at a great price!,"{'term': array(['quality', 'price'], dtype=object), 'polarity': array(['positive', 'positive'], dtype=object), 'from': array([ 5, 24], dtype=int16), 'to': array([12, 29], dtype=int16)}"
169,Not easy to carry.,"{'term': array(['carry'], dtype=object), 'polarity': array(['negative'], dtype=object), 'from': array([12], dtype=int16), 'to': array([17], dtype=int16)}"
2409,The programs that come standard with the Leopard running system are enough for the average person to run all the basics.,"{'term': array(['programs', 'Leopard running system'], dtype=object), 'polarity': array(['positive', 'neutral'], dtype=object), 'from': array([ 4, 41], dtype=int16), 'to': array([12, 63], dtype=int16)}"
1119,I am really heartbroken to have to post a terrible review.,"{'term': array([''], dtype=object), 'polarity': array([''], dtype=object), 'from': array([0], dtype=int16), 'to': array([0], dtype=int16)}"
1322,"So what am I supposed to do?  The LG service center cannot provide me the ""service"" when it is called the ""service center"".","{'term': array(['LG service center', 'service center', 'service'], dtype=object), 'polarity': array(['negative', 'negative', 'negative'], dtype=object), 'from': array([ 34, 107,  75], dtype=int16), 'to': array([ 51, 121,  82], dtype=int16)}"
1740,The Material this Pro is made out of seems a lot nicer than any PC  Specs: Like I said this performs a lot better than any computer I've had in the past.,"{'term': array(['Material', 'Specs', 'performs'], dtype=object), 'polarity': array(['positive', 'negative', 'positive'], dtype=object), 'from': array([ 4, 68, 92], dtype=int16), 'to': array([ 12,  73, 100], dtype=int16)}"
2014,It has been nothing but trouble from the time we bought it.,"{'term': array([''], dtype=object), 'polarity': array([''], dtype=object), 'from': array([0], dtype=int16), 'to': array([0], dtype=int16)}"
2239,"After doing extensive research, macconnection had the lowest price on the 15"" MBP i5.","{'term': array(['price'], dtype=object), 'polarity': array(['positive'], dtype=object), 'from': array([61], dtype=int16), 'to': array([66], dtype=int16)}"
367,I am ADDICTED to photo booth!,"{'term': array(['photo booth'], dtype=object), 'polarity': array(['positive'], dtype=object), 'from': array([17], dtype=int16), 'to': array([28], dtype=int16)}"
335,"The operating system and user interface is very intuitive, and the large multi-touch track pad is amazing.","{'term': array(['operating system', 'user interface', 'multi-touch track pad'],
      dtype=object), 'polarity': array(['positive', 'positive', 'positive'], dtype=object), 'from': array([ 4, 25, 73], dtype=int16), 'to': array([20, 39, 94], dtype=int16)}"
1328,"So, I went back.","{'term': array([''], dtype=object), 'polarity': array([''], dtype=object), 'from': array([0], dtype=int16), 'to': array([0], dtype=int16)}"
2652,"I like it so much, I bought another just for my wife.","{'term': array([''], dtype=object), 'polarity': array([''], dtype=object), 'from': array([0], dtype=int16), 'to': array([0], dtype=int16)}"
1384,I took it back to the store and exchanged it for another one.,"{'term': array([''], dtype=object), 'polarity': array([''], dtype=object), 'from': array([0], dtype=int16), 'to': array([0], dtype=int16)}"
2831,All in all great item highly recommend it.,"{'term': array([''], dtype=object), 'polarity': array([''], dtype=object), 'from': array([0], dtype=int16), 'to': array([0], dtype=int16)}"
3042,Hard disk - The new editions gives you more hard disk space (500GB instead of 320GB) but time has taught me never to trust an internal hard disk.,"{'term': array(['Hard disk', 'hard disk space', 'internal hard disk'], dtype=object), 'polarity': array(['neutral', 'positive', 'neutral'], dtype=object), 'from': array([  0,  44, 126], dtype=int16), 'to': array([  9,  59, 144], dtype=int16)}"
2263,This laptop rocks (only wish it could run SolidWorks CAD - which Apple doesn't support)!,"{'term': array([''], dtype=object), 'polarity': array([''], dtype=object), 'from': array([0], dtype=int16), 'to': array([0], dtype=int16)}"
1481,It is extremely portable and easily connects to WIFI at the library and elsewhere.,"{'term': array(['connects to WIFI'], dtype=object), 'polarity': array(['positive'], dtype=object), 'from': array([36], dtype=int16), 'to': array([52], dtype=int16)}"
2769,"I don't have that additional money right now, and therefore wouldn't have purchased it at this time.","{'term': array([''], dtype=object), 'polarity': array([''], dtype=object), 'from': array([0], dtype=int16), 'to': array([0], dtype=int16)}"
2491,"First things first, Macbook pro has many applications to make life easier, unlike the windows computers.","{'term': array(['applications', 'windows'], dtype=object), 'polarity': array(['positive', 'negative'], dtype=object), 'from': array([41, 86], dtype=int16), 'to': array([53, 93], dtype=int16)}"
1648,And the screen on this thing is absolutely amazing for high quality videos and movies and gaming.,"{'term': array(['screen', 'gaming'], dtype=object), 'polarity': array(['positive', 'positive'], dtype=object), 'from': array([ 8, 90], dtype=int16), 'to': array([14, 96], dtype=int16)}"
236,"Fast, fast and fast, the web pages just fly by.","{'term': array([''], dtype=object), 'polarity': array([''], dtype=object), 'from': array([0], dtype=int16), 'to': array([0], dtype=int16)}"
1869,"  I considered I may have too much on the computer, but after looking, there was plenty of space and that is not the issue.","{'term': array(['space'], dtype=object), 'polarity': array(['positive'], dtype=object), 'from': array([91], dtype=int16), 'to': array([96], dtype=int16)}"
2763,I don't use my laptop in a way though that needs a long battery life so it's perfect for me.,"{'term': array(['battery life'], dtype=object), 'polarity': array(['conflict'], dtype=object), 'from': array([56], dtype=int16), 'to': array([68], dtype=int16)}"
1264,Guess I'll stay away from HP.,"{'term': array([''], dtype=object), 'polarity': array([''], dtype=object), 'from': array([0], dtype=int16), 'to': array([0], dtype=int16)}"
2882,"It is made better, thicker, and all out tough!","{'term': array([''], dtype=object), 'polarity': array([''], dtype=object), 'from': array([0], dtype=int16), 'to': array([0], dtype=int16)}"
955,"It was about six months later when the overheating problem started again, to the point it felt like fire on the bottom of the machine!","{'term': array([''], dtype=object), 'polarity': array([''], dtype=object), 'from': array([0], dtype=int16), 'to': array([0], dtype=int16)}"
750,There is a blank lighted screen when I start and that is all.,"{'term': array([''], dtype=object), 'polarity': array([''], dtype=object), 'from': array([0], dtype=int16), 'to': array([0], dtype=int16)}"
1653,And i would recommend this to anypne looking for a new laptop.,"{'term': array([''], dtype=object), 'polarity': array([''], dtype=object), 'from': array([0], dtype=int16), 'to': array([0], dtype=int16)}"
1466,"But then, something goes wrong.","{'term': array([''], dtype=object), 'polarity': array([''], dtype=object), 'from': array([0], dtype=int16), 'to': array([0], dtype=int16)}"
2810,So far so good with this laptop.,"{'term': array([''], dtype=object), 'polarity': array([''], dtype=object), 'from': array([0], dtype=int16), 'to': array([0], dtype=int16)}"
1457,  i must keep it plugged in at all times because it will not keep a charge for longer than four minutes.,"{'term': array(['charge'], dtype=object), 'polarity': array(['negative'], dtype=object), 'from': array([68], dtype=int16), 'to': array([74], dtype=int16)}"
1165,Avoid this model.,"{'term': array([''], dtype=object), 'polarity': array([''], dtype=object), 'from': array([0], dtype=int16), 'to': array([0], dtype=int16)}"
763,"Summary: I've had this laptop for 2 months, out of the blue the power adapter stops working.","{'term': array(['power adapter'], dtype=object), 'polarity': array(['negative'], dtype=object), 'from': array([64], dtype=int16), 'to': array([77], dtype=int16)}"
1977,"I saw walmart had the same computer for about $650 but still knowing what I know now,I would not buy it at that price.","{'term': array(['price'], dtype=object), 'polarity': array(['negative'], dtype=object), 'from': array([112], dtype=int16), 'to': array([117], dtype=int16)}"
1945,The local computer repair shops send out ads that say along the lines of we can fix almost any problem or computer  usually even the trouble some Toshiba satellite.,"{'term': array([''], dtype=object), 'polarity': array([''], dtype=object), 'from': array([0], dtype=int16), 'to': array([0], dtype=int16)}"
939,it has had some problems.,"{'term': array([''], dtype=object), 'polarity': array([''], dtype=object), 'from': array([0], dtype=int16), 'to': array([0], dtype=int16)}"
1243,"Theres always something wrong with it, wether it be some virus you can't track down, or it overheats, sometimes even catches on fire, you just can't use it.","{'term': array([''], dtype=object), 'polarity': array([''], dtype=object), 'from': array([0], dtype=int16), 'to': array([0], dtype=int16)}"
1387,This computer is good for 10 days then it sucks for the rest of your life.,"{'term': array([''], dtype=object), 'polarity': array([''], dtype=object), 'from': array([0], dtype=int16), 'to': array([0], dtype=int16)}"
2156,"Of course, for a student, weight is always an issue.","{'term': array(['weight'], dtype=object), 'polarity': array(['neutral'], dtype=object), 'from': array([26], dtype=int16), 'to': array([32], dtype=int16)}"
626,"Now mainboard is broken, have to wait for a new one.","{'term': array(['mainboard'], dtype=object), 'polarity': array(['negative'], dtype=object), 'from': array([4], dtype=int16), 'to': array([13], dtype=int16)}"
3056,"The speed difference is next to NOTHING for a mac, and the hard drive can be manually upgraded or you could just buy a $60 500gb external hard drive.","{'term': array(['speed', 'hard drive', '500gb external hard drive'], dtype=object), 'polarity': array(['negative', 'neutral', 'neutral'], dtype=object), 'from': array([  4,  59, 123], dtype=int16), 'to': array([  9,  69, 148], dtype=int16)}"
1879,2.The wireless card is low quality.,"{'term': array(['wireless card'], dtype=object), 'polarity': array(['negative'], dtype=object), 'from': array([6], dtype=int16), 'to': array([19], dtype=int16)}"
1806,This little netboook is helping me get work done!,"{'term': array([''], dtype=object), 'polarity': array([''], dtype=object), 'from': array([0], dtype=int16), 'to': array([0], dtype=int16)}"
2121,They also use two totally different operating systems.,"{'term': array(['operating systems'], dtype=object), 'polarity': array(['neutral'], dtype=object), 'from': array([36], dtype=int16), 'to': array([53], dtype=int16)}"
2420,They are about the same size keys.,"{'term': array(['keys'], dtype=object), 'polarity': array(['neutral'], dtype=object), 'from': array([29], dtype=int16), 'to': array([33], dtype=int16)}"
887,I'm definitely not hard on laptops and guarantee 100% that no liquid has touched this machine in my presence.,"{'term': array([''], dtype=object), 'polarity': array([''], dtype=object), 'from': array([0], dtype=int16), 'to': array([0], dtype=int16)}"
2039,"I waited another month for approval and for them to ""BUILD"" me a new laptop.","{'term': array([''], dtype=object), 'polarity': array([''], dtype=object), 'from': array([0], dtype=int16), 'to': array([0], dtype=int16)}"
3032,This ain't it.,"{'term': array([''], dtype=object), 'polarity': array([''], dtype=object), 'from': array([0], dtype=int16), 'to': array([0], dtype=int16)}"
2107,I wasn't really as concerned about portability (it's a very large laptop) but it's not hard to move around or take on a trip which was a pleasant surprise.,"{'term': array(['portability'], dtype=object), 'polarity': array(['conflict'], dtype=object), 'from': array([35], dtype=int16), 'to': array([46], dtype=int16)}"
907,"The people are frustrating to work with, the product itself is very cheaply made, and the accessories are less than satisfactory.","{'term': array(['accessories'], dtype=object), 'polarity': array(['negative'], dtype=object), 'from': array([90], dtype=int16), 'to': array([101], dtype=int16)}"
160,"They offer the best warranty in the business, and don't 3rd party it out like Toshiba.","{'term': array(['warranty'], dtype=object), 'polarity': array(['positive'], dtype=object), 'from': array([20], dtype=int16), 'to': array([28], dtype=int16)}"
254,Maybe three or four months ago it started blinking all of the sudden.,"{'term': array([''], dtype=object), 'polarity': array([''], dtype=object), 'from': array([0], dtype=int16), 'to': array([0], dtype=int16)}"
2926,The only problems are the sound isnt very loud I have to wear headphones.,"{'term': array(['sound'], dtype=object), 'polarity': array(['negative'], dtype=object), 'from': array([26], dtype=int16), 'to': array([31], dtype=int16)}"
1632,Again- windows based machines were not giving me anything to work with!,"{'term': array(['windows'], dtype=object), 'polarity': array(['negative'], dtype=object), 'from': array([7], dtype=int16), 'to': array([14], dtype=int16)}"
710,"Finally, I couldn't take it anymore and ordered my Apple.","{'term': array([''], dtype=object), 'polarity': array([''], dtype=object), 'from': array([0], dtype=int16), 'to': array([0], dtype=int16)}"
1271,"I should have kept my big, old HP.","{'term': array([''], dtype=object), 'polarity': array([''], dtype=object), 'from': array([0], dtype=int16), 'to': array([0], dtype=int16)}"
2142,"everything about a mac is wonderful, it takes a little used to learning and getting used to the new system, but you will learn fast and its all worth it.","{'term': array(['system'], dtype=object), 'polarity': array(['neutral'], dtype=object), 'from': array([100], dtype=int16), 'to': array([106], dtype=int16)}"
348,i love the size of the computer since i play games on it.,"{'term': array(['size', 'games'], dtype=object), 'polarity': array(['positive', 'neutral'], dtype=object), 'from': array([11, 45], dtype=int16), 'to': array([15, 50], dtype=int16)}"
703,"I am a wife, mom and a school teacher and a college student.","{'term': array([''], dtype=object), 'polarity': array([''], dtype=object), 'from': array([0], dtype=int16), 'to': array([0], dtype=int16)}"
1377,"You know, using the computer should be fun, not aggrevation, especially when you are playing games or working with photos.","{'term': array(['playing games'], dtype=object), 'polarity': array(['neutral'], dtype=object), 'from': array([85], dtype=int16), 'to': array([98], dtype=int16)}"
2562,You just get a trial version either way.,"{'term': array([''], dtype=object), 'polarity': array([''], dtype=object), 'from': array([0], dtype=int16), 'to': array([0], dtype=int16)}"
992,I'm all for saving money but Dell needs to step it up.,"{'term': array([''], dtype=object), 'polarity': array([''], dtype=object), 'from': array([0], dtype=int16), 'to': array([0], dtype=int16)}"
2167,There are no viruses or spyware to worry about like on a Windows computer.,"{'term': array(['Windows'], dtype=object), 'polarity': array(['negative'], dtype=object), 'from': array([57], dtype=int16), 'to': array([64], dtype=int16)}"
2635,great machine if you want to drop the cash for one.,"{'term': array([''], dtype=object), 'polarity': array([''], dtype=object), 'from': array([0], dtype=int16), 'to': array([0], dtype=int16)}"
2932,To be honest i think it was faulty equipment or something but idk.,"{'term': array(['equipment'], dtype=object), 'polarity': array(['negative'], dtype=object), 'from': array([35], dtype=int16), 'to': array([44], dtype=int16)}"
2904,"I also love the small, convenient size of my laptop, making it a perfect tool for my academic studies.","{'term': array(['size'], dtype=object), 'polarity': array(['positive'], dtype=object), 'from': array([34], dtype=int16), 'to': array([38], dtype=int16)}"
850,I never have had a good result with this computer.,"{'term': array([''], dtype=object), 'polarity': array([''], dtype=object), 'from': array([0], dtype=int16), 'to': array([0], dtype=int16)}"
440,"I love its solid build, light wt and excellent battery life (for now).","{'term': array(['build', 'wt', 'battery life'], dtype=object), 'polarity': array(['positive', 'positive', 'positive'], dtype=object), 'from': array([17, 30, 47], dtype=int16), 'to': array([22, 32, 59], dtype=int16)}"
1882,YOU PAY FOR WHAT YOU GET FOR.,"{'term': array([''], dtype=object), 'polarity': array([''], dtype=object), 'from': array([0], dtype=int16), 'to': array([0], dtype=int16)}"
2671,"while about 8 years ago, I hope that the quality has changed.","{'term': array(['quality'], dtype=object), 'polarity': array(['negative'], dtype=object), 'from': array([41], dtype=int16), 'to': array([48], dtype=int16)}"
1031,NO more Lenovo for me.,"{'term': array([''], dtype=object), 'polarity': array([''], dtype=object), 'from': array([0], dtype=int16), 'to': array([0], dtype=int16)}"
414,"I also bought one for my wife, and 3 for my office.","{'term': array([''], dtype=object), 'polarity': array([''], dtype=object), 'from': array([0], dtype=int16), 'to': array([0], dtype=int16)}"
1286,"However, a NETBOOK will be a different story.","{'term': array([''], dtype=object), 'polarity': array([''], dtype=object), 'from': array([0], dtype=int16), 'to': array([0], dtype=int16)}"
2092,"I'm glad I bought this laptop, it was worth the few ($100) extra dollars.","{'term': array([''], dtype=object), 'polarity': array([''], dtype=object), 'from': array([0], dtype=int16), 'to': array([0], dtype=int16)}"
1812,"The difference is it's a whole lot of fun using the laptop now, still learning the Apple navigation, but is fun and comes with a lot of cool apps.","{'term': array(['Apple navigation', 'apps'], dtype=object), 'polarity': array(['neutral', 'positive'], dtype=object), 'from': array([ 83, 141], dtype=int16), 'to': array([ 99, 145], dtype=int16)}"
2599,I am a full Mac convert now.,"{'term': array([''], dtype=object), 'polarity': array([''], dtype=object), 'from': array([0], dtype=int16), 'to': array([0], dtype=int16)}"
573,I highly recommend that you buy this product.,"{'term': array([''], dtype=object), 'polarity': array([''], dtype=object), 'from': array([0], dtype=int16), 'to': array([0], dtype=int16)}"
1198,"Though you get a polite person, you often don t get a solution.","{'term': array([''], dtype=object), 'polarity': array([''], dtype=object), 'from': array([0], dtype=int16), 'to': array([0], dtype=int16)}"
639,-I propose that I can just swap the hard drives.,"{'term': array(['hard drives'], dtype=object), 'polarity': array(['neutral'], dtype=object), 'from': array([36], dtype=int16), 'to': array([47], dtype=int16)}"
1272,It was old but it was not till we bought the Dell did we realize how great it was.,"{'term': array([''], dtype=object), 'polarity': array([''], dtype=object), 'from': array([0], dtype=int16), 'to': array([0], dtype=int16)}"
2311,"The battery holds up well, it's built very solidly, and runs fast.","{'term': array(['battery', 'built', 'runs'], dtype=object), 'polarity': array(['positive', 'positive', 'positive'], dtype=object), 'from': array([ 4, 32, 56], dtype=int16), 'to': array([11, 37, 60], dtype=int16)}"
2725,Sound card is limited though.,"{'term': array(['Sound card'], dtype=object), 'polarity': array(['negative'], dtype=object), 'from': array([0], dtype=int16), 'to': array([10], dtype=int16)}"
1147,"I initially purchased my Macbook Pro 13"" in April, and I loved it.","{'term': array([''], dtype=object), 'polarity': array([''], dtype=object), 'from': array([0], dtype=int16), 'to': array([0], dtype=int16)}"
671,This is a nicely sized laptop with lots of processing power and long battery life.,"{'term': array(['processing power', 'battery life', 'sized'], dtype=object), 'polarity': array(['positive', 'positive', 'positive'], dtype=object), 'from': array([43, 69, 17], dtype=int16), 'to': array([59, 81, 22], dtype=int16)}"
725,After much battling with HP i was able to return it 4 times for repairs.,"{'term': array([''], dtype=object), 'polarity': array([''], dtype=object), 'from': array([0], dtype=int16), 'to': array([0], dtype=int16)}"
175,"So, you can imagine how unhappy I am with this item.","{'term': array([''], dtype=object), 'polarity': array([''], dtype=object), 'from': array([0], dtype=int16), 'to': array([0], dtype=int16)}"
2580,"But let me tell you, the mac book pro is so professional.","{'term': array([''], dtype=object), 'polarity': array([''], dtype=object), 'from': array([0], dtype=int16), 'to': array([0], dtype=int16)}"
831,  The only thing I can imagine is that Sony jumped on early specifications for Vista requirements from Microsoft and designed it to those inadequate requirements.,"{'term': array(['Vista'], dtype=object), 'polarity': array(['negative'], dtype=object), 'from': array([79], dtype=int16), 'to': array([84], dtype=int16)}"
1816,go for it!,"{'term': array([''], dtype=object), 'polarity': array([''], dtype=object), 'from': array([0], dtype=int16), 'to': array([0], dtype=int16)}"
2269,I highly recommend this computer for students looking for a solid machine to get them through college.,"{'term': array([''], dtype=object), 'polarity': array([''], dtype=object), 'from': array([0], dtype=int16), 'to': array([0], dtype=int16)}"
111,"The keyboard, which generally felt okay even for someone used to a desktop keyboard, now looks terrible.","{'term': array(['keyboard', 'desktop keyboard'], dtype=object), 'polarity': array(['conflict', 'neutral'], dtype=object), 'from': array([ 4, 67], dtype=int16), 'to': array([12, 83], dtype=int16)}"
1564,The display is awesome.,"{'term': array(['display'], dtype=object), 'polarity': array(['positive'], dtype=object), 'from': array([4], dtype=int16), 'to': array([11], dtype=int16)}"
1166,"After years of occasionally pulling my hair out fighting computer viruses, a good friend convinced me it was time to go the Apple route.","{'term': array([''], dtype=object), 'polarity': array([''], dtype=object), 'from': array([0], dtype=int16), 'to': array([0], dtype=int16)}"
6,The mouse is a little bit different than what you're used to though- it has one big flat panel and one full bar (instead of two separate ones) to click with- but you get used to it quite quickly.,"{'term': array(['mouse'], dtype=object), 'polarity': array(['conflict'], dtype=object), 'from': array([4], dtype=int16), 'to': array([9], dtype=int16)}"
98,It took several weeks just to get them to acknowledge that I owned the warranty.,"{'term': array(['warranty'], dtype=object), 'polarity': array(['negative'], dtype=object), 'from': array([71], dtype=int16), 'to': array([79], dtype=int16)}"
656,"However, this laptop has a fatal flaw that i discovered merely a week after buying it.","{'term': array([''], dtype=object), 'polarity': array([''], dtype=object), 'from': array([0], dtype=int16), 'to': array([0], dtype=int16)}"
2396,Perfect trifecta!,"{'term': array([''], dtype=object), 'polarity': array([''], dtype=object), 'from': array([0], dtype=int16), 'to': array([0], dtype=int16)}"
2584,The keyboard is like no other laptop keyboard.,"{'term': array(['keyboard', 'keyboard'], dtype=object), 'polarity': array(['neutral', 'neutral'], dtype=object), 'from': array([ 4, 37], dtype=int16), 'to': array([12, 45], dtype=int16)}"
492,It was a huge monstrosity of a Laptop!,"{'term': array([''], dtype=object), 'polarity': array([''], dtype=object), 'from': array([0], dtype=int16), 'to': array([0], dtype=int16)}"
613,-Computer crashed frequently and battery life decreased very quickly.,"{'term': array(['battery life'], dtype=object), 'polarity': array(['negative'], dtype=object), 'from': array([33], dtype=int16), 'to': array([45], dtype=int16)}"
637,-I propose that they can just swap the hard drives.,"{'term': array(['hard drives'], dtype=object), 'polarity': array(['neutral'], dtype=object), 'from': array([39], dtype=int16), 'to': array([50], dtype=int16)}"
663,So don't get it.,"{'term': array([''], dtype=object), 'polarity': array([''], dtype=object), 'from': array([0], dtype=int16), 'to': array([0], dtype=int16)}"
2163,it was a tough choice.,"{'term': array([''], dtype=object), 'polarity': array([''], dtype=object), 'from': array([0], dtype=int16), 'to': array([0], dtype=int16)}"
1061,Every driver on the drivers/applications DVD is everything you will need for a reload.,"{'term': array(['driver', 'drivers/applications DVD'], dtype=object), 'polarity': array(['positive', 'positive'], dtype=object), 'from': array([ 6, 20], dtype=int16), 'to': array([12, 44], dtype=int16)}"
943,  They sent it off and within 2 weeks I had it back good as new.,"{'term': array([''], dtype=object), 'polarity': array([''], dtype=object), 'from': array([0], dtype=int16), 'to': array([0], dtype=int16)}"
1662,The Awesomest of the awesomest.,"{'term': array([''], dtype=object), 'polarity': array([''], dtype=object), 'from': array([0], dtype=int16), 'to': array([0], dtype=int16)}"
2179,"One, owning a mac is essentially a full production studio (in the case of a mac book a portable version).","{'term': array([''], dtype=object), 'polarity': array([''], dtype=object), 'from': array([0], dtype=int16), 'to': array([0], dtype=int16)}"
574,I would like to tell you about the best laptop I just got from Mac.,"{'term': array([''], dtype=object), 'polarity': array([''], dtype=object), 'from': array([0], dtype=int16), 'to': array([0], dtype=int16)}"
2309,"I'm glad it waited, this one is great.","{'term': array([''], dtype=object), 'polarity': array([''], dtype=object), 'from': array([0], dtype=int16), 'to': array([0], dtype=int16)}"
1226,I called their repair depot as was told they would send Me a new box to return the computer to the repair depot.,"{'term': array(['repair depot', 'repair depot'], dtype=object), 'polarity': array(['neutral', 'neutral'], dtype=object), 'from': array([15, 99], dtype=int16), 'to': array([ 27, 111], dtype=int16)}"
1169,"(For those old enough to remember, it is similar to Beta versus VHS.","{'term': array([''], dtype=object), 'polarity': array([''], dtype=object), 'from': array([0], dtype=int16), 'to': array([0], dtype=int16)}"
2627,It's also fairly easy to use the Operating System.,"{'term': array(['Operating System'], dtype=object), 'polarity': array(['positive'], dtype=object), 'from': array([33], dtype=int16), 'to': array([49], dtype=int16)}"
2743,"But, I would recommend this product.","{'term': array([''], dtype=object), 'polarity': array([''], dtype=object), 'from': array([0], dtype=int16), 'to': array([0], dtype=int16)}"
1980,"I know that ASUS is known for making motherboards, but this is the worst computer experience that I have ever had.","{'term': array(['motherboards'], dtype=object), 'polarity': array(['conflict'], dtype=object), 'from': array([37], dtype=int16), 'to': array([49], dtype=int16)}"
1802,"If so, you may be having similar problems.","{'term': array([''], dtype=object), 'polarity': array([''], dtype=object), 'from': array([0], dtype=int16), 'to': array([0], dtype=int16)}"
885,"Some days it's just blurry, some days it appears that it's raining on my nice desktop background of a lake and mountains.","{'term': array([''], dtype=object), 'polarity': array([''], dtype=object), 'from': array([0], dtype=int16), 'to': array([0], dtype=int16)}"
1537,This is a great machine!,"{'term': array([''], dtype=object), 'polarity': array([''], dtype=object), 'from': array([0], dtype=int16), 'to': array([0], dtype=int16)}"
3059,This is my first personal Satellite purchase but had very good experience through previous Satellite work issued laptops.,"{'term': array([''], dtype=object), 'polarity': array([''], dtype=object), 'from': array([0], dtype=int16), 'to': array([0], dtype=int16)}"
2558,We figure that after everything HIS pc actually ended up costing $350 more than my original Mac.,"{'term': array(['costing'], dtype=object), 'polarity': array(['negative'], dtype=object), 'from': array([57], dtype=int16), 'to': array([64], dtype=int16)}"
1026,So having the AC plug go out on me and get lose or I could actually here it inside my computer on two of the three times is not good.,"{'term': array(['AC plug'], dtype=object), 'polarity': array(['negative'], dtype=object), 'from': array([14], dtype=int16), 'to': array([21], dtype=int16)}"
2694,Peformance is good for the price.,"{'term': array(['Peformance', 'price'], dtype=object), 'polarity': array(['positive', 'positive'], dtype=object), 'from': array([ 0, 27], dtype=int16), 'to': array([10, 32], dtype=int16)}"
1228,The computer is currently in West Verginia doe to the method of shipping choosen by Toshiba.,"{'term': array(['shipping'], dtype=object), 'polarity': array(['negative'], dtype=object), 'from': array([64], dtype=int16), 'to': array([72], dtype=int16)}"
376,I can see why the have soooo much money.,"{'term': array([''], dtype=object), 'polarity': array([''], dtype=object), 'from': array([0], dtype=int16), 'to': array([0], dtype=int16)}"
776,I'M REALLY FRUSTRATED BY THIS EXPERIENCE.,"{'term': array([''], dtype=object), 'polarity': array([''], dtype=object), 'from': array([0], dtype=int16), 'to': array([0], dtype=int16)}"
1232,And Toshiba is totally unconcerned.,"{'term': array([''], dtype=object), 'polarity': array([''], dtype=object), 'from': array([0], dtype=int16), 'to': array([0], dtype=int16)}"
755,Summary: HP knew they were shipping out bad BIOS and did nothing proactive to resolve it.,"{'term': array(['BIOS'], dtype=object), 'polarity': array(['negative'], dtype=object), 'from': array([44], dtype=int16), 'to': array([48], dtype=int16)}"
1640,"And in 6 months, there have been no freezing up and no blue, purple, black or any other type of screen.","{'term': array([''], dtype=object), 'polarity': array([''], dtype=object), 'from': array([0], dtype=int16), 'to': array([0], dtype=int16)}"
1947,I had 3 months when the ports started going out.,"{'term': array(['ports'], dtype=object), 'polarity': array(['negative'], dtype=object), 'from': array([24], dtype=int16), 'to': array([29], dtype=int16)}"
2841,think i would spend little extra to get a better made laptop.,"{'term': array([''], dtype=object), 'polarity': array([''], dtype=object), 'from': array([0], dtype=int16), 'to': array([0], dtype=int16)}"
3017,"The improvements to the OS have been relatively gradual, but substantive.","{'term': array(['O'], dtype=object), 'polarity': array(['positive'], dtype=object), 'from': array([24], dtype=int16), 'to': array([25], dtype=int16)}"
1836,I'll wait and save up for a new one.,"{'term': array([''], dtype=object), 'polarity': array([''], dtype=object), 'from': array([0], dtype=int16), 'to': array([0], dtype=int16)}"
3069,This laptop does everything I need it to very well.,"{'term': array([''], dtype=object), 'polarity': array([''], dtype=object), 'from': array([0], dtype=int16), 'to': array([0], dtype=int16)}"
2441,They are not.,"{'term': array([''], dtype=object), 'polarity': array([''], dtype=object), 'from': array([0], dtype=int16), 'to': array([0], dtype=int16)}"
2604,"It makes sorting out all those photos on my digital camera a breeze, and organizing them by place, time taken, or sending them to an online print shop, or uploading them to Flickr or Facebook etc, is not hard at all.","{'term': array([''], dtype=object), 'polarity': array([''], dtype=object), 'from': array([0], dtype=int16), 'to': array([0], dtype=int16)}"
437,Its been a year and am still waiting to see what there going to do about my laptop.,"{'term': array([''], dtype=object), 'polarity': array([''], dtype=object), 'from': array([0], dtype=int16), 'to': array([0], dtype=int16)}"
3003,I bought it to use in college and it is perfect.,"{'term': array([''], dtype=object), 'polarity': array([''], dtype=object), 'from': array([0], dtype=int16), 'to': array([0], dtype=int16)}"
319,It is super easy to use.,"{'term': array(['use'], dtype=object), 'polarity': array(['positive'], dtype=object), 'from': array([20], dtype=int16), 'to': array([23], dtype=int16)}"
1406,Many of my classmates computers hard drives crashed.,"{'term': array(['hard drives'], dtype=object), 'polarity': array(['negative'], dtype=object), 'from': array([32], dtype=int16), 'to': array([43], dtype=int16)}"
22,Ease of use is just one of the benefits I love about my Mac.,"{'term': array(['use'], dtype=object), 'polarity': array(['positive'], dtype=object), 'from': array([8], dtype=int16), 'to': array([11], dtype=int16)}"
2576,"I wouldn't play a first-person shooter with this, mind, but if you wanted to run MS Office, email, chat, download a video, listen to music from a certain fruit-named music store, and were looking for a highly portable yet powerful netbook to do that all in, I'd highly recommend checking this out.","{'term': array(['MS Office'], dtype=object), 'polarity': array(['neutral'], dtype=object), 'from': array([81], dtype=int16), 'to': array([90], dtype=int16)}"
1775,"The 13"" Macbook Pro just fits in my budget and with free shipping and no tax to CA this is the best price we can get for a great product.","{'term': array(['shipping', 'price', 'budget'], dtype=object), 'polarity': array(['positive', 'positive', 'positive'], dtype=object), 'from': array([ 57, 100,  36], dtype=int16), 'to': array([ 65, 105,  42], dtype=int16)}"
382,"It took me a while top get away from the land of PCs, but now that I have, I can't see myself going back to it.","{'term': array([''], dtype=object), 'polarity': array([''], dtype=object), 'from': array([0], dtype=int16), 'to': array([0], dtype=int16)}"
538,They discovered the manufacturer's defect and sent it in for repair.,"{'term': array([''], dtype=object), 'polarity': array([''], dtype=object), 'from': array([0], dtype=int16), 'to': array([0], dtype=int16)}"
2279,The sheer power and flexibility makes the MacBook Pro a must have for any techie!,"{'term': array(['power', 'flexibility'], dtype=object), 'polarity': array(['positive', 'positive'], dtype=object), 'from': array([10, 20], dtype=int16), 'to': array([15, 31], dtype=int16)}"
20,LOVE IT LOVE IT LOVE IT!,"{'term': array([''], dtype=object), 'polarity': array([''], dtype=object), 'from': array([0], dtype=int16), 'to': array([0], dtype=int16)}"
2917,The notebook is lacking a HDMI port and a S-video port that would enable one to hook it to a TV.,"{'term': array(['HDMI port', 'S-video port'], dtype=object), 'polarity': array(['negative', 'negative'], dtype=object), 'from': array([26, 42], dtype=int16), 'to': array([35, 54], dtype=int16)}"
550,The speakers on it are useless too.,"{'term': array(['speakers'], dtype=object), 'polarity': array(['negative'], dtype=object), 'from': array([4], dtype=int16), 'to': array([12], dtype=int16)}"
883,You may soon mistake my digitus medius as a lively pogo stick.,"{'term': array([''], dtype=object), 'polarity': array([''], dtype=object), 'from': array([0], dtype=int16), 'to': array([0], dtype=int16)}"
1004,This is not Best Buy's fault.,"{'term': array([''], dtype=object), 'polarity': array([''], dtype=object), 'from': array([0], dtype=int16), 'to': array([0], dtype=int16)}"
2068,I had meant to purchase the NB205 and bought this one by accident (long story).,"{'term': array([''], dtype=object), 'polarity': array([''], dtype=object), 'from': array([0], dtype=int16), 'to': array([0], dtype=int16)}"
1405,"Most of my papers could not be saved and when they could be, half the time, the papers were then erased.","{'term': array([''], dtype=object), 'polarity': array([''], dtype=object), 'from': array([0], dtype=int16), 'to': array([0], dtype=int16)}"
590,I've had my MacBook Pro for three years now and still love it!,"{'term': array([''], dtype=object), 'polarity': array([''], dtype=object), 'from': array([0], dtype=int16), 'to': array([0], dtype=int16)}"
3076,Battery is lasting about 6 hours as I am surfing the web on Sundays while checking football scores and watching funny Youtube videos.,"{'term': array(['Battery', 'surfing the web'], dtype=object), 'polarity': array(['neutral', 'neutral'], dtype=object), 'from': array([ 0, 41], dtype=int16), 'to': array([ 7, 56], dtype=int16)}"
2403,"Exactly that, users.","{'term': array([''], dtype=object), 'polarity': array([''], dtype=object), 'from': array([0], dtype=int16), 'to': array([0], dtype=int16)}"
1768,Iphoto is great for adding pictures right to facebook and other social networking sites.,"{'term': array(['Iphoto'], dtype=object), 'polarity': array(['positive'], dtype=object), 'from': array([0], dtype=int16), 'to': array([6], dtype=int16)}"
2651,I have recommended this laptop to everyone I know who is buying one.,"{'term': array([''], dtype=object), 'polarity': array([''], dtype=object), 'from': array([0], dtype=int16), 'to': array([0], dtype=int16)}"
565,they will not let you down.,"{'term': array([''], dtype=object), 'polarity': array([''], dtype=object), 'from': array([0], dtype=int16), 'to': array([0], dtype=int16)}"
94,"Almost 4 years ago I bought what was then the current, up to date HP Pavilion--If I recall correctly, it was the dv 1300 t.","{'term': array([''], dtype=object), 'polarity': array([''], dtype=object), 'from': array([0], dtype=int16), 'to': array([0], dtype=int16)}"
1044,"It's not a recommendation, it' a plea.","{'term': array([''], dtype=object), 'polarity': array([''], dtype=object), 'from': array([0], dtype=int16), 'to': array([0], dtype=int16)}"
1936,"In early May I got it back and this time I only had it back for 1 day before it had a NEW issue so it was sent back in for the 6th time they ""expedited"" the repairs so I was only supposed to have to be without it for 3 days and it was supposed to be fixed, by a ""Senior Tech"".","{'term': array(['Senior Tech'], dtype=object), 'polarity': array(['negative'], dtype=object), 'from': array([263], dtype=int16), 'to': array([274], dtype=int16)}"
2859,"Some features arent friendly ( volume wheel, sound quality, etc.","{'term': array(['volume wheel', 'sound quality', 'features'], dtype=object), 'polarity': array(['negative', 'negative', 'negative'], dtype=object), 'from': array([31, 45,  5], dtype=int16), 'to': array([43, 58, 13], dtype=int16)}"
2745,"A cheaper price should not equal a ""cheap"" product.","{'term': array(['price'], dtype=object), 'polarity': array(['positive'], dtype=object), 'from': array([10], dtype=int16), 'to': array([15], dtype=int16)}"
616,"-When I started worrying for not hearing anything from them, I tried to call.","{'term': array([''], dtype=object), 'polarity': array([''], dtype=object), 'from': array([0], dtype=int16), 'to': array([0], dtype=int16)}"
2489,"I think the manual is somewhere on the hard drive, but I rather have a hard copy.","{'term': array(['manual', 'hard drive'], dtype=object), 'polarity': array(['neutral', 'neutral'], dtype=object), 'from': array([12, 39], dtype=int16), 'to': array([18, 49], dtype=int16)}"
736,"got another 1, and same issue.","{'term': array([''], dtype=object), 'polarity': array([''], dtype=object), 'from': array([0], dtype=int16), 'to': array([0], dtype=int16)}"
2203,Thank you Best Buy for putting my computer together and installing my first software - you guys were GREAT too!,"{'term': array(['software'], dtype=object), 'polarity': array(['neutral'], dtype=object), 'from': array([76], dtype=int16), 'to': array([84], dtype=int16)}"
2986,They were able to set-up with labtops themselves within a few minutes.,"{'term': array([''], dtype=object), 'polarity': array([''], dtype=object), 'from': array([0], dtype=int16), 'to': array([0], dtype=int16)}"
3063,I consider myself an average user and this computer serves my need.,"{'term': array([''], dtype=object), 'polarity': array([''], dtype=object), 'from': array([0], dtype=int16), 'to': array([0], dtype=int16)}"
1053,Adjust the sensitivity since it's not that responsive to begin with.,"{'term': array(['sensitivity'], dtype=object), 'polarity': array(['negative'], dtype=object), 'from': array([11], dtype=int16), 'to': array([22], dtype=int16)}"
593,"After a couple of years, my battery life began to diminish but was replaced for free due to a company-wide recall of my particular battery.","{'term': array(['battery life', 'battery'], dtype=object), 'polarity': array(['conflict', 'negative'], dtype=object), 'from': array([ 28, 131], dtype=int16), 'to': array([ 40, 138], dtype=int16)}"
354,"The system constantly overheats, the battery life is too short, the case is coming apart, and my core applications that I use every day in my work as a graphic artist run poorly.","{'term': array(['battery life', 'case', 'core applications', 'system'],
      dtype=object), 'polarity': array(['negative', 'negative', 'negative', 'negative'], dtype=object), 'from': array([37, 68, 97,  4], dtype=int16), 'to': array([ 49,  72, 114,  10], dtype=int16)}"
65,I would never buy a Dell again.,"{'term': array([''], dtype=object), 'polarity': array([''], dtype=object), 'from': array([0], dtype=int16), 'to': array([0], dtype=int16)}"
2010,  Later it held zero charge and its replacement worked for less than three months.,"{'term': array(['charge'], dtype=object), 'polarity': array(['negative'], dtype=object), 'from': array([21], dtype=int16), 'to': array([27], dtype=int16)}"
950,  The company sent me a whole new cord overnight and apologized.,"{'term': array(['cord'], dtype=object), 'polarity': array(['positive'], dtype=object), 'from': array([34], dtype=int16), 'to': array([38], dtype=int16)}"
2761,It's even easy to hook up to other wireless networks.,"{'term': array(['hook up to other wireless networks'], dtype=object), 'polarity': array(['positive'], dtype=object), 'from': array([18], dtype=int16), 'to': array([52], dtype=int16)}"
822,"  Also, I have had alot of trouble with the shift key to go to other lines.","{'term': array(['shift key'], dtype=object), 'polarity': array(['negative'], dtype=object), 'from': array([44], dtype=int16), 'to': array([53], dtype=int16)}"
771,"The rep did not even answer my question, I had to ask him, if he understood what I ask or if he spoke english because he didn't even try to acknowledge my question.","{'term': array(['rep'], dtype=object), 'polarity': array(['negative'], dtype=object), 'from': array([4], dtype=int16), 'to': array([7], dtype=int16)}"
1642,I am now frustrated that I still have to use my work issued Windows laptop!,"{'term': array([''], dtype=object), 'polarity': array([''], dtype=object), 'from': array([0], dtype=int16), 'to': array([0], dtype=int16)}"
577,It gives me the power and speed that I need to run all the programs I use to edit.,"{'term': array(['power', 'speed', 'programs'], dtype=object), 'polarity': array(['positive', 'positive', 'neutral'], dtype=object), 'from': array([16, 26, 59], dtype=int16), 'to': array([21, 31, 67], dtype=int16)}"
2247,iLife is easily compatible with Microsoft Office so you can send and receive files from a PC.,"{'term': array(['iLife', 'Microsoft Office'], dtype=object), 'polarity': array(['positive', 'neutral'], dtype=object), 'from': array([ 0, 32], dtype=int16), 'to': array([ 5, 48], dtype=int16)}"
1523,They don't crash.,"{'term': array([''], dtype=object), 'polarity': array([''], dtype=object), 'from': array([0], dtype=int16), 'to': array([0], dtype=int16)}"
2267,"As a computer science student in college, I find that the portability, longevity, and ease of use of this computer make me (shockingly) want to do homework more;","{'term': array(['portability', 'longevity', 'use'], dtype=object), 'polarity': array(['positive', 'positive', 'positive'], dtype=object), 'from': array([58, 71, 94], dtype=int16), 'to': array([69, 80, 97], dtype=int16)}"
252,"This Notebook restarts every time there is a new update, so if you don't save your files and information, everything will be lost.","{'term': array([''], dtype=object), 'polarity': array([''], dtype=object), 'from': array([0], dtype=int16), 'to': array([0], dtype=int16)}"
683,I love this little one.,"{'term': array([''], dtype=object), 'polarity': array([''], dtype=object), 'from': array([0], dtype=int16), 'to': array([0], dtype=int16)}"
1932,So not having my laptop was discouraging.,"{'term': array([''], dtype=object), 'polarity': array([''], dtype=object), 'from': array([0], dtype=int16), 'to': array([0], dtype=int16)}"
601,"I fine Apple MC373LL/A 2.66GHz 15"" Macboook Pro Notebook meets all my needs for a laptop computer when on the go.","{'term': array([''], dtype=object), 'polarity': array([''], dtype=object), 'from': array([0], dtype=int16), 'to': array([0], dtype=int16)}"
945,  Again I sent it back and they replaced the motherboard and some fan inside.,"{'term': array(['motherboard', 'fan'], dtype=object), 'polarity': array(['neutral', 'neutral'], dtype=object), 'from': array([45, 66], dtype=int16), 'to': array([56, 69], dtype=int16)}"
2160,"Fully charged, the MacBook Pro can last about five hours unplugged.","{'term': array(['charged'], dtype=object), 'polarity': array(['positive'], dtype=object), 'from': array([6], dtype=int16), 'to': array([13], dtype=int16)}"
1501,It was a hard decision for me since the MacBook Pro looked so appealing.,"{'term': array([''], dtype=object), 'polarity': array([''], dtype=object), 'from': array([0], dtype=int16), 'to': array([0], dtype=int16)}"
1333,"1st hand experience is very important, especially for a new customer.","{'term': array([''], dtype=object), 'polarity': array([''], dtype=object), 'from': array([0], dtype=int16), 'to': array([0], dtype=int16)}"
2222,I especially appreciate the fact that it has almost zero viruses and spyware problems!,"{'term': array([''], dtype=object), 'polarity': array([''], dtype=object), 'from': array([0], dtype=int16), 'to': array([0], dtype=int16)}"
2254,"Even though it is much more expensive than many PC laptops, it is worth the price.","{'term': array(['price'], dtype=object), 'polarity': array(['conflict'], dtype=object), 'from': array([76], dtype=int16), 'to': array([81], dtype=int16)}"
290,"I know there are way better laptops out there for the same price, and why spend money on shit when you can go out and get yourself a perfectly decent laptop that doesnt suck total monkey balls.","{'term': array(['price'], dtype=object), 'polarity': array(['neutral'], dtype=object), 'from': array([59], dtype=int16), 'to': array([64], dtype=int16)}"
1467,"For me, keys were starting to get stuck and wouldn't type very well.","{'term': array(['keys'], dtype=object), 'polarity': array(['negative'], dtype=object), 'from': array([8], dtype=int16), 'to': array([12], dtype=int16)}"
856,"  I don't like this company nor the toshiba brand, and I'll never  buy another one because I've put more into it then it is worth.","{'term': array([''], dtype=object), 'polarity': array([''], dtype=object), 'from': array([0], dtype=int16), 'to': array([0], dtype=int16)}"
608,can't reinstall with standard os cd because of proprietary hardware drivers.,"{'term': array(['standard os cd', 'proprietary hardware drivers'], dtype=object), 'polarity': array(['negative', 'negative'], dtype=object), 'from': array([21, 47], dtype=int16), 'to': array([35, 75], dtype=int16)}"
1335,"However, this will be my last as well.","{'term': array([''], dtype=object), 'polarity': array([''], dtype=object), 'from': array([0], dtype=int16), 'to': array([0], dtype=int16)}"
255,"There is a small red circle next to it with a x in the middle, and when I click on it it says: "" Consider replacing your battery"" and it does not hold full charge.","{'term': array(['battery', 'charge'], dtype=object), 'polarity': array(['neutral', 'negative'], dtype=object), 'from': array([121, 156], dtype=int16), 'to': array([128, 162], dtype=int16)}"
1305,"SO? HOW CAN YOU SOLVE IT? C'mon, I just bought the netbook 2 weeks ago.","{'term': array([''], dtype=object), 'polarity': array([''], dtype=object), 'from': array([0], dtype=int16), 'to': array([0], dtype=int16)}"
395,The computer was two weeks late in delivery because HP forgot to complete the required import paperwork.,"{'term': array(['delivery'], dtype=object), 'polarity': array(['negative'], dtype=object), 'from': array([35], dtype=int16), 'to': array([43], dtype=int16)}"
1815,"If you're looking for a great laptop, you've found the best here.","{'term': array([''], dtype=object), 'polarity': array([''], dtype=object), 'from': array([0], dtype=int16), 'to': array([0], dtype=int16)}"
1104,The first programm I switched on was a game for my children.,"{'term': array(['programm'], dtype=object), 'polarity': array(['neutral'], dtype=object), 'from': array([10], dtype=int16), 'to': array([18], dtype=int16)}"
2922,I have been very pleased with the performance of this laptop.,"{'term': array(['performance'], dtype=object), 'polarity': array(['positive'], dtype=object), 'from': array([34], dtype=int16), 'to': array([45], dtype=int16)}"
1821,I have had my MacBook for almost 6 months and can honestly say that I will NEVER buy another computer if it is not a Mac.,"{'term': array([''], dtype=object), 'polarity': array([''], dtype=object), 'from': array([0], dtype=int16), 'to': array([0], dtype=int16)}"
689,I've always owned a PC and decided to try a MacBook to see what it's all about.,"{'term': array([''], dtype=object), 'polarity': array([''], dtype=object), 'from': array([0], dtype=int16), 'to': array([0], dtype=int16)}"
1200,On two occasions the computer s calendar told me it was 1969.,"{'term': array([''], dtype=object), 'polarity': array([''], dtype=object), 'from': array([0], dtype=int16), 'to': array([0], dtype=int16)}"
2398,"I bought it for my mom and she reports that the battery life lasts all day for her, it's very lightweight, and the response for the computing she's doing (Internet focused activity: mail, research, etc.) is excellent;","{'term': array(['battery life', 'response', 'Internet focused activity'],
      dtype=object), 'polarity': array(['positive', 'positive', 'neutral'], dtype=object), 'from': array([ 48, 115, 155], dtype=int16), 'to': array([ 60, 123, 180], dtype=int16)}"
2581,Its very nice and once you learn the features you will be so happy to have such a sophisticated computer.,"{'term': array(['features'], dtype=object), 'polarity': array(['neutral'], dtype=object), 'from': array([37], dtype=int16), 'to': array([45], dtype=int16)}"
2361,"Overall, this is a wonderful computer and definitly worth the purchase!","{'term': array([''], dtype=object), 'polarity': array([''], dtype=object), 'from': array([0], dtype=int16), 'to': array([0], dtype=int16)}"
487,It came alot faster than I thought it would have which was really exciting.,"{'term': array([''], dtype=object), 'polarity': array([''], dtype=object), 'from': array([0], dtype=int16), 'to': array([0], dtype=int16)}"
801,"Then to make matters worst, there is noone that they can transfer you to.","{'term': array([''], dtype=object), 'polarity': array([''], dtype=object), 'from': array([0], dtype=int16), 'to': array([0], dtype=int16)}"
1766,It is sleek and lightweight and charges quickly when needed.,"{'term': array(['charges'], dtype=object), 'polarity': array(['positive'], dtype=object), 'from': array([32], dtype=int16), 'to': array([39], dtype=int16)}"
2236,"also you may need to charge it once a day, if for medium use every thing fast and easy with mac  the size and look is the most feature that attracted me to it.","{'term': array(['size', 'look', 'feature', 'charge'], dtype=object), 'polarity': array(['positive', 'positive', 'positive', 'neutral'], dtype=object), 'from': array([101, 110, 127,  21], dtype=int16), 'to': array([105, 114, 134,  27], dtype=int16)}"
323,But if you are in the computer field you probably wouldn't be here.,"{'term': array([''], dtype=object), 'polarity': array([''], dtype=object), 'from': array([0], dtype=int16), 'to': array([0], dtype=int16)}"
1518,The great 18 month same as cash financing and Advance Protection Plan which includes accidents like spills .,"{'term': array([''], dtype=object), 'polarity': array([''], dtype=object), 'from': array([0], dtype=int16), 'to': array([0], dtype=int16)}"
1965,I could not handle it one hand like I can the replacement computer I purchased.,"{'term': array([''], dtype=object), 'polarity': array([''], dtype=object), 'from': array([0], dtype=int16), 'to': array([0], dtype=int16)}"
294,The new Macbook Pro 15 inch i7 is nothing short of amazing.,"{'term': array([''], dtype=object), 'polarity': array([''], dtype=object), 'from': array([0], dtype=int16), 'to': array([0], dtype=int16)}"
2136,"i would never go back any more, i love this computer so much and i would recommend it to everyone.","{'term': array([''], dtype=object), 'polarity': array([''], dtype=object), 'from': array([0], dtype=int16), 'to': array([0], dtype=int16)}"
646,"they respond: ""your dissatisfaction is noted""...","{'term': array([''], dtype=object), 'polarity': array([''], dtype=object), 'from': array([0], dtype=int16), 'to': array([0], dtype=int16)}"
28,I was even able to uninstall McAffe and install one of my Symantec licenses with a no issues whatsoever.,"{'term': array([''], dtype=object), 'polarity': array([''], dtype=object), 'from': array([0], dtype=int16), 'to': array([0], dtype=int16)}"
1717,( The iBook backup also uses a firewire connection).,"{'term': array(['iBook backup', 'firewire connectio'], dtype=object), 'polarity': array(['neutral', 'neutral'], dtype=object), 'from': array([ 6, 31], dtype=int16), 'to': array([18, 49], dtype=int16)}"
2766,"I did think it had a camera because that was one of my requirements, but forgot to check in the specifications on this one before I purchased.","{'term': array(['camera', 'specifications'], dtype=object), 'polarity': array(['neutral', 'neutral'], dtype=object), 'from': array([21, 96], dtype=int16), 'to': array([ 27, 110], dtype=int16)}"
448,Also the display is exceptional!,"{'term': array(['display'], dtype=object), 'polarity': array(['positive'], dtype=object), 'from': array([9], dtype=int16), 'to': array([16], dtype=int16)}"
2681,This is still a fairly good upgrade to a laptop that was about 4 years old.,"{'term': array([''], dtype=object), 'polarity': array([''], dtype=object), 'from': array([0], dtype=int16), 'to': array([0], dtype=int16)}"
1225,The computer was shipped to their repair depot  on june 24 and returned on July 2 seems like a short turn around time except the computer was not repaired when it was returned.,"{'term': array(['repair depot'], dtype=object), 'polarity': array(['neutral'], dtype=object), 'from': array([34], dtype=int16), 'to': array([46], dtype=int16)}"
2277,This is basically the best laptop I have ever had or used.,"{'term': array([''], dtype=object), 'polarity': array([''], dtype=object), 'from': array([0], dtype=int16), 'to': array([0], dtype=int16)}"
1077,(3DMARK6 score is only 8500).,"{'term': array([''], dtype=object), 'polarity': array([''], dtype=object), 'from': array([0], dtype=int16), 'to': array([0], dtype=int16)}"
2885,I tell everyone I see out looking to get this or another Toshiba.,"{'term': array([''], dtype=object), 'polarity': array([''], dtype=object), 'from': array([0], dtype=int16), 'to': array([0], dtype=int16)}"
2287,"So honestly, I wasn't expecting anything less than perfection, and I wasn't disappointed.","{'term': array([''], dtype=object), 'polarity': array([''], dtype=object), 'from': array([0], dtype=int16), 'to': array([0], dtype=int16)}"
207,Learning all of the keyboard shortcuts only took a few minutes to get used to as some of the shortcuts are the same on Windows machines.,"{'term': array(['keyboard shortcuts', 'shortcuts'], dtype=object), 'polarity': array(['positive', 'neutral'], dtype=object), 'from': array([20, 93], dtype=int16), 'to': array([ 38, 102], dtype=int16)}"
1664,My friends are in awe every time they come over!,"{'term': array([''], dtype=object), 'polarity': array([''], dtype=object), 'from': array([0], dtype=int16), 'to': array([0], dtype=int16)}"
2805,little short on RAM but you get what you pay for.,"{'term': array(['RAM'], dtype=object), 'polarity': array(['negative'], dtype=object), 'from': array([16], dtype=int16), 'to': array([19], dtype=int16)}"
1819,"It didn't come with any software installed outside of windows media, but for the price, I was very pleased with the condition and the overall product.","{'term': array(['software', 'windows media', 'price'], dtype=object), 'polarity': array(['negative', 'neutral', 'positive'], dtype=object), 'from': array([24, 54, 81], dtype=int16), 'to': array([32, 67, 86], dtype=int16)}"
3013,"The first one I had was a 2006 model, not the Pro.","{'term': array([''], dtype=object), 'polarity': array([''], dtype=object), 'from': array([0], dtype=int16), 'to': array([0], dtype=int16)}"
904,"THEN, one month after the warranty expired, the replacement charger went.","{'term': array(['warranty', 'replacement charger'], dtype=object), 'polarity': array(['neutral', 'negative'], dtype=object), 'from': array([26, 48], dtype=int16), 'to': array([34, 67], dtype=int16)}"
1624,2nd Mac book I have purchased from MacConnection.,"{'term': array([''], dtype=object), 'polarity': array([''], dtype=object), 'from': array([0], dtype=int16), 'to': array([0], dtype=int16)}"
2093,"I love a ""pc"" but I was ready for a change and tired of the windows system.","{'term': array(['windows system'], dtype=object), 'polarity': array(['negative'], dtype=object), 'from': array([60], dtype=int16), 'to': array([74], dtype=int16)}"
890,"Your cursor will end up all over the freaking place,,,it's not uncommon for me to accidentally delete words, sentences, paragraphs because of this mousepad.","{'term': array(['cursor', 'mousepad'], dtype=object), 'polarity': array(['negative', 'negative'], dtype=object), 'from': array([  5, 147], dtype=int16), 'to': array([ 11, 155], dtype=int16)}"
722,"Other installed features, such as certain printer software, are also most attractive.","{'term': array(['features', 'printer software'], dtype=object), 'polarity': array(['positive', 'positive'], dtype=object), 'from': array([16, 42], dtype=int16), 'to': array([24, 58], dtype=int16)}"
3066,I normally dont participate in reviews/surveys but this laptop has not given me any problems and hope to share my thoughts...,"{'term': array([''], dtype=object), 'polarity': array([''], dtype=object), 'from': array([0], dtype=int16), 'to': array([0], dtype=int16)}"
2432,Most of the large bags are for a 17 inch.,"{'term': array([''], dtype=object), 'polarity': array([''], dtype=object), 'from': array([0], dtype=int16), 'to': array([0], dtype=int16)}"
575,"I work in film editing and post production, so I need a laptop that not only has power, but memory and speed as well.","{'term': array(['power', 'memory', 'speed'], dtype=object), 'polarity': array(['neutral', 'neutral', 'neutral'], dtype=object), 'from': array([ 81,  92, 103], dtype=int16), 'to': array([ 86,  98, 108], dtype=int16)}"
1629,"I took it home and within 30 min, it was freezing up and did the ""blue screen of death"".","{'term': array([''], dtype=object), 'polarity': array([''], dtype=object), 'from': array([0], dtype=int16), 'to': array([0], dtype=int16)}"
898,"At first when I got this product, I loved it.","{'term': array([''], dtype=object), 'polarity': array([''], dtype=object), 'from': array([0], dtype=int16), 'to': array([0], dtype=int16)}"
281,I think this computer is super lame.,"{'term': array([''], dtype=object), 'polarity': array([''], dtype=object), 'from': array([0], dtype=int16), 'to': array([0], dtype=int16)}"
494,"It had a seventeen inch screen which I wanted, but I didn't realize at the time it would be such a monster!","{'term': array(['seventeen inch screen'], dtype=object), 'polarity': array(['conflict'], dtype=object), 'from': array([9], dtype=int16), 'to': array([30], dtype=int16)}"
1310,"Even doing so, the hinge may just be slightly tightened only.","{'term': array(['hinge'], dtype=object), 'polarity': array(['neutral'], dtype=object), 'from': array([19], dtype=int16), 'to': array([24], dtype=int16)}"
1570,"company provides UPS shipping, fast, great!","{'term': array(['shipping'], dtype=object), 'polarity': array(['positive'], dtype=object), 'from': array([21], dtype=int16), 'to': array([29], dtype=int16)}"
1020,I would tell the technician I knew exactly what was wrong with it but they did not listen and I had to go through a bunch of junk to get them to tell me I needed to send the computer in.,"{'term': array(['technician'], dtype=object), 'polarity': array(['negative'], dtype=object), 'from': array([17], dtype=int16), 'to': array([27], dtype=int16)}"
1559,THIS is what a laptop is supposed to be.,"{'term': array([''], dtype=object), 'polarity': array([''], dtype=object), 'from': array([0], dtype=int16), 'to': array([0], dtype=int16)}"
982,"  Then I've fixed the DC jack (inside the unit), rewired the DC jack to the OUTside of the laptop, replaced the power brick.","{'term': array(['DC jack', 'DC jack', 'power brick'], dtype=object), 'polarity': array(['neutral', 'neutral', 'neutral'], dtype=object), 'from': array([ 22,  61, 112], dtype=int16), 'to': array([ 29,  68, 123], dtype=int16)}"
2983,I purchased two laptops (for my husband and 16 year old daughter).,"{'term': array([''], dtype=object), 'polarity': array([''], dtype=object), 'from': array([0], dtype=int16), 'to': array([0], dtype=int16)}"
528,More relieved than anything.,"{'term': array([''], dtype=object), 'polarity': array([''], dtype=object), 'from': array([0], dtype=int16), 'to': array([0], dtype=int16)}"
1783,"It is easy to use, has great screen quality, and every so light weight.","{'term': array(['screen quality', 'use'], dtype=object), 'polarity': array(['positive', 'positive'], dtype=object), 'from': array([29, 14], dtype=int16), 'to': array([43, 17], dtype=int16)}"
2090,"Great product, very easy to use and great graphics.","{'term': array(['graphics', 'use'], dtype=object), 'polarity': array(['positive', 'positive'], dtype=object), 'from': array([42, 28], dtype=int16), 'to': array([50, 31], dtype=int16)}"
545,Summary: Spend your money elsewhere,"{'term': array([''], dtype=object), 'polarity': array([''], dtype=object), 'from': array([0], dtype=int16), 'to': array([0], dtype=int16)}"
564,believe me apple has a reputation.,"{'term': array([''], dtype=object), 'polarity': array([''], dtype=object), 'from': array([0], dtype=int16), 'to': array([0], dtype=int16)}"
597,The iLife software that comes with the computer is so simple to use and produces a great finished product.,"{'term': array(['iLife software', 'use'], dtype=object), 'polarity': array(['positive', 'positive'], dtype=object), 'from': array([ 4, 64], dtype=int16), 'to': array([18, 67], dtype=int16)}"
454,The built-in webcam is great for Skype and similar video-chat services.,"{'term': array(['built-in webcam'], dtype=object), 'polarity': array(['positive'], dtype=object), 'from': array([4], dtype=int16), 'to': array([19], dtype=int16)}"
1321,The shop will definitely push the problem to the service center.,"{'term': array(['service center'], dtype=object), 'polarity': array(['neutral'], dtype=object), 'from': array([49], dtype=int16), 'to': array([63], dtype=int16)}"
2507,"PC users work in Word, while Mac users work in Pages.","{'term': array(['Word', 'Pages'], dtype=object), 'polarity': array(['neutral', 'neutral'], dtype=object), 'from': array([17, 47], dtype=int16), 'to': array([21, 52], dtype=int16)}"
370,"I am able to organize my pics, music and files easily.","{'term': array([''], dtype=object), 'polarity': array([''], dtype=object), 'from': array([0], dtype=int16), 'to': array([0], dtype=int16)}"
84,"While I mostly use it for email, internet and gaming, I'm confident all other applications live up to the high standard I've come to appreciate from Mac laptops.","{'term': array(['applications', 'internet', 'gaming'], dtype=object), 'polarity': array(['positive', 'neutral', 'neutral'], dtype=object), 'from': array([78, 33, 46], dtype=int16), 'to': array([90, 41, 52], dtype=int16)}"
2058,I've been having endless problems since I bought the computer - only 1 month ago,"{'term': array([''], dtype=object), 'polarity': array([''], dtype=object), 'from': array([0], dtype=int16), 'to': array([0], dtype=int16)}"
742,The perfect notebook...,"{'term': array([''], dtype=object), 'polarity': array([''], dtype=object), 'from': array([0], dtype=int16), 'to': array([0], dtype=int16)}"
834,"This laptop looks great on the surface: 17"" inch screen, good  price-point, nice appearance, boots up quickly, runs fast etc.","{'term': array(['17"" inch screen', 'price-point', 'appearance', 'boots up', 'runs'],
      dtype=object), 'polarity': array(['positive', 'positive', 'positive', 'positive', 'positive'],
      dtype=object), 'from': array([ 40,  63,  81,  93, 111], dtype=int16), 'to': array([ 55,  74,  91, 101, 115], dtype=int16)}"
1449,"The apple systems are over priced luxurys that arn't worth what they are being charged for, this model's specifications are far from being impressive and they only thing you get out of this is the apple name.","{'term': array(['specifications', 'over priced'], dtype=object), 'polarity': array(['negative', 'negative'], dtype=object), 'from': array([105,  22], dtype=int16), 'to': array([119,  33], dtype=int16)}"
576,My mac laptop is fabulous in both areas.,"{'term': array([''], dtype=object), 'polarity': array([''], dtype=object), 'from': array([0], dtype=int16), 'to': array([0], dtype=int16)}"
566,pros:  the macbook pro notebook has a large battery life and you wont have to worry to charge your laptop every five hours or so.,"{'term': array(['battery life'], dtype=object), 'polarity': array(['positive'], dtype=object), 'from': array([44], dtype=int16), 'to': array([56], dtype=int16)}"
598,I highly recommend this product!,"{'term': array([''], dtype=object), 'polarity': array([''], dtype=object), 'from': array([0], dtype=int16), 'to': array([0], dtype=int16)}"
983,Disappointing for such a lovely screen and at a reasonable price,"{'term': array(['screen', 'price'], dtype=object), 'polarity': array(['positive', 'positive'], dtype=object), 'from': array([32, 59], dtype=int16), 'to': array([38, 64], dtype=int16)}"
1421,"So far, it's an average laptop - no better, no worse than the HP I replaced.","{'term': array([''], dtype=object), 'polarity': array([''], dtype=object), 'from': array([0], dtype=int16), 'to': array([0], dtype=int16)}"
2975,The only bad thing about it is they give you the worst batteries possible.,"{'term': array(['batteries'], dtype=object), 'polarity': array(['negative'], dtype=object), 'from': array([55], dtype=int16), 'to': array([64], dtype=int16)}"
2684,Good price.,"{'term': array(['price'], dtype=object), 'polarity': array(['positive'], dtype=object), 'from': array([5], dtype=int16), 'to': array([10], dtype=int16)}"
918, THE MOTHERBOARD IS DEAD !,"{'term': array(['MOTHERBOARD'], dtype=object), 'polarity': array(['negative'], dtype=object), 'from': array([5], dtype=int16), 'to': array([16], dtype=int16)}"
1628,I wanted to spend around $700 to $800 so I was directed to a nice looking HP Laptop.,"{'term': array([''], dtype=object), 'polarity': array([''], dtype=object), 'from': array([0], dtype=int16), 'to': array([0], dtype=int16)}"
2144,the speed is fine.,"{'term': array(['speed'], dtype=object), 'polarity': array(['positive'], dtype=object), 'from': array([4], dtype=int16), 'to': array([9], dtype=int16)}"
1298,I was starting to boil.,"{'term': array([''], dtype=object), 'polarity': array([''], dtype=object), 'from': array([0], dtype=int16), 'to': array([0], dtype=int16)}"
1361,Hmmm - that high failure rate sure isn't reflected in the retail price.,"{'term': array(['retail price'], dtype=object), 'polarity': array(['negative'], dtype=object), 'from': array([58], dtype=int16), 'to': array([70], dtype=int16)}"
748,BAck she goes!,"{'term': array([''], dtype=object), 'polarity': array([''], dtype=object), 'from': array([0], dtype=int16), 'to': array([0], dtype=int16)}"
2784,"It was not clear that the Microsoft Student Edition that was loaded on the computer, was a six month trial.","{'term': array(['Microsoft Student Edition'], dtype=object), 'polarity': array(['negative'], dtype=object), 'from': array([26], dtype=int16), 'to': array([51], dtype=int16)}"
794,not the day received.,"{'term': array([''], dtype=object), 'polarity': array([''], dtype=object), 'from': array([0], dtype=int16), 'to': array([0], dtype=int16)}"
1805,Good for every day computing and web browsing.,"{'term': array(['web browsing', 'every day computing'], dtype=object), 'polarity': array(['positive', 'positive'], dtype=object), 'from': array([33,  9], dtype=int16), 'to': array([45, 28], dtype=int16)}"
2597,"While lacking some of the functions of the other versions, this was very acceptable for the uses planned for this computer.","{'term': array(['functions'], dtype=object), 'polarity': array(['conflict'], dtype=object), 'from': array([26], dtype=int16), 'to': array([35], dtype=int16)}"
821,"  Also, I have had alot of trouble with the keys sticking and will not type correctly.","{'term': array(['keys'], dtype=object), 'polarity': array(['negative'], dtype=object), 'from': array([44], dtype=int16), 'to': array([48], dtype=int16)}"
1027,It still seems to be a little lose now but so far seems to be hanging in there.,"{'term': array([''], dtype=object), 'polarity': array([''], dtype=object), 'from': array([0], dtype=int16), 'to': array([0], dtype=int16)}"
1737,It is by far one of the greatest investments I have ever made.,"{'term': array([''], dtype=object), 'polarity': array([''], dtype=object), 'from': array([0], dtype=int16), 'to': array([0], dtype=int16)}"
364,If you are a PC user looking to convert I would HIGHLY recommend it!,"{'term': array([''], dtype=object), 'polarity': array([''], dtype=object), 'from': array([0], dtype=int16), 'to': array([0], dtype=int16)}"
441,Excellent LED monitor and well equipped.,"{'term': array(['LED monitor'], dtype=object), 'polarity': array(['positive'], dtype=object), 'from': array([10], dtype=int16), 'to': array([21], dtype=int16)}"
1913,  This process continued to repeat itself until the mother board had been replaced 4 times and the hard drive replaced 3 times.,"{'term': array(['mother board', 'hard drive'], dtype=object), 'polarity': array(['negative', 'negative'], dtype=object), 'from': array([52, 99], dtype=int16), 'to': array([ 64, 109], dtype=int16)}"
1793,"Without a doubt, the *design* of this laptop is fantastic.","{'term': array(['design'], dtype=object), 'polarity': array(['positive'], dtype=object), 'from': array([22], dtype=int16), 'to': array([28], dtype=int16)}"
378,I couldn't believe how long the battery lasted on a single charge.,"{'term': array(['battery', 'charge'], dtype=object), 'polarity': array(['positive', 'positive'], dtype=object), 'from': array([32, 59], dtype=int16), 'to': array([39, 65], dtype=int16)}"
1412,I could save ten essay papers and have hardly any memory left.,"{'term': array(['memory'], dtype=object), 'polarity': array(['negative'], dtype=object), 'from': array([50], dtype=int16), 'to': array([56], dtype=int16)}"
304,I've had my Macbook Pro since August 2009.,"{'term': array([''], dtype=object), 'polarity': array([''], dtype=object), 'from': array([0], dtype=int16), 'to': array([0], dtype=int16)}"
473,"Unfortunately, the laptop I purchased was also a Dell and again, I have to say i hated it.","{'term': array([''], dtype=object), 'polarity': array([''], dtype=object), 'from': array([0], dtype=int16), 'to': array([0], dtype=int16)}"
2678,Took a while to clean it up to my specs.,"{'term': array([''], dtype=object), 'polarity': array([''], dtype=object), 'from': array([0], dtype=int16), 'to': array([0], dtype=int16)}"
1677,They are so realistic I am just speechless.,"{'term': array([''], dtype=object), 'polarity': array([''], dtype=object), 'from': array([0], dtype=int16), 'to': array([0], dtype=int16)}"
2963,"Other than that, I would recommend this to someone in need of a cheap laptop with semi-decent gaming capabilities.","{'term': array(['gaming'], dtype=object), 'polarity': array(['positive'], dtype=object), 'from': array([94], dtype=int16), 'to': array([100], dtype=int16)}"
568,"This is the first time that I tried and owning a netbook although I have used 3 different laptops in the past 10 years, I find not much difference except of course for the screen size.","{'term': array(['screen size'], dtype=object), 'polarity': array(['neutral'], dtype=object), 'from': array([172], dtype=int16), 'to': array([183], dtype=int16)}"
1202,But the biggest pain is that tech support is not available 24/7.,"{'term': array(['tech support'], dtype=object), 'polarity': array(['negative'], dtype=object), 'from': array([29], dtype=int16), 'to': array([41], dtype=int16)}"
1829,There are differences that you need to know and take time to learn.,"{'term': array([''], dtype=object), 'polarity': array([''], dtype=object), 'from': array([0], dtype=int16), 'to': array([0], dtype=int16)}"
1944,They have more problems then a 1980's computer.,"{'term': array([''], dtype=object), 'polarity': array([''], dtype=object), 'from': array([0], dtype=int16), 'to': array([0], dtype=int16)}"
1579,It is amazing.,"{'term': array([''], dtype=object), 'polarity': array([''], dtype=object), 'from': array([0], dtype=int16), 'to': array([0], dtype=int16)}"
1220,"Needless to say, not to happy with the product.","{'term': array([''], dtype=object), 'polarity': array([''], dtype=object), 'from': array([0], dtype=int16), 'to': array([0], dtype=int16)}"
1679,The cool thing about this is anyone can use it.,"{'term': array([''], dtype=object), 'polarity': array([''], dtype=object), 'from': array([0], dtype=int16), 'to': array([0], dtype=int16)}"
1463,My first laptop was an Acer that I got for Christmas.,"{'term': array([''], dtype=object), 'polarity': array([''], dtype=object), 'from': array([0], dtype=int16), 'to': array([0], dtype=int16)}"
339,"Still, this laptop is perfect for all day use at school and work.","{'term': array([''], dtype=object), 'polarity': array([''], dtype=object), 'from': array([0], dtype=int16), 'to': array([0], dtype=int16)}"
562,the internet can be an scary place its up to you on what you do with it.,"{'term': array([''], dtype=object), 'polarity': array([''], dtype=object), 'from': array([0], dtype=int16), 'to': array([0], dtype=int16)}"
1491,The backlit keys are wonderful when you are working in the dark.,"{'term': array(['backlit keys'], dtype=object), 'polarity': array(['positive'], dtype=object), 'from': array([4], dtype=int16), 'to': array([16], dtype=int16)}"
1171,"I chose the iBookG4, a laptop that is an attractive computer with a large screen big enough to please anyone.","{'term': array(['screen'], dtype=object), 'polarity': array(['positive'], dtype=object), 'from': array([74], dtype=int16), 'to': array([80], dtype=int16)}"
1727,"The most recent being that my Safari internet browser is freaking out on me, but I have just been using firefox instead.","{'term': array(['Safari internet browser', 'firefox'], dtype=object), 'polarity': array(['negative', 'positive'], dtype=object), 'from': array([ 30, 104], dtype=int16), 'to': array([ 53, 111], dtype=int16)}"
181,I would  say if you want to buy one of these machines be careful.,"{'term': array([''], dtype=object), 'polarity': array([''], dtype=object), 'from': array([0], dtype=int16), 'to': array([0], dtype=int16)}"
2503,"Everything about the Mac is not only visually appealing, but very easy to use.","{'term': array(['use'], dtype=object), 'polarity': array(['positive'], dtype=object), 'from': array([74], dtype=int16), 'to': array([77], dtype=int16)}"
3031,I know what 7 hrs of battery looks like.,"{'term': array(['battery'], dtype=object), 'polarity': array(['positive'], dtype=object), 'from': array([21], dtype=int16), 'to': array([28], dtype=int16)}"
1516,The Macbooks worth every penny.,"{'term': array([''], dtype=object), 'polarity': array([''], dtype=object), 'from': array([0], dtype=int16), 'to': array([0], dtype=int16)}"
2970,I did not have to call the support line at all.,"{'term': array(['support line'], dtype=object), 'polarity': array(['neutral'], dtype=object), 'from': array([27], dtype=int16), 'to': array([39], dtype=int16)}"
1483,The laptop is outstanding in all aspects except that it has the Windows 7 starter and not the full Windows 7.,"{'term': array(['Windows 7 starter', 'Windows 7'], dtype=object), 'polarity': array(['negative', 'positive'], dtype=object), 'from': array([64, 99], dtype=int16), 'to': array([ 81, 108], dtype=int16)}"
1084,THE FIRST PROBLEM IS THAT THE KEYBOARD FUNCTION IS SIMPLY UNSATISFACTORY.,"{'term': array(['KEYBOARD FUNCTION'], dtype=object), 'polarity': array(['negative'], dtype=object), 'from': array([30], dtype=int16), 'to': array([47], dtype=int16)}"
120,"The DVD drive randomly pops open when it is in my backpack as well, which is annoying.","{'term': array(['DVD drive'], dtype=object), 'polarity': array(['negative'], dtype=object), 'from': array([4], dtype=int16), 'to': array([13], dtype=int16)}"
1658,"Garageband is more for the musicians, and the laptop is equipped with a good working microphone, good enough for beginners and musicians at the intermediate level.","{'term': array(['Garageband', 'microphone'], dtype=object), 'polarity': array(['neutral', 'positive'], dtype=object), 'from': array([ 0, 85], dtype=int16), 'to': array([10, 95], dtype=int16)}"
3004,I dual boot with Linux and that other security-prone OS and it performs flawlessly.,"{'term': array(['Linux', 'security-prone OS', 'performs'], dtype=object), 'polarity': array(['neutral', 'neutral', 'positive'], dtype=object), 'from': array([17, 38, 63], dtype=int16), 'to': array([22, 55, 71], dtype=int16)}"
2894,The difference is the Toshiba had a lot more memory and hard drive space.,"{'term': array(['memory', 'hard drive space'], dtype=object), 'polarity': array(['positive', 'positive'], dtype=object), 'from': array([45, 56], dtype=int16), 'to': array([51, 72], dtype=int16)}"
1448,"But if you can't make your product last more than a year, you will not get my business again.","{'term': array([''], dtype=object), 'polarity': array([''], dtype=object), 'from': array([0], dtype=int16), 'to': array([0], dtype=int16)}"
1716,There was a little difficulty doing the migration as the firewire cable system can't be used with the iBook.,"{'term': array(['firewire cable system', 'iBook'], dtype=object), 'polarity': array(['negative', 'neutral'], dtype=object), 'from': array([ 57, 102], dtype=int16), 'to': array([ 78, 107], dtype=int16)}"
2734,Seems like maybe a bad shipment from Toshiba.,"{'term': array(['shipment'], dtype=object), 'polarity': array(['negative'], dtype=object), 'from': array([23], dtype=int16), 'to': array([31], dtype=int16)}"
257,Don't waste your money!,"{'term': array([''], dtype=object), 'polarity': array([''], dtype=object), 'from': array([0], dtype=int16), 'to': array([0], dtype=int16)}"
176,Currently if I use the laptop I can't sit it on my lap because it will burn my legs.,"{'term': array([''], dtype=object), 'polarity': array([''], dtype=object), 'from': array([0], dtype=int16), 'to': array([0], dtype=int16)}"
632,-Managed to send complaint email.,"{'term': array([''], dtype=object), 'polarity': array([''], dtype=object), 'from': array([0], dtype=int16), 'to': array([0], dtype=int16)}"
1755,"however, they were kind enough to send a replacement free of charge.","{'term': array([''], dtype=object), 'polarity': array([''], dtype=object), 'from': array([0], dtype=int16), 'to': array([0], dtype=int16)}"
686,Seriously considering a larger laptop to replace the Dell,"{'term': array([''], dtype=object), 'polarity': array([''], dtype=object), 'from': array([0], dtype=int16), 'to': array([0], dtype=int16)}"
2315,OS X is solid with lots of innovations such as quicklook which save heaps of time.,"{'term': array(['OS X', 'quicklook'], dtype=object), 'polarity': array(['positive', 'positive'], dtype=object), 'from': array([ 0, 47], dtype=int16), 'to': array([ 4, 56], dtype=int16)}"
2609,"I do everything on this computer - check email, facebook, shop, check blogs, write papers, listen to music, and we even watch all of our movies on it since we do not have a tv.","{'term': array([''], dtype=object), 'polarity': array([''], dtype=object), 'from': array([0], dtype=int16), 'to': array([0], dtype=int16)}"
1290,I thought it would be a simple job.,"{'term': array([''], dtype=object), 'polarity': array([''], dtype=object), 'from': array([0], dtype=int16), 'to': array([0], dtype=int16)}"
1567,But other than that I am blown away by all the features this laptop offers.,"{'term': array(['features'], dtype=object), 'polarity': array(['positive'], dtype=object), 'from': array([47], dtype=int16), 'to': array([55], dtype=int16)}"
52,I Hate it!,"{'term': array([''], dtype=object), 'polarity': array([''], dtype=object), 'from': array([0], dtype=int16), 'to': array([0], dtype=int16)}"
1111,Don't buy this model.,"{'term': array([''], dtype=object), 'polarity': array([''], dtype=object), 'from': array([0], dtype=int16), 'to': array([0], dtype=int16)}"
387,The keyboard is slick and quiet and not bulky like some other laptops I have had in the past.,"{'term': array(['keyboard'], dtype=object), 'polarity': array(['positive'], dtype=object), 'from': array([4], dtype=int16), 'to': array([12], dtype=int16)}"
2175,I can leave my MacBook uncharged for upwards of eight hours and it won't even be dead.,"{'term': array([''], dtype=object), 'polarity': array([''], dtype=object), 'from': array([0], dtype=int16), 'to': array([0], dtype=int16)}"
8,"Overall, this laptop is definitely a keeper with its simple yet stylish design and its array of fantastic colors to choose from.","{'term': array(['design', 'colors'], dtype=object), 'polarity': array(['positive', 'positive'], dtype=object), 'from': array([ 72, 106], dtype=int16), 'to': array([ 78, 112], dtype=int16)}"
1832,"I do find that my MacBook has a lot more bells and whistles than a normal PC especially if you enjoy technology, downloading pictures and graphic design.","{'term': array([''], dtype=object), 'polarity': array([''], dtype=object), 'from': array([0], dtype=int16), 'to': array([0], dtype=int16)}"
403,First the screen goes completely out.,"{'term': array(['screen'], dtype=object), 'polarity': array(['negative'], dtype=object), 'from': array([10], dtype=int16), 'to': array([16], dtype=int16)}"
2350,I'm learning the finger options for the mousepad that allow for quicker browsing of web pages.,"{'term': array(['mousepad', 'browsing'], dtype=object), 'polarity': array(['positive', 'positive'], dtype=object), 'from': array([40, 72], dtype=int16), 'to': array([48, 80], dtype=int16)}"
2078,"I love this 13"" Mac white unibody.","{'term': array([''], dtype=object), 'polarity': array([''], dtype=object), 'from': array([0], dtype=int16), 'to': array([0], dtype=int16)}"
346,the last time we took it to get fixed the guy said that most likely it is a reppative problem and will keep happeneing so hopefully we can get a new one very soon!,"{'term': array([''], dtype=object), 'polarity': array([''], dtype=object), 'from': array([0], dtype=int16), 'to': array([0], dtype=int16)}"
1881,When I am at Starbucks between clients I get full bars on my HP and 1 bar on my Eee PC.,"{'term': array([''], dtype=object), 'polarity': array([''], dtype=object), 'from': array([0], dtype=int16), 'to': array([0], dtype=int16)}"
1497,"The PhotoBooth is a great program, it takes very good pictures with the built-in camera.","{'term': array(['PhotoBooth', 'program', 'built-in camera'], dtype=object), 'polarity': array(['positive', 'positive', 'positive'], dtype=object), 'from': array([ 4, 26, 72], dtype=int16), 'to': array([14, 33, 87], dtype=int16)}"
498,And inconvenient!,"{'term': array([''], dtype=object), 'polarity': array([''], dtype=object), 'from': array([0], dtype=int16), 'to': array([0], dtype=int16)}"
280,Many kinds of software that is necessary to the working person is not available and cannot be downloaded.,"{'term': array(['software'], dtype=object), 'polarity': array(['negative'], dtype=object), 'from': array([14], dtype=int16), 'to': array([22], dtype=int16)}"
2312,It is so speedy.,"{'term': array([''], dtype=object), 'polarity': array([''], dtype=object), 'from': array([0], dtype=int16), 'to': array([0], dtype=int16)}"
402,Needs constant repair.,"{'term': array([''], dtype=object), 'polarity': array([''], dtype=object), 'from': array([0], dtype=int16), 'to': array([0], dtype=int16)}"
127,I will never purchase a HP again ever.,"{'term': array([''], dtype=object), 'polarity': array([''], dtype=object), 'from': array([0], dtype=int16), 'to': array([0], dtype=int16)}"
1012,I had to pay for the shipping!,"{'term': array(['shipping'], dtype=object), 'polarity': array(['negative'], dtype=object), 'from': array([21], dtype=int16), 'to': array([29], dtype=int16)}"
657,"It bluescreened on me without any warning, running simply basic Chrome.","{'term': array(['Chrome'], dtype=object), 'polarity': array(['negative'], dtype=object), 'from': array([64], dtype=int16), 'to': array([70], dtype=int16)}"
2418,This is another reason to like the Mac.,"{'term': array([''], dtype=object), 'polarity': array([''], dtype=object), 'from': array([0], dtype=int16), 'to': array([0], dtype=int16)}"
2764,I took 3-4 years researching brands and prices of laptops.,"{'term': array(['prices'], dtype=object), 'polarity': array(['neutral'], dtype=object), 'from': array([40], dtype=int16), 'to': array([46], dtype=int16)}"
2324,One bad thing is it gets hot.,"{'term': array([''], dtype=object), 'polarity': array([''], dtype=object), 'from': array([0], dtype=int16), 'to': array([0], dtype=int16)}"
2720,I'm stuck w/ a broken computer.,"{'term': array([''], dtype=object), 'polarity': array([''], dtype=object), 'from': array([0], dtype=int16), 'to': array([0], dtype=int16)}"
2149,We researched and found the best price at MacConnection.,"{'term': array(['price'], dtype=object), 'polarity': array(['positive'], dtype=object), 'from': array([33], dtype=int16), 'to': array([38], dtype=int16)}"
1475,Hope this helps!,"{'term': array([''], dtype=object), 'polarity': array([''], dtype=object), 'from': array([0], dtype=int16), 'to': array([0], dtype=int16)}"
926,But guess what?  (you have to buy an external dvd drive it doesn't have a built in type) The notebook can't be used because it doesn't read anything for an external drive.,"{'term': array(['external dvd drive', 'external drive'], dtype=object), 'polarity': array(['negative', 'negative'], dtype=object), 'from': array([ 37, 156], dtype=int16), 'to': array([ 55, 170], dtype=int16)}"
682,GET THIS COMPUTER FOR PORTABILITY AND FAST PROCESSING!!!,"{'term': array(['PORTABILITY', 'PROCESSING'], dtype=object), 'polarity': array(['positive', 'positive'], dtype=object), 'from': array([22, 43], dtype=int16), 'to': array([33, 53], dtype=int16)}"
516,Apparently they're not special anymore .,"{'term': array([''], dtype=object), 'polarity': array([''], dtype=object), 'from': array([0], dtype=int16), 'to': array([0], dtype=int16)}"
871,I use a cooling pad but it doesn't help.,"{'term': array(['cooling pad'], dtype=object), 'polarity': array(['negative'], dtype=object), 'from': array([8], dtype=int16), 'to': array([19], dtype=int16)}"
691,I'm so glad I purchased a Mac and not another PC!!!,"{'term': array([''], dtype=object), 'polarity': array([''], dtype=object), 'from': array([0], dtype=int16), 'to': array([0], dtype=int16)}"
841,99 to  fix it.,"{'term': array([''], dtype=object), 'polarity': array([''], dtype=object), 'from': array([0], dtype=int16), 'to': array([0], dtype=int16)}"
1702,Few viruses to catch;,"{'term': array([''], dtype=object), 'polarity': array([''], dtype=object), 'from': array([0], dtype=int16), 'to': array([0], dtype=int16)}"
1744,Supplied software: The software that comes with this machine is greatly welcomed compared to what Windows comes with.,"{'term': array(['Supplied software', 'software', 'Windows'], dtype=object), 'polarity': array(['neutral', 'positive', 'negative'], dtype=object), 'from': array([ 0, 23, 98], dtype=int16), 'to': array([ 17,  31, 105], dtype=int16)}"
423,"Steve Jobs, probably needs help and donations, and cannot afford a reasonable offers for people that truly are trying to support his baby.","{'term': array([''], dtype=object), 'polarity': array([''], dtype=object), 'from': array([0], dtype=int16), 'to': array([0], dtype=int16)}"
773,I'm tired of the inept service.,"{'term': array(['service'], dtype=object), 'polarity': array(['negative'], dtype=object), 'from': array([23], dtype=int16), 'to': array([30], dtype=int16)}"
1659,"Garageband is easy to work with, like all the other apple applications I've had experience with.","{'term': array(['Garageband', 'apple applications'], dtype=object), 'polarity': array(['positive', 'positive'], dtype=object), 'from': array([ 0, 52], dtype=int16), 'to': array([10, 70], dtype=int16)}"
746,"No, tey don't even support their own bios and it ""could be a problem with the bios"" How can a company that makes a fairly decent product get away with such insanity??!!","{'term': array(['bios', 'bios'], dtype=object), 'polarity': array(['negative', 'negative'], dtype=object), 'from': array([37, 78], dtype=int16), 'to': array([41, 82], dtype=int16)}"
2475,"While many people brag about Mac being ""intuitive"", it does take a little time to adjust to coming from a PC, but once I got the hang of it, I don't want to go back.","{'term': array([''], dtype=object), 'polarity': array([''], dtype=object), 'from': array([0], dtype=int16), 'to': array([0], dtype=int16)}"
1358,"Because we did not purchase the extended warranty in time, we are on the hook for the repair.","{'term': array(['extended warranty'], dtype=object), 'polarity': array(['negative'], dtype=object), 'from': array([32], dtype=int16), 'to': array([49], dtype=int16)}"
108,"It started out by randomly ceasing to charge when it was plugged in (mousing over the battery icon would read, for example, ""74%, plugged in, not charging""), requiring me to unplug it and plug it back in several times to get it to charge.","{'term': array(['charging', 'charge', 'charge'], dtype=object), 'polarity': array(['negative', 'negative', 'neutral'], dtype=object), 'from': array([146,  38, 231], dtype=int16), 'to': array([154,  44, 237], dtype=int16)}"
1818,This laptop looked brand new and was shipped very quickly.,"{'term': array(['shipped'], dtype=object), 'polarity': array(['positive'], dtype=object), 'from': array([37], dtype=int16), 'to': array([44], dtype=int16)}"
2253,"If you are looking for something reliable, this is the laptop for you.","{'term': array([''], dtype=object), 'polarity': array([''], dtype=object), 'from': array([0], dtype=int16), 'to': array([0], dtype=int16)}"
1112,"Info: Windows failed to load because the kernal is missing, or corrupt.","{'term': array(['Windows', 'kernal'], dtype=object), 'polarity': array(['negative', 'negative'], dtype=object), 'from': array([ 6, 41], dtype=int16), 'to': array([13, 47], dtype=int16)}"
1576,"The display on this computer is the best I've seen in a very long time, the battery life is very long and very convienent.","{'term': array(['display', 'battery life'], dtype=object), 'polarity': array(['positive', 'positive'], dtype=object), 'from': array([ 4, 76], dtype=int16), 'to': array([11, 88], dtype=int16)}"
2467,Most laptops and notebooks are difficult to key on.,"{'term': array([''], dtype=object), 'polarity': array([''], dtype=object), 'from': array([0], dtype=int16), 'to': array([0], dtype=int16)}"
491,"We didn't because it was already over 2,400 dollars!","{'term': array([''], dtype=object), 'polarity': array([''], dtype=object), 'from': array([0], dtype=int16), 'to': array([0], dtype=int16)}"
1409,"But the quality, in general was less than the worth of the cheap laptop.","{'term': array(['quality'], dtype=object), 'polarity': array(['negative'], dtype=object), 'from': array([8], dtype=int16), 'to': array([15], dtype=int16)}"
458,In the first moth of owning this computer its hardrive failed which had to be replaced.,"{'term': array(['hardrive'], dtype=object), 'polarity': array(['negative'], dtype=object), 'from': array([46], dtype=int16), 'to': array([54], dtype=int16)}"
1530,Its also FUN to use!,"{'term': array(['use'], dtype=object), 'polarity': array(['positive'], dtype=object), 'from': array([16], dtype=int16), 'to': array([19], dtype=int16)}"
1612,"The graphics and screen are stunning and although I was a PC person, I was able to understand how to use a mac fairly quickly.","{'term': array(['graphics', 'screen'], dtype=object), 'polarity': array(['positive', 'positive'], dtype=object), 'from': array([ 4, 17], dtype=int16), 'to': array([12, 23], dtype=int16)}"
2273,"WIth the upgraded memory, the MacBook Pro never has an issue running many many applications at once!","{'term': array(['upgraded memory', 'applications', 'running'], dtype=object), 'polarity': array(['positive', 'neutral', 'positive'], dtype=object), 'from': array([ 9, 79, 61], dtype=int16), 'to': array([24, 91, 68], dtype=int16)}"
2824,"Simple to use, and great graphics.","{'term': array(['graphics', 'use'], dtype=object), 'polarity': array(['positive', 'positive'], dtype=object), 'from': array([25, 10], dtype=int16), 'to': array([33, 13], dtype=int16)}"
2519,It still serves me well both in business and home needs.,"{'term': array([''], dtype=object), 'polarity': array([''], dtype=object), 'from': array([0], dtype=int16), 'to': array([0], dtype=int16)}"
2045,"I use my friends and family's $2000 laptops and they are fast and reliable and HP, well, I'll never buy or recommend an HP to anyone!","{'term': array([''], dtype=object), 'polarity': array([''], dtype=object), 'from': array([0], dtype=int16), 'to': array([0], dtype=int16)}"
1725,My MacBook is probably the best investment I have ever made.,"{'term': array([''], dtype=object), 'polarity': array([''], dtype=object), 'from': array([0], dtype=int16), 'to': array([0], dtype=int16)}"
2934,The internet speed is spectacular.,"{'term': array(['internet speed'], dtype=object), 'polarity': array(['positive'], dtype=object), 'from': array([4], dtype=int16), 'to': array([18], dtype=int16)}"
624,They claim call center is still down.,"{'term': array(['call center'], dtype=object), 'polarity': array(['negative'], dtype=object), 'from': array([11], dtype=int16), 'to': array([22], dtype=int16)}"
2408,Mac also has many apps and programs that are quite cheap or free.,"{'term': array(['apps', 'programs'], dtype=object), 'polarity': array(['positive', 'positive'], dtype=object), 'from': array([18, 27], dtype=int16), 'to': array([22, 35], dtype=int16)}"
428,If you shop around in the current market you can find a much better deal.,"{'term': array([''], dtype=object), 'polarity': array([''], dtype=object), 'from': array([0], dtype=int16), 'to': array([0], dtype=int16)}"
2883,I droped this once from thetable when my baby girl grabed me one day and IT is still working with NO issues!,"{'term': array([''], dtype=object), 'polarity': array([''], dtype=object), 'from': array([0], dtype=int16), 'to': array([0], dtype=int16)}"
221,You will love this macbook if you choose to buy it.,"{'term': array([''], dtype=object), 'polarity': array([''], dtype=object), 'from': array([0], dtype=int16), 'to': array([0], dtype=int16)}"
1557,My house is now 100% Macbook.,"{'term': array([''], dtype=object), 'polarity': array([''], dtype=object), 'from': array([0], dtype=int16), 'to': array([0], dtype=int16)}"
1246,"They're not safe, they're not durable, they just a worthless.","{'term': array([''], dtype=object), 'polarity': array([''], dtype=object), 'from': array([0], dtype=int16), 'to': array([0], dtype=int16)}"
2984,"My husband uses it mostly for games, email and music.","{'term': array(['games'], dtype=object), 'polarity': array(['neutral'], dtype=object), 'from': array([30], dtype=int16), 'to': array([35], dtype=int16)}"
819,  I have had no luck with staples or HP to resolve this problem.,"{'term': array([''], dtype=object), 'polarity': array([''], dtype=object), 'from': array([0], dtype=int16), 'to': array([0], dtype=int16)}"
2565,I just took the broken cords into the Apple store and they gave me new ones.,"{'term': array(['cords'], dtype=object), 'polarity': array(['positive'], dtype=object), 'from': array([23], dtype=int16), 'to': array([28], dtype=int16)}"
2120,My Mac is much more efficient than a PC so it does not need the extra bells and whistles to compete.,"{'term': array([''], dtype=object), 'polarity': array([''], dtype=object), 'from': array([0], dtype=int16), 'to': array([0], dtype=int16)}"
1554,It WORKS!,"{'term': array([''], dtype=object), 'polarity': array([''], dtype=object), 'from': array([0], dtype=int16), 'to': array([0], dtype=int16)}"
1339,You just lose a customer.,"{'term': array([''], dtype=object), 'polarity': array([''], dtype=object), 'from': array([0], dtype=int16), 'to': array([0], dtype=int16)}"
1199,"I ve had several calls lasting more than an hour with promises to call back, but the return calls never came.","{'term': array([''], dtype=object), 'polarity': array([''], dtype=object), 'from': array([0], dtype=int16), 'to': array([0], dtype=int16)}"
909,"Apparently under the screen there are 2 little screws and when the screen gets moved back and forth, they come loose.","{'term': array(['screen', 'screen'], dtype=object), 'polarity': array(['neutral', 'neutral'], dtype=object), 'from': array([21, 67], dtype=int16), 'to': array([27, 73], dtype=int16)}"
2347,"Being a PC user my whole life, it's taking a bit of time to adapt to the OS of a Mac but I'm finding my way around.","{'term': array(['OS'], dtype=object), 'polarity': array(['neutral'], dtype=object), 'from': array([73], dtype=int16), 'to': array([75], dtype=int16)}"
1470,The computer will constantly be getting hot and burning your leg unless you go through the hassle of taking off the entire back of it just to clean out the fan.,"{'term': array(['fan'], dtype=object), 'polarity': array(['negative'], dtype=object), 'from': array([156], dtype=int16), 'to': array([159], dtype=int16)}"
1601,"I have in the past gotten superfine sandpaper and ""fixed"" the edges by rounding them off.","{'term': array(['edges'], dtype=object), 'polarity': array(['negative'], dtype=object), 'from': array([62], dtype=int16), 'to': array([67], dtype=int16)}"
499,I hate it!,"{'term': array([''], dtype=object), 'polarity': array([''], dtype=object), 'from': array([0], dtype=int16), 'to': array([0], dtype=int16)}"
1210,returned it.,"{'term': array([''], dtype=object), 'polarity': array([''], dtype=object), 'from': array([0], dtype=int16), 'to': array([0], dtype=int16)}"
1747,Downfalls: sharp edges.,"{'term': array(['edges'], dtype=object), 'polarity': array(['negative'], dtype=object), 'from': array([17], dtype=int16), 'to': array([22], dtype=int16)}"
2920,It is a cheap throw together.,"{'term': array([''], dtype=object), 'polarity': array([''], dtype=object), 'from': array([0], dtype=int16), 'to': array([0], dtype=int16)}"
2537,i needed one to be able to carry to work everyday and this one seems to fit all of the criteria.,"{'term': array(['carry'], dtype=object), 'polarity': array(['neutral'], dtype=object), 'from': array([27], dtype=int16), 'to': array([32], dtype=int16)}"
2606,"I would recommend Mac, and do, to anyone looking to buy a new computer.","{'term': array([''], dtype=object), 'polarity': array([''], dtype=object), 'from': array([0], dtype=int16), 'to': array([0], dtype=int16)}"
2322,The screen is gorgeous - yummy good.,"{'term': array(['screen'], dtype=object), 'polarity': array(['positive'], dtype=object), 'from': array([4], dtype=int16), 'to': array([10], dtype=int16)}"
1129,"Did I mention everything about it, from size to weight to keyboard screams BULK?","{'term': array(['size', 'weight', 'keyboard'], dtype=object), 'polarity': array(['negative', 'negative', 'negative'], dtype=object), 'from': array([40, 48, 58], dtype=int16), 'to': array([44, 54, 66], dtype=int16)}"
2218,Can't wait until I go on vacation and take it with me.,"{'term': array([''], dtype=object), 'polarity': array([''], dtype=object), 'from': array([0], dtype=int16), 'to': array([0], dtype=int16)}"
239,Good bye BLUE SCREEN and Critical errors!!!!,"{'term': array([''], dtype=object), 'polarity': array([''], dtype=object), 'from': array([0], dtype=int16), 'to': array([0], dtype=int16)}"
941,I had it four months when my disc drive refused to open.,"{'term': array(['disc drive'], dtype=object), 'polarity': array(['negative'], dtype=object), 'from': array([29], dtype=int16), 'to': array([39], dtype=int16)}"
1154,"So, after Apple replaced the hard drive I enjoyed another 4 months of my new computer, until it froze this morning--completely.","{'term': array(['hard drive'], dtype=object), 'polarity': array(['neutral'], dtype=object), 'from': array([29], dtype=int16), 'to': array([39], dtype=int16)}"
1201,"Once again, I was told it was the suspicious  power supply  problem.","{'term': array(['power supply'], dtype=object), 'polarity': array(['negative'], dtype=object), 'from': array([46], dtype=int16), 'to': array([58], dtype=int16)}"
2158,It easily fits into most computer bags but doesn't weigh down a backpack or satchel when being carried with spirals and/or textbooks.,"{'term': array([''], dtype=object), 'polarity': array([''], dtype=object), 'from': array([0], dtype=int16), 'to': array([0], dtype=int16)}"
1558,"The Macbook starts fast, doesn't crash, has a fantastic display, is small and light (I have the 13.3"" model), and isn't always complaining about updates, lost connections, errors, blue screens, etc.","{'term': array(['display', 'starts'], dtype=object), 'polarity': array(['positive', 'positive'], dtype=object), 'from': array([56, 12], dtype=int16), 'to': array([63, 18], dtype=int16)}"
2601,"It was kind of a rebellion against PC in fact, and I am certainly glad I did.","{'term': array([''], dtype=object), 'polarity': array([''], dtype=object), 'from': array([0], dtype=int16), 'to': array([0], dtype=int16)}"
462,Unable to boot up this brand new laptop.,"{'term': array(['boot up'], dtype=object), 'polarity': array(['negative'], dtype=object), 'from': array([10], dtype=int16), 'to': array([17], dtype=int16)}"
2248,"In addition, all the design tools on Pages and Keynotes makes it much easier to create professional looking documents and presentations.","{'term': array(['Pages', 'Keynotes'], dtype=object), 'polarity': array(['positive', 'positive'], dtype=object), 'from': array([37, 47], dtype=int16), 'to': array([42, 55], dtype=int16)}"
1097," I actually had the hard drive replaced twice, the mother board once, the dvd drive twice, then they FINALLY agreed to replace it, (ALL OF THIS IN LESS THAN 1 1/2 YEARS!","{'term': array(['hard drive', 'mother board', 'dvd drive'], dtype=object), 'polarity': array(['negative', 'negative', 'negative'], dtype=object), 'from': array([20, 51, 74], dtype=int16), 'to': array([30, 63, 83], dtype=int16)}"
148,"I really don't like it, but I am stuck.","{'term': array([''], dtype=object), 'polarity': array([''], dtype=object), 'from': array([0], dtype=int16), 'to': array([0], dtype=int16)}"
1308,"The guy then said that if I insist on having the hinge tightened, they can do it for me but I have to accept the condition after the ""repair"".","{'term': array(['hinge'], dtype=object), 'polarity': array(['neutral'], dtype=object), 'from': array([49], dtype=int16), 'to': array([54], dtype=int16)}"
838,"The port is secured to motherboard so when this  happens you can't see the plug at all, it's just gone.","{'term': array(['motherboard', 'port', 'plug'], dtype=object), 'polarity': array(['neutral', 'neutral', 'negative'], dtype=object), 'from': array([23,  4, 75], dtype=int16), 'to': array([34,  8, 79], dtype=int16)}"
649,-Stay away from MacHouse Amsterdam.,"{'term': array([''], dtype=object), 'polarity': array([''], dtype=object), 'from': array([0], dtype=int16), 'to': array([0], dtype=int16)}"
2528,Once again apple stands alone at the top of the charts.,"{'term': array([''], dtype=object), 'polarity': array([''], dtype=object), 'from': array([0], dtype=int16), 'to': array([0], dtype=int16)}"
2477,"I love the feel of the key board, as well as the trackpad.","{'term': array(['key board', 'trackpad'], dtype=object), 'polarity': array(['positive', 'positive'], dtype=object), 'from': array([23, 49], dtype=int16), 'to': array([32, 57], dtype=int16)}"
2226,Now I have the best of both worlds with all of the power and ease of the Mac!,"{'term': array(['power', 'ease'], dtype=object), 'polarity': array(['positive', 'positive'], dtype=object), 'from': array([51, 61], dtype=int16), 'to': array([56, 65], dtype=int16)}"
1994,These new problems were the final straws;,"{'term': array([''], dtype=object), 'polarity': array([''], dtype=object), 'from': array([0], dtype=int16), 'to': array([0], dtype=int16)}"
1453,"  luckly i had a student task force able to help, or else it would have crashed within the first year.","{'term': array([''], dtype=object), 'polarity': array([''], dtype=object), 'from': array([0], dtype=int16), 'to': array([0], dtype=int16)}"
1181,"That seemed to solve the problem, till I wrote an article with semicolons in it.","{'term': array([''], dtype=object), 'polarity': array([''], dtype=object), 'from': array([0], dtype=int16), 'to': array([0], dtype=int16)}"
670,Ease of use is just one of the benefits I love about my Mac.,"{'term': array(['use'], dtype=object), 'polarity': array(['positive'], dtype=object), 'from': array([8], dtype=int16), 'to': array([11], dtype=int16)}"
1051,-Touchpad will take a bit of time to get used to.,"{'term': array(['Touchpad'], dtype=object), 'polarity': array(['neutral'], dtype=object), 'from': array([1], dtype=int16), 'to': array([9], dtype=int16)}"
2554,We both recently got new laptops.,"{'term': array([''], dtype=object), 'polarity': array([''], dtype=object), 'from': array([0], dtype=int16), 'to': array([0], dtype=int16)}"
1578,I've been a PC user and I just finally switched and I am never going back.,"{'term': array([''], dtype=object), 'polarity': array([''], dtype=object), 'from': array([0], dtype=int16), 'to': array([0], dtype=int16)}"
2560,I got the Macbook and he got a Macbook Pro.,"{'term': array([''], dtype=object), 'polarity': array([''], dtype=object), 'from': array([0], dtype=int16), 'to': array([0], dtype=int16)}"
2326,Winters is on it's way and I imagine it will be cozy.,"{'term': array([''], dtype=object), 'polarity': array([''], dtype=object), 'from': array([0], dtype=int16), 'to': array([0], dtype=int16)}"
2892,I bought this laptop about a month ago to replace my compaq laptop.,"{'term': array([''], dtype=object), 'polarity': array([''], dtype=object), 'from': array([0], dtype=int16), 'to': array([0], dtype=int16)}"
1216,Now the machine won't connect and Toshiba says that they did replace the connection card in May but they only warranty the repair for 30 days and now I'm out of warranty even though this has been a constant 5 month occurance since I bought the netbook.,"{'term': array(['connection card', 'warranty', 'warranty'], dtype=object), 'polarity': array(['neutral', 'negative', 'negative'], dtype=object), 'from': array([ 73, 110, 161], dtype=int16), 'to': array([ 88, 118, 169], dtype=int16)}"
2152,Will certainly use MacConnection again.,"{'term': array([''], dtype=object), 'polarity': array([''], dtype=object), 'from': array([0], dtype=int16), 'to': array([0], dtype=int16)}"
1074,"But, buy this model and just purchase 4GB of RAM (2x2GB for $92 or 1x4GB for $99), and save yourself $100 than the other model with 8GB of RAM.","{'term': array(['4GB of RAM', '8GB of RAM'], dtype=object), 'polarity': array(['neutral', 'neutral'], dtype=object), 'from': array([ 38, 132], dtype=int16), 'to': array([ 48, 142], dtype=int16)}"
268,this is one of the reasons I purchased it.,"{'term': array([''], dtype=object), 'polarity': array([''], dtype=object), 'from': array([0], dtype=int16), 'to': array([0], dtype=int16)}"
159,"Instead of taking another chance on Toshiba, I went with an Asus G73JH-x3.","{'term': array([''], dtype=object), 'polarity': array([''], dtype=object), 'from': array([0], dtype=int16), 'to': array([0], dtype=int16)}"
1293,"She told me flatly, ""It's like that one.","{'term': array([''], dtype=object), 'polarity': array([''], dtype=object), 'from': array([0], dtype=int16), 'to': array([0], dtype=int16)}"
2401,"If you're looking for something to fly through those massive spreadsheets or play a graphics-intensive game, you'd be better off getting a machine aimed at that segment of the market.","{'term': array(['game'], dtype=object), 'polarity': array(['neutral'], dtype=object), 'from': array([103], dtype=int16), 'to': array([107], dtype=int16)}"
585,It is the easiest computer I have ever used,"{'term': array([''], dtype=object), 'polarity': array([''], dtype=object), 'from': array([0], dtype=int16), 'to': array([0], dtype=int16)}"
421,"So you might ask, what did Apple do for me?","{'term': array([''], dtype=object), 'polarity': array([''], dtype=object), 'from': array([0], dtype=int16), 'to': array([0], dtype=int16)}"
1684,"Browsing, also, was no problem for me when I used itunes ( which usually slows down my PC ).","{'term': array(['Browsing', 'itunes'], dtype=object), 'polarity': array(['positive', 'positive'], dtype=object), 'from': array([ 0, 50], dtype=int16), 'to': array([ 8, 56], dtype=int16)}"
627,Should be there by the end of the week (again...).,"{'term': array([''], dtype=object), 'polarity': array([''], dtype=object), 'from': array([0], dtype=int16), 'to': array([0], dtype=int16)}"
2680,"Again, decent comp for the price, and I was in need of one quickly as my other laptop died on me.","{'term': array(['price'], dtype=object), 'polarity': array(['positive'], dtype=object), 'from': array([27], dtype=int16), 'to': array([32], dtype=int16)}"
1401,so in a brief summary i would have to say that i would not recommend dell vostro 1000 to anyone due to it being a down right awful setup so in my opinion you should steer clear of them if you want a decent laptop.,"{'term': array(['setup'], dtype=object), 'polarity': array(['negative'], dtype=object), 'from': array([131], dtype=int16), 'to': array([136], dtype=int16)}"
693,"I just got this laptop for college, and so far I am very happy with it.","{'term': array([''], dtype=object), 'polarity': array([''], dtype=object), 'from': array([0], dtype=int16), 'to': array([0], dtype=int16)}"
3008,"tosiba has a good reputation, my llast computer was an acer.","{'term': array([''], dtype=object), 'polarity': array([''], dtype=object), 'from': array([0], dtype=int16), 'to': array([0], dtype=int16)}"
1803,"My friend just had to replace his entire motherboard, so did my wife, and it looks like I will have to as well.","{'term': array(['motherboard'], dtype=object), 'polarity': array(['negative'], dtype=object), 'from': array([41], dtype=int16), 'to': array([52], dtype=int16)}"
1140,"  Toshiba customer services will indirectly deal with your problems by constantly tranferring you from one country to another, and I am not kidding you, I called different hours of the day and you'll get someone else from another country trying to get you to tell them your life story all over again, since they make it sound like they don't have your history list of your calls right in front of them.","{'term': array(['Toshiba customer services'], dtype=object), 'polarity': array(['negative'], dtype=object), 'from': array([2], dtype=int16), 'to': array([27], dtype=int16)}"
2143,Quality Display  I was surprised with the performance and quality of this HP Laptop.,"{'term': array(['Quality Display', 'performance', 'quality'], dtype=object), 'polarity': array(['positive', 'positive', 'positive'], dtype=object), 'from': array([ 0, 42, 58], dtype=int16), 'to': array([15, 53, 65], dtype=int16)}"
1778,The battery life also doesn't keep up with the claim but still I think macbook is much ahead from the rest of the pack.,"{'term': array(['battery life'], dtype=object), 'polarity': array(['negative'], dtype=object), 'from': array([4], dtype=int16), 'to': array([16], dtype=int16)}"
1769,The internet capabilities are also very strong and picks up signals very easily.,"{'term': array(['internet capabilities'], dtype=object), 'polarity': array(['positive'], dtype=object), 'from': array([4], dtype=int16), 'to': array([25], dtype=int16)}"
2447,"Its fast, has High definition quality in the videos.","{'term': array(['High definition quality'], dtype=object), 'polarity': array(['positive'], dtype=object), 'from': array([14], dtype=int16), 'to': array([37], dtype=int16)}"
477,They transfer you around to other people who do not understand what you are saying and you can't understand what they are saying.,"{'term': array([''], dtype=object), 'polarity': array([''], dtype=object), 'from': array([0], dtype=int16), 'to': array([0], dtype=int16)}"
2390,"Speakers don't get that loud, but good enough.","{'term': array(['Speakers'], dtype=object), 'polarity': array(['conflict'], dtype=object), 'from': array([0], dtype=int16), 'to': array([8], dtype=int16)}"
1134,I have had it 9 months and it is already a $250 loss.,"{'term': array([''], dtype=object), 'polarity': array([''], dtype=object), 'from': array([0], dtype=int16), 'to': array([0], dtype=int16)}"
1676,Another Great thing is the Beast graphics.,"{'term': array(['Beast graphics'], dtype=object), 'polarity': array(['positive'], dtype=object), 'from': array([27], dtype=int16), 'to': array([41], dtype=int16)}"
1866,  I was WRONG!,"{'term': array([''], dtype=object), 'polarity': array([''], dtype=object), 'from': array([0], dtype=int16), 'to': array([0], dtype=int16)}"
27,The ease of set up was terrific.,"{'term': array(['set up'], dtype=object), 'polarity': array(['positive'], dtype=object), 'from': array([12], dtype=int16), 'to': array([18], dtype=int16)}"
2619,Everything I have tried has worked and I never have to carry the wall charger cause the battery is so awesome.,"{'term': array(['wall charger', 'battery'], dtype=object), 'polarity': array(['neutral', 'positive'], dtype=object), 'from': array([65, 88], dtype=int16), 'to': array([77, 95], dtype=int16)}"
31,"Screen is crystal clear, yes it's small - but it's a netbook!","{'term': array(['Screen'], dtype=object), 'polarity': array(['conflict'], dtype=object), 'from': array([0], dtype=int16), 'to': array([6], dtype=int16)}"
317,So this review might be a tad bit bias.,"{'term': array([''], dtype=object), 'polarity': array([''], dtype=object), 'from': array([0], dtype=int16), 'to': array([0], dtype=int16)}"
480,"This was around three years, maybe four years ago.","{'term': array([''], dtype=object), 'polarity': array([''], dtype=object), 'from': array([0], dtype=int16), 'to': array([0], dtype=int16)}"
2935,The battery life is probably an hour at best.,"{'term': array(['battery life'], dtype=object), 'polarity': array(['negative'], dtype=object), 'from': array([4], dtype=int16), 'to': array([16], dtype=int16)}"
1369,This is a review of windows vista system.,"{'term': array(['windows vista system'], dtype=object), 'polarity': array(['neutral'], dtype=object), 'from': array([20], dtype=int16), 'to': array([40], dtype=int16)}"
1533,She said its very user friendly.,"{'term': array([''], dtype=object), 'polarity': array([''], dtype=object), 'from': array([0], dtype=int16), 'to': array([0], dtype=int16)}"
2950,"Kind of annoying, but I still love the laptop.","{'term': array([''], dtype=object), 'polarity': array([''], dtype=object), 'from': array([0], dtype=int16), 'to': array([0], dtype=int16)}"
3057,"cosmetically, the only thing they changed was 2 of the Function keys at the top.","{'term': array(['Function keys'], dtype=object), 'polarity': array(['neutral'], dtype=object), 'from': array([55], dtype=int16), 'to': array([68], dtype=int16)}"
1536,"I am very happy I bought this Mac, well worth the extra money.","{'term': array([''], dtype=object), 'polarity': array([''], dtype=object), 'from': array([0], dtype=int16), 'to': array([0], dtype=int16)}"
1001,But sadly the replacement froze-up while updating the BIOS again and shut down and would not turn back on.,"{'term': array(['BIOS'], dtype=object), 'polarity': array(['negative'], dtype=object), 'from': array([54], dtype=int16), 'to': array([58], dtype=int16)}"
830,  There's literally no way to make it sing with Vista.,"{'term': array(['Vista'], dtype=object), 'polarity': array(['negative'], dtype=object), 'from': array([48], dtype=int16), 'to': array([53], dtype=int16)}"
2164,"After looking at all the pros and cons, I decided on the Macbook Pro.","{'term': array([''], dtype=object), 'polarity': array([''], dtype=object), 'from': array([0], dtype=int16), 'to': array([0], dtype=int16)}"
2913,Screen size is perfect for portable use in any environment.,"{'term': array(['Screen size'], dtype=object), 'polarity': array(['positive'], dtype=object), 'from': array([0], dtype=int16), 'to': array([11], dtype=int16)}"
32,"First, it does not have a push button to open the lid.","{'term': array(['push button', 'lid'], dtype=object), 'polarity': array(['negative', 'neutral'], dtype=object), 'from': array([26, 50], dtype=int16), 'to': array([37, 53], dtype=int16)}"
328,Hope this helped!,"{'term': array([''], dtype=object), 'polarity': array([''], dtype=object), 'from': array([0], dtype=int16), 'to': array([0], dtype=int16)}"
1626,"I used to build my own desktops from the component parts, and recently my 7 year old Pentium 4 with HT 1 GB ram SATA desktop stopped working (this was a rock star 7 years ago).","{'term': array(['Pentium 4', '1 GB ram'], dtype=object), 'polarity': array(['neutral', 'neutral'], dtype=object), 'from': array([ 85, 103], dtype=int16), 'to': array([ 94, 111], dtype=int16)}"
2067,I now realize that my $900 would have been better spent on a Windows laptop.,"{'term': array(['Windows'], dtype=object), 'polarity': array(['positive'], dtype=object), 'from': array([61], dtype=int16), 'to': array([68], dtype=int16)}"
1999,"Please, anyone who is considering getting this computer, stop.","{'term': array([''], dtype=object), 'polarity': array([''], dtype=object), 'from': array([0], dtype=int16), 'to': array([0], dtype=int16)}"
2912,This laptop serves all my needs.,"{'term': array([''], dtype=object), 'polarity': array([''], dtype=object), 'from': array([0], dtype=int16), 'to': array([0], dtype=int16)}"
1184,) And printing from either word processor is an adventure.,"{'term': array(['word processor'], dtype=object), 'polarity': array(['negative'], dtype=object), 'from': array([27], dtype=int16), 'to': array([41], dtype=int16)}"
1571,Very satisfied.,"{'term': array([''], dtype=object), 'polarity': array([''], dtype=object), 'from': array([0], dtype=int16), 'to': array([0], dtype=int16)}"
1238,Do not  buy it!,"{'term': array([''], dtype=object), 'polarity': array([''], dtype=object), 'from': array([0], dtype=int16), 'to': array([0], dtype=int16)}"
615,-Estimated time to fix it: 10 working days or less.,"{'term': array([''], dtype=object), 'polarity': array([''], dtype=object), 'from': array([0], dtype=int16), 'to': array([0], dtype=int16)}"
2065,"After purchasing this thing, I find out that I need a special interface device to connect my camera, and that it cannot be purchased at the store - only on line.","{'term': array(['interface device'], dtype=object), 'polarity': array(['negative'], dtype=object), 'from': array([62], dtype=int16), 'to': array([78], dtype=int16)}"
482,I had my computer custom built from Sonystyle.com.,"{'term': array([''], dtype=object), 'polarity': array([''], dtype=object), 'from': array([0], dtype=int16), 'to': array([0], dtype=int16)}"
1187,Another included program that is laughable is the chess game.,"{'term': array(['included program'], dtype=object), 'polarity': array(['negative'], dtype=object), 'from': array([8], dtype=int16), 'to': array([24], dtype=int16)}"
711,"Yes, I thought the expese was a little much, but I now realize you get what you pay for.","{'term': array(['expese'], dtype=object), 'polarity': array(['negative'], dtype=object), 'from': array([19], dtype=int16), 'to': array([25], dtype=int16)}"
2846,"It works great for general internet use, Microsoft Office apps, home bookkeeping, etc.","{'term': array(['Microsoft Office apps', 'internet use'], dtype=object), 'polarity': array(['positive', 'positive'], dtype=object), 'from': array([41, 27], dtype=int16), 'to': array([62, 39], dtype=int16)}"
1970,I will not buy another one.,"{'term': array([''], dtype=object), 'polarity': array([''], dtype=object), 'from': array([0], dtype=int16), 'to': array([0], dtype=int16)}"
1422,Time will tell.,"{'term': array([''], dtype=object), 'polarity': array([''], dtype=object), 'from': array([0], dtype=int16), 'to': array([0], dtype=int16)}"
2873,"The price was very good, and the product is top quality.","{'term': array(['price', 'quality'], dtype=object), 'polarity': array(['positive', 'positive'], dtype=object), 'from': array([ 4, 48], dtype=int16), 'to': array([ 9, 55], dtype=int16)}"
679,This computer is really fast and I'm shocked as to how easy it is to get used to...,"{'term': array([''], dtype=object), 'polarity': array([''], dtype=object), 'from': array([0], dtype=int16), 'to': array([0], dtype=int16)}"
653,It played various games without problems and ran aero smoothly and flawlessly.,"{'term': array(['games', 'aero'], dtype=object), 'polarity': array(['neutral', 'neutral'], dtype=object), 'from': array([18, 49], dtype=int16), 'to': array([23, 53], dtype=int16)}"
1130,After replacing the hard drive the battery stopped working  (3 months of use) which was frustrating.,"{'term': array(['hard drive', 'battery'], dtype=object), 'polarity': array(['neutral', 'negative'], dtype=object), 'from': array([20, 35], dtype=int16), 'to': array([30, 42], dtype=int16)}"
1902,  The screen almost looked like a barcode when it froze.,"{'term': array(['screen'], dtype=object), 'polarity': array(['negative'], dtype=object), 'from': array([6], dtype=int16), 'to': array([12], dtype=int16)}"
1831,I have found a lot of online sources to help me but think that I would have learned a lot quicker if I would have taken the class.,"{'term': array([''], dtype=object), 'polarity': array([''], dtype=object), 'from': array([0], dtype=int16), 'to': array([0], dtype=int16)}"
1985,"From the get-go, the M6809 was unsteady in its operation;","{'term': array(['operation'], dtype=object), 'polarity': array(['negative'], dtype=object), 'from': array([47], dtype=int16), 'to': array([56], dtype=int16)}"
894,She tells me about it all the time but I tend to shut off all cognitive functions when she gets that yapper going.,"{'term': array([''], dtype=object), 'polarity': array([''], dtype=object), 'from': array([0], dtype=int16), 'to': array([0], dtype=int16)}"
292,I could not even put my entire music collection on this garabage.,"{'term': array([''], dtype=object), 'polarity': array([''], dtype=object), 'from': array([0], dtype=int16), 'to': array([0], dtype=int16)}"
2295,One of the wonderful things about Macs is that they are virus free.,"{'term': array([''], dtype=object), 'polarity': array([''], dtype=object), 'from': array([0], dtype=int16), 'to': array([0], dtype=int16)}"
1730,"Its small enough where I can take it pretty much anywhere, but still has a big enough screen to get everything done.","{'term': array(['screen'], dtype=object), 'polarity': array(['positive'], dtype=object), 'from': array([86], dtype=int16), 'to': array([92], dtype=int16)}"
1540,"It even has a great webcam, and Skype works very well.","{'term': array(['webcam', 'Skype'], dtype=object), 'polarity': array(['positive', 'positive'], dtype=object), 'from': array([20, 32], dtype=int16), 'to': array([26, 37], dtype=int16)}"
1794,"I love the solid machined aluminum frame, and the keyboard is the best of any laptop I've used.","{'term': array(['machined aluminum frame', 'keyboard'], dtype=object), 'polarity': array(['positive', 'positive'], dtype=object), 'from': array([17, 50], dtype=int16), 'to': array([40, 58], dtype=int16)}"
2407,You can even run a parallels type program easily and run any leftover PC software that you absolutely cannot be without.,"{'term': array(['parallels type program', 'software'], dtype=object), 'polarity': array(['positive', 'positive'], dtype=object), 'from': array([19, 73], dtype=int16), 'to': array([41, 81], dtype=int16)}"
2827,This computer I used daily nice compact design.,"{'term': array(['design'], dtype=object), 'polarity': array(['positive'], dtype=object), 'from': array([40], dtype=int16), 'to': array([46], dtype=int16)}"
2960,"The ATI graphics card is a huge plus, definitely a good value if you need to be able to run some slightly older games that a Intel built-in card would have trouble with, such as Half-Life 2 or even World of Warcraft.","{'term': array(['ATI graphics card', 'Intel built-in card', 'games'], dtype=object), 'polarity': array(['positive', 'positive', 'neutral'], dtype=object), 'from': array([  4, 125, 112], dtype=int16), 'to': array([ 21, 144, 117], dtype=int16)}"
965,"I practically have a new laptop with all the ""fixes"" they have done!","{'term': array([''], dtype=object), 'polarity': array([''], dtype=object), 'from': array([0], dtype=int16), 'to': array([0], dtype=int16)}"
1631,"Finally, I purchased a Toshiba.","{'term': array([''], dtype=object), 'polarity': array([''], dtype=object), 'from': array([0], dtype=int16), 'to': array([0], dtype=int16)}"
1972,It was hard to handle and operate at school.,"{'term': array(['handle', 'operate'], dtype=object), 'polarity': array(['negative', 'negative'], dtype=object), 'from': array([15, 26], dtype=int16), 'to': array([21, 33], dtype=int16)}"
1345,You may just lose 1 customer for now.,"{'term': array([''], dtype=object), 'polarity': array([''], dtype=object), 'from': array([0], dtype=int16), 'to': array([0], dtype=int16)}"
2867,It has easy to use features and all the speed and power I could ask for.,"{'term': array(['features', 'speed', 'power'], dtype=object), 'polarity': array(['positive', 'positive', 'positive'], dtype=object), 'from': array([19, 40, 50], dtype=int16), 'to': array([27, 45, 55], dtype=int16)}"
592,"My power supply cord developed exposed wires within the first year of ownership, so it was covered by the Applecare warranty plan.","{'term': array(['power supply cord', 'Applecare warranty plan'], dtype=object), 'polarity': array(['negative', 'positive'], dtype=object), 'from': array([  3, 106], dtype=int16), 'to': array([ 20, 129], dtype=int16)}"
1756,"Many thanks, Overstock.com.","{'term': array([''], dtype=object), 'polarity': array([''], dtype=object), 'from': array([0], dtype=int16), 'to': array([0], dtype=int16)}"
2345,I love it and the change in lifestyle that came with it.,"{'term': array([''], dtype=object), 'polarity': array([''], dtype=object), 'from': array([0], dtype=int16), 'to': array([0], dtype=int16)}"
1098,")only to get another ""HP/Compaq"" piece of crap.","{'term': array([''], dtype=object), 'polarity': array([''], dtype=object), 'from': array([0], dtype=int16), 'to': array([0], dtype=int16)}"
2134,I preferred the fit and feel of the 13 inch.,"{'term': array(['13 inch'], dtype=object), 'polarity': array(['positive'], dtype=object), 'from': array([36], dtype=int16), 'to': array([43], dtype=int16)}"
542,power supply went bad after 2 weeks --,"{'term': array(['power supply'], dtype=object), 'polarity': array(['negative'], dtype=object), 'from': array([0], dtype=int16), 'to': array([12], dtype=int16)}"
1363,Emachines says they're waiting for a part and refuses to replace entire unit.,"{'term': array([''], dtype=object), 'polarity': array([''], dtype=object), 'from': array([0], dtype=int16), 'to': array([0], dtype=int16)}"
2373,"The screen takes some getting use to, because it is smaller than the laptop.","{'term': array(['screen'], dtype=object), 'polarity': array(['negative'], dtype=object), 'from': array([4], dtype=int16), 'to': array([10], dtype=int16)}"
44,I regret buying it before understanding how awful it is to use.,"{'term': array(['use'], dtype=object), 'polarity': array(['negative'], dtype=object), 'from': array([59], dtype=int16), 'to': array([62], dtype=int16)}"
1383,The right speaker did not work.,"{'term': array(['right speaker'], dtype=object), 'polarity': array(['negative'], dtype=object), 'from': array([4], dtype=int16), 'to': array([17], dtype=int16)}"
1846,  Dealing with the support drone on the other end of the chat was sheer torture.,"{'term': array(['support'], dtype=object), 'polarity': array(['negative'], dtype=object), 'from': array([19], dtype=int16), 'to': array([26], dtype=int16)}"
578,"The Final Cut Pro on this laptop is so fast and easy, and I can use this to seemlessly transfer all my work to my home computer, which is also a mac.","{'term': array(['Final Cut Pro'], dtype=object), 'polarity': array(['positive'], dtype=object), 'from': array([4], dtype=int16), 'to': array([17], dtype=int16)}"
59,"The computer runs extremely slowly, whether opening Word or My Computer.","{'term': array(['runs'], dtype=object), 'polarity': array(['negative'], dtype=object), 'from': array([13], dtype=int16), 'to': array([17], dtype=int16)}"
1509,But I am glad to have gotten mine right before they stopped making it.,"{'term': array([''], dtype=object), 'polarity': array([''], dtype=object), 'from': array([0], dtype=int16), 'to': array([0], dtype=int16)}"
1811,"The Mac Snow Leopard O/S is extremely easy to use, although very different than Win XP, Visa or Win7.","{'term': array(['Mac Snow Leopard O/S', 'Win XP', 'Visa', 'Win7', 'use'],
      dtype=object), 'polarity': array(['positive', 'neutral', 'neutral', 'neutral', 'positive'],
      dtype=object), 'from': array([ 4, 80, 88, 96, 46], dtype=int16), 'to': array([ 24,  86,  92, 100,  49], dtype=int16)}"
1132,A tip for people looking into this computer: DO NOT BUY IT save up a bit more money and buy a computer that will last.,"{'term': array([''], dtype=object), 'polarity': array([''], dtype=object), 'from': array([0], dtype=int16), 'to': array([0], dtype=int16)}"
1809,I've always used PC's for work home and this is my first experience with a Mac.,"{'term': array([''], dtype=object), 'polarity': array([''], dtype=object), 'from': array([0], dtype=int16), 'to': array([0], dtype=int16)}"
2229,"i asked many people, search on the net and also read reviews here in best buy.","{'term': array([''], dtype=object), 'polarity': array([''], dtype=object), 'from': array([0], dtype=int16), 'to': array([0], dtype=int16)}"
2313,"Startup in about 30 seconds, shutdown in 2-4 seconds, resume from sleep in 0-2 seconds.","{'term': array(['Startup', 'shutdown', 'resume from sleep'], dtype=object), 'polarity': array(['neutral', 'neutral', 'neutral'], dtype=object), 'from': array([ 0, 29, 54], dtype=int16), 'to': array([ 7, 37, 71], dtype=int16)}"
3062,"The screen is nice and the images comes very clear, the keyboard and the fit just feels right.","{'term': array(['screen', 'keyboard', 'fit'], dtype=object), 'polarity': array(['positive', 'positive', 'positive'], dtype=object), 'from': array([ 4, 56, 73], dtype=int16), 'to': array([10, 64, 76], dtype=int16)}"
999,I returned it to Best Buy on the ninteenth of April.,"{'term': array([''], dtype=object), 'polarity': array([''], dtype=object), 'from': array([0], dtype=int16), 'to': array([0], dtype=int16)}"
2485,I have only had PCs with Windows before so this takes a little getting use to.,"{'term': array(['Windows'], dtype=object), 'polarity': array(['neutral'], dtype=object), 'from': array([25], dtype=int16), 'to': array([32], dtype=int16)}"
2848,I was so excited to receive the Toshiba L455 as a gift/bonus for some work I had done for a friend of mine!,"{'term': array([''], dtype=object), 'polarity': array([''], dtype=object), 'from': array([0], dtype=int16), 'to': array([0], dtype=int16)}"
2862,I had left my regular laptop at home and needed something to use while out of town .,"{'term': array([''], dtype=object), 'polarity': array([''], dtype=object), 'from': array([0], dtype=int16), 'to': array([0], dtype=int16)}"
1443,"Summary: After doing some investigation on the web, I have found that Toshiba NB205s are not chronically not booting.","{'term': array([''], dtype=object), 'polarity': array([''], dtype=object), 'from': array([0], dtype=int16), 'to': array([0], dtype=int16)}"
676,super fast processor and really nice graphics card..,"{'term': array(['processor', 'graphics card'], dtype=object), 'polarity': array(['positive', 'positive'], dtype=object), 'from': array([11, 37], dtype=int16), 'to': array([20, 50], dtype=int16)}"
1743,"But sitting on a lap or on a desk in front of you it looks more than big enough (this could be because Im used to my Lenovo 10 tablet now) plus this is a great size if I want to unplug the external keyboard, mouse, and monitor to take it with me when I take photos and video.","{'term': array(['size', 'external keyboard', 'mouse', 'monitor'], dtype=object), 'polarity': array(['positive', 'neutral', 'neutral', 'neutral'], dtype=object), 'from': array([160, 189, 208, 219], dtype=int16), 'to': array([164, 206, 213, 226], dtype=int16)}"
125,"I Contacted HP  about this situation and was given excuses, without results.","{'term': array([''], dtype=object), 'polarity': array([''], dtype=object), 'from': array([0], dtype=int16), 'to': array([0], dtype=int16)}"
1325,You know what? I happened to buy a defective blood pressure monitor a week ago at the Bukit Batok Polyclinic NHG Pharmacy a week ago.,"{'term': array([''], dtype=object), 'polarity': array([''], dtype=object), 'from': array([0], dtype=int16), 'to': array([0], dtype=int16)}"
2308,The only objection I have is that after you buy it the windows 7 system is a starter and charges for the upgrade.,"{'term': array(['windows 7 system'], dtype=object), 'polarity': array(['negative'], dtype=object), 'from': array([55], dtype=int16), 'to': array([71], dtype=int16)}"
2689,"I dislike the weight and size, cubersome.","{'term': array(['weight', 'size'], dtype=object), 'polarity': array(['negative', 'negative'], dtype=object), 'from': array([14, 25], dtype=int16), 'to': array([20, 29], dtype=int16)}"
2995,The wheel that turns the volume up and down doesn't work in real time.,"{'term': array(['wheel'], dtype=object), 'polarity': array(['negative'], dtype=object), 'from': array([4], dtype=int16), 'to': array([9], dtype=int16)}"
1437,I can't even install one of the 3 printers I have in my house so I am unable to print.,"{'term': array([''], dtype=object), 'polarity': array([''], dtype=object), 'from': array([0], dtype=int16), 'to': array([0], dtype=int16)}"
1625,I cannot be happier with the service or product.,"{'term': array(['service'], dtype=object), 'polarity': array(['positive'], dtype=object), 'from': array([29], dtype=int16), 'to': array([36], dtype=int16)}"
2971,Everything was so easy.,"{'term': array([''], dtype=object), 'polarity': array([''], dtype=object), 'from': array([0], dtype=int16), 'to': array([0], dtype=int16)}"
1242,"To list a few: They tend to get hot enough to cause 3rd degree burns, as well as ignite any flamable material if near the part that happens to heat up.","{'term': array([''], dtype=object), 'polarity': array([''], dtype=object), 'from': array([0], dtype=int16), 'to': array([0], dtype=int16)}"
2364,Got this for a graduation gift for my daughter for her to use at college.,"{'term': array([''], dtype=object), 'polarity': array([''], dtype=object), 'from': array([0], dtype=int16), 'to': array([0], dtype=int16)}"
581,"I do transcription work on the side, and the flatline keyboard makes typing quick and easy as well.","{'term': array(['flatline keyboard'], dtype=object), 'polarity': array(['positive'], dtype=object), 'from': array([45], dtype=int16), 'to': array([62], dtype=int16)}"
1891,"After 5 months of failed repairs, requested a full refund but was refused and it still is not repaired and Acer is indifferent to the issue.","{'term': array([''], dtype=object), 'polarity': array([''], dtype=object), 'from': array([0], dtype=int16), 'to': array([0], dtype=int16)}"
2872,The Toshiba laptop was a great purchase.,"{'term': array([''], dtype=object), 'polarity': array([''], dtype=object), 'from': array([0], dtype=int16), 'to': array([0], dtype=int16)}"
1176,"After years of using PCs, a new Mac user is basically forced to re-learn how to use a computer.","{'term': array([''], dtype=object), 'polarity': array([''], dtype=object), 'from': array([0], dtype=int16), 'to': array([0], dtype=int16)}"
700,Speakers doesn't sound that great.,"{'term': array(['Speakers'], dtype=object), 'polarity': array(['negative'], dtype=object), 'from': array([0], dtype=int16), 'to': array([8], dtype=int16)}"
1381,You better believe my next computer will be a MAC!,"{'term': array([''], dtype=object), 'polarity': array([''], dtype=object), 'from': array([0], dtype=int16), 'to': array([0], dtype=int16)}"
690,I love it!,"{'term': array([''], dtype=object), 'polarity': array([''], dtype=object), 'from': array([0], dtype=int16), 'to': array([0], dtype=int16)}"
2809,"I love windows 7 but i can't give Toshiba any credit for that, unless y'all get serious about ergonomics and making required connections less obtrusive i will be looking to different manufacturer next time.","{'term': array(['windows 7', 'ergonomics', 'connections'], dtype=object), 'polarity': array(['positive', 'negative', 'negative'], dtype=object), 'from': array([  7,  94, 125], dtype=int16), 'to': array([ 16, 104, 136], dtype=int16)}"
299,Now that I have it I see that I really needed this for much more.,"{'term': array([''], dtype=object), 'polarity': array([''], dtype=object), 'from': array([0], dtype=int16), 'to': array([0], dtype=int16)}"
1163,"After numerous calls to Applecare tech support, I was directed to send in my computer;","{'term': array(['Applecare tech support'], dtype=object), 'polarity': array(['negative'], dtype=object), 'from': array([24], dtype=int16), 'to': array([46], dtype=int16)}"
843,"The ""abuse"" is that I pushed the power plug in too hard.","{'term': array(['power plug'], dtype=object), 'polarity': array(['negative'], dtype=object), 'from': array([33], dtype=int16), 'to': array([43], dtype=int16)}"
1490,"It is easy to find documents, and keep them in one area.","{'term': array([''], dtype=object), 'polarity': array([''], dtype=object), 'from': array([0], dtype=int16), 'to': array([0], dtype=int16)}"
2625,The resolution on the screen is almost pure HD.,"{'term': array(['resolution on the screen'], dtype=object), 'polarity': array(['positive'], dtype=object), 'from': array([4], dtype=int16), 'to': array([28], dtype=int16)}"
2173,"With all the programs that came with it, such as iLife and iWork, I was set from the very beginning.","{'term': array(['programs', 'iLife', 'iWork'], dtype=object), 'polarity': array(['neutral', 'neutral', 'neutral'], dtype=object), 'from': array([13, 49, 59], dtype=int16), 'to': array([21, 54, 64], dtype=int16)}"
2682,"Not sure how I recommend it for quality gaming, as I have a desktop rig for that reason.","{'term': array(['gaming'], dtype=object), 'polarity': array(['negative'], dtype=object), 'from': array([40], dtype=int16), 'to': array([46], dtype=int16)}"
1857,"I bought this netbook for traveling, and it's great - light, functional, and meets my needs.","{'term': array([''], dtype=object), 'polarity': array([''], dtype=object), 'from': array([0], dtype=int16), 'to': array([0], dtype=int16)}"
447,Easy learning curve.,"{'term': array([''], dtype=object), 'polarity': array([''], dtype=object), 'from': array([0], dtype=int16), 'to': array([0], dtype=int16)}"
2066,"I go to purchase it on line, and I find out that the device will not be available until almost two months later!","{'term': array([''], dtype=object), 'polarity': array([''], dtype=object), 'from': array([0], dtype=int16), 'to': array([0], dtype=int16)}"
1397,dell is a decently made pc.,"{'term': array([''], dtype=object), 'polarity': array([''], dtype=object), 'from': array([0], dtype=int16), 'to': array([0], dtype=int16)}"
1817,"Great value, fast delivery- Computer works as if brand new, no problems, very pleased","{'term': array(['delivery', 'value'], dtype=object), 'polarity': array(['positive', 'positive'], dtype=object), 'from': array([18,  6], dtype=int16), 'to': array([26, 11], dtype=int16)}"
248,The Internet Explorer was very slow from the very beginning.,"{'term': array(['Internet Explorer'], dtype=object), 'polarity': array(['negative'], dtype=object), 'from': array([4], dtype=int16), 'to': array([21], dtype=int16)}"
836,The AC power port becomes loose over time,"{'term': array(['AC power port'], dtype=object), 'polarity': array(['negative'], dtype=object), 'from': array([4], dtype=int16), 'to': array([17], dtype=int16)}"
1350,Best Buy laughed when I told them they should replace it instead of expecting me to be without a computer again for another couple of weeks.,"{'term': array([''], dtype=object), 'polarity': array([''], dtype=object), 'from': array([0], dtype=int16), 'to': array([0], dtype=int16)}"
1682,"As a user of a PC, I will will admit that the macBook Pro has a better running system in which I found myself ""Getting the job done quicker.","{'term': array(['running system'], dtype=object), 'polarity': array(['positive'], dtype=object), 'from': array([71], dtype=int16), 'to': array([85], dtype=int16)}"
2019,The computer would not ever cut back on.,"{'term': array([''], dtype=object), 'polarity': array([''], dtype=object), 'from': array([0], dtype=int16), 'to': array([0], dtype=int16)}"
234,The ease in which you set everything up is such that a child could do it.,"{'term': array([''], dtype=object), 'polarity': array([''], dtype=object), 'from': array([0], dtype=int16), 'to': array([0], dtype=int16)}"
2818,i would have to say that overall its great!,"{'term': array([''], dtype=object), 'polarity': array([''], dtype=object), 'from': array([0], dtype=int16), 'to': array([0], dtype=int16)}"
2952,"There are no gold key numbers too intall programs, you must use the serial numbers that it does not accept and then things are limited as far a working because they are only good for a short time.","{'term': array(['programs'], dtype=object), 'polarity': array(['negative'], dtype=object), 'from': array([41], dtype=int16), 'to': array([49], dtype=int16)}"
879,and they replaced the awesome ergonomic small lightweight power supply with a power supply that weighed more than the machine itself.,"{'term': array(['power supply', 'power supply'], dtype=object), 'polarity': array(['positive', 'negative'], dtype=object), 'from': array([58, 78], dtype=int16), 'to': array([70, 90], dtype=int16)}"
2289,It's the inside that is truly wonderful.,"{'term': array([''], dtype=object), 'polarity': array([''], dtype=object), 'from': array([0], dtype=int16), 'to': array([0], dtype=int16)}"
1592,Enjoy that Toshib force and durability unparalleled,"{'term': array(['force', 'durability'], dtype=object), 'polarity': array(['positive', 'positive'], dtype=object), 'from': array([18, 28], dtype=int16), 'to': array([23, 38], dtype=int16)}"
780,I purchased this laptop 9 months ago!,"{'term': array([''], dtype=object), 'polarity': array([''], dtype=object), 'from': array([0], dtype=int16), 'to': array([0], dtype=int16)}"
2101,Which is great I am running Vista Business and scored a 5.X on the index I have never seen a windows machine have a total score in the 5's.,"{'term': array(['Vista Business'], dtype=object), 'polarity': array(['positive'], dtype=object), 'from': array([28], dtype=int16), 'to': array([42], dtype=int16)}"
166,Returning this as soon as I get out of work,"{'term': array([''], dtype=object), 'polarity': array([''], dtype=object), 'from': array([0], dtype=int16), 'to': array([0], dtype=int16)}"
706,"I use the computer to basically check emails, surf the web, print coupons and for my college papers.","{'term': array(['surf the web'], dtype=object), 'polarity': array(['neutral'], dtype=object), 'from': array([46], dtype=int16), 'to': array([58], dtype=int16)}"
2468,This unit is not.,"{'term': array([''], dtype=object), 'polarity': array([''], dtype=object), 'from': array([0], dtype=int16), 'to': array([0], dtype=int16)}"
2482,"We love the size of the screen, although it is still lightweight and very easy to tote around.","{'term': array(['size of the screen', 'tote'], dtype=object), 'polarity': array(['positive', 'positive'], dtype=object), 'from': array([12, 82], dtype=int16), 'to': array([30, 86], dtype=int16)}"
1245,"They aren't worth the money, even though they are on the cheap side, laptop speaking.","{'term': array([''], dtype=object), 'polarity': array([''], dtype=object), 'from': array([0], dtype=int16), 'to': array([0], dtype=int16)}"
522,"Either way the entire thing was just a joke, a complete rip off!","{'term': array([''], dtype=object), 'polarity': array([''], dtype=object), 'from': array([0], dtype=int16), 'to': array([0], dtype=int16)}"
795,so the fact that the computer does not work on the 24 twenty fourth day is my fault.,"{'term': array(['work'], dtype=object), 'polarity': array(['negative'], dtype=object), 'from': array([39], dtype=int16), 'to': array([43], dtype=int16)}"
1714,So glad I decided to upgrade!,"{'term': array([''], dtype=object), 'polarity': array([''], dtype=object), 'from': array([0], dtype=int16), 'to': array([0], dtype=int16)}"
326,"I would definitely reccomend this if you are in the market for an easy to use, stylish, fun, awesome computer.","{'term': array(['use'], dtype=object), 'polarity': array(['positive'], dtype=object), 'from': array([74], dtype=int16), 'to': array([77], dtype=int16)}"
1458,  the battery is irreplaceable.,"{'term': array(['battery'], dtype=object), 'polarity': array(['negative'], dtype=object), 'from': array([6], dtype=int16), 'to': array([13], dtype=int16)}"
805,"*IF YOU ARE LOOKING FOR A GOOD LAPTOP, THIS IS NOT IT!","{'term': array([''], dtype=object), 'polarity': array([''], dtype=object), 'from': array([0], dtype=int16), 'to': array([0], dtype=int16)}"
2084,"If you want a little more custom ability, drop a few bucks and upgrade to one of the more robust versions of Win 7 and grab a 2GB stick of memory to spice it all up a bit more.","{'term': array(['Win 7', '2GB stick of memory'], dtype=object), 'polarity': array(['positive', 'positive'], dtype=object), 'from': array([109, 126], dtype=int16), 'to': array([114, 145], dtype=int16)}"
1156,It's catatonic.,"{'term': array([''], dtype=object), 'polarity': array([''], dtype=object), 'from': array([0], dtype=int16), 'to': array([0], dtype=int16)}"
503,"I have never really been big on downloading anything so I wasn't too worried about getting a virus, plus I thought I was protected by Norton.","{'term': array(['Norton'], dtype=object), 'polarity': array(['negative'], dtype=object), 'from': array([134], dtype=int16), 'to': array([140], dtype=int16)}"
277,"The internet was locekd and froze every time it was trying to be used, and the command prompt would not work at all.","{'term': array(['internet', 'command prompt'], dtype=object), 'polarity': array(['negative', 'negative'], dtype=object), 'from': array([ 4, 79], dtype=int16), 'to': array([12, 93], dtype=int16)}"
2105,It's software and speed enable it to do amazing things.,"{'term': array(['software', 'speed'], dtype=object), 'polarity': array(['positive', 'positive'], dtype=object), 'from': array([ 5, 18], dtype=int16), 'to': array([13, 23], dtype=int16)}"
1416,The Toshiba Satellite laptop is  DESIGNED  to fail !,"{'term': array([''], dtype=object), 'polarity': array([''], dtype=object), 'from': array([0], dtype=int16), 'to': array([0], dtype=int16)}"
512,"He came into my house, fiddled around on the computer for a good forty minutes and got ready to leave before it was even done doing what he was doing to it.","{'term': array([''], dtype=object), 'polarity': array([''], dtype=object), 'from': array([0], dtype=int16), 'to': array([0], dtype=int16)}"
1883,"My wireless provider confirmed my home internet is fine, and any connections I turn on should work.","{'term': array([''], dtype=object), 'polarity': array([''], dtype=object), 'from': array([0], dtype=int16), 'to': array([0], dtype=int16)}"
1268,Could not keep up with me and finally the hard drive went out.,"{'term': array(['hard drive'], dtype=object), 'polarity': array(['negative'], dtype=object), 'from': array([42], dtype=int16), 'to': array([52], dtype=int16)}"
972,I could have purchased a cheap computer to do what I'm doing now!,"{'term': array([''], dtype=object), 'polarity': array([''], dtype=object), 'from': array([0], dtype=int16), 'to': array([0], dtype=int16)}"
2603,"I am most impressed with the programming, including the iPhoto.","{'term': array(['programming', 'iPhoto'], dtype=object), 'polarity': array(['positive', 'positive'], dtype=object), 'from': array([29, 56], dtype=int16), 'to': array([40, 62], dtype=int16)}"
213,Speakers too small to be of any real use.,"{'term': array(['Speakers'], dtype=object), 'polarity': array(['negative'], dtype=object), 'from': array([0], dtype=int16), 'to': array([8], dtype=int16)}"
2621,"I upgraded it's RAM to 2GB, I am very happy with it.","{'term': array(['RAM'], dtype=object), 'polarity': array(['positive'], dtype=object), 'from': array([16], dtype=int16), 'to': array([19], dtype=int16)}"
2658,This is a great computer.,"{'term': array([''], dtype=object), 'polarity': array([''], dtype=object), 'from': array([0], dtype=int16), 'to': array([0], dtype=int16)}"
2518,I purchased a Toshiba Satellite M60 (with harman/kardon speakers!) in December of 2005.,"{'term': array(['speakers'], dtype=object), 'polarity': array(['positive'], dtype=object), 'from': array([56], dtype=int16), 'to': array([64], dtype=int16)}"
1312,Dismantle the whole thing? Then it will not be a newly manufactured set like before.,"{'term': array([''], dtype=object), 'polarity': array([''], dtype=object), 'from': array([0], dtype=int16), 'to': array([0], dtype=int16)}"
62,They should have included more memory on their computers if they knew Vista would run slowly.,"{'term': array(['memory', 'Vista'], dtype=object), 'polarity': array(['negative', 'negative'], dtype=object), 'from': array([31, 70], dtype=int16), 'to': array([37, 75], dtype=int16)}"
445,Battery life could be better but overall for the price and Toshiba's reputation for laptops it's great!,"{'term': array(['Battery life', 'price'], dtype=object), 'polarity': array(['negative', 'positive'], dtype=object), 'from': array([ 0, 49], dtype=int16), 'to': array([12, 54], dtype=int16)}"
90,"The battery never held a charge longer than one hour and within two months, stopped holding a charge for more than ten minutes.","{'term': array(['battery', 'charge', 'charge'], dtype=object), 'polarity': array(['negative', 'negative', 'negative'], dtype=object), 'from': array([ 4, 25, 94], dtype=int16), 'to': array([ 11,  31, 100], dtype=int16)}"
2434,It wouldn't fit in most 17-inch bags.,"{'term': array([''], dtype=object), 'polarity': array([''], dtype=object), 'from': array([0], dtype=int16), 'to': array([0], dtype=int16)}"
502,The first time it crashed was maybe going on a year and a half of having it.,"{'term': array([''], dtype=object), 'polarity': array([''], dtype=object), 'from': array([0], dtype=int16), 'to': array([0], dtype=int16)}"
1366,  After the warrenty expired the hard drive went bad and it would have cost more to fix then to replace.,"{'term': array(['warrenty', 'hard drive'], dtype=object), 'polarity': array(['neutral', 'negative'], dtype=object), 'from': array([12, 33], dtype=int16), 'to': array([20, 43], dtype=int16)}"
1975,I paid $800 for this computer from my school campus bookstore.,"{'term': array([''], dtype=object), 'polarity': array([''], dtype=object), 'from': array([0], dtype=int16), 'to': array([0], dtype=int16)}"
24,It is small enough to fit in one of my purses!,"{'term': array([''], dtype=object), 'polarity': array([''], dtype=object), 'from': array([0], dtype=int16), 'to': array([0], dtype=int16)}"
1542,"The Windows 7 Starter is, in my opinion, a great way to think about using your netbook: basics, basics, basics.","{'term': array(['Windows 7 Starter'], dtype=object), 'polarity': array(['positive'], dtype=object), 'from': array([4], dtype=int16), 'to': array([21], dtype=int16)}"
2195,"I was very worried about making the two compatible- but literally, it was so simple I was almost worried that I was doing something wrong.","{'term': array([''], dtype=object), 'polarity': array([''], dtype=object), 'from': array([0], dtype=int16), 'to': array([0], dtype=int16)}"
2343,Note that I don't ordinarily take the time to write a review.,"{'term': array([''], dtype=object), 'polarity': array([''], dtype=object), 'from': array([0], dtype=int16), 'to': array([0], dtype=int16)}"
456,The neat and organized icon list is a welcome change from cluttered and confusing desktop icons.,"{'term': array(['icon list', 'desktop icons'], dtype=object), 'polarity': array(['positive', 'negative'], dtype=object), 'from': array([23, 82], dtype=int16), 'to': array([32, 95], dtype=int16)}"
1892,I purchased this netbook after my original Toshiba laptop crashed right after the warranty expired.,"{'term': array(['warranty'], dtype=object), 'polarity': array(['negative'], dtype=object), 'from': array([82], dtype=int16), 'to': array([90], dtype=int16)}"
1548,"Apparently well-built and gorgeous to look at, the i5 MacBook Pro is a winning combination of price and performance.","{'term': array(['price', 'performance', 'built', 'look'], dtype=object), 'polarity': array(['positive', 'positive', 'positive', 'positive'], dtype=object), 'from': array([ 94, 104,  16,  38], dtype=int16), 'to': array([ 99, 115,  21,  42], dtype=int16)}"
1547,"ASUS has done an outstanding job of evolving their netbooks, and I would recommend this to anyone who both understands their needs and how netbooks can fit them.","{'term': array([''], dtype=object), 'polarity': array([''], dtype=object), 'from': array([0], dtype=int16), 'to': array([0], dtype=int16)}"
582,"The apple care has never failed me, and I expect it to be the same for this computer as well.","{'term': array(['apple care'], dtype=object), 'polarity': array(['positive'], dtype=object), 'from': array([4], dtype=int16), 'to': array([14], dtype=int16)}"
2856,Buyer Beware.,"{'term': array([''], dtype=object), 'polarity': array([''], dtype=object), 'from': array([0], dtype=int16), 'to': array([0], dtype=int16)}"
2958,It has served my needs quite nicely for the most part.,"{'term': array([''], dtype=object), 'polarity': array([''], dtype=object), 'from': array([0], dtype=int16), 'to': array([0], dtype=int16)}"
2875,The Toshiba laptop I am using is easier to use than most I have tried.,"{'term': array(['use'], dtype=object), 'polarity': array(['positive'], dtype=object), 'from': array([43], dtype=int16), 'to': array([46], dtype=int16)}"
901,"So I called Compaq, and after being on the phone for 3 hours, i finally got a replacement which I shouldn't have had a problem getting since it was under warranty.","{'term': array(['warranty'], dtype=object), 'polarity': array(['neutral'], dtype=object), 'from': array([154], dtype=int16), 'to': array([162], dtype=int16)}"
2880,So we exchanged it for the same on and after 2 hours it didn't work.,"{'term': array(['work'], dtype=object), 'polarity': array(['negative'], dtype=object), 'from': array([63], dtype=int16), 'to': array([67], dtype=int16)}"
1395,do not buy you will be disappointed.,"{'term': array([''], dtype=object), 'polarity': array([''], dtype=object), 'from': array([0], dtype=int16), 'to': array([0], dtype=int16)}"
1010,I just recently had to ship my laptop back to HP for repair.,"{'term': array([''], dtype=object), 'polarity': array([''], dtype=object), 'from': array([0], dtype=int16), 'to': array([0], dtype=int16)}"
804,I have had to take it to the geek squad guys to get it fixed because it has had viruses 3 times and i have not even had it for more then 4 months!,"{'term': array([''], dtype=object), 'polarity': array([''], dtype=object), 'from': array([0], dtype=int16), 'to': array([0], dtype=int16)}"
1234,We don't Mind and You don't Matter.,"{'term': array([''], dtype=object), 'polarity': array([''], dtype=object), 'from': array([0], dtype=int16), 'to': array([0], dtype=int16)}"
2393,"I love the size, keyboard, the functions.","{'term': array(['size', 'keyboard', 'functions'], dtype=object), 'polarity': array(['positive', 'positive', 'positive'], dtype=object), 'from': array([11, 17, 31], dtype=int16), 'to': array([15, 25, 40], dtype=int16)}"
1261,But as time went on I found it almost impossible to keep the thing on-line through wi-fi.,"{'term': array([''], dtype=object), 'polarity': array([''], dtype=object), 'from': array([0], dtype=int16), 'to': array([0], dtype=int16)}"
2837,the mouse is way way way to sensitve.,"{'term': array(['mouse'], dtype=object), 'polarity': array(['negative'], dtype=object), 'from': array([4], dtype=int16), 'to': array([9], dtype=int16)}"
1442,Toshiba knows there is a manufacturing defect but will not acknowledge it.,"{'term': array([''], dtype=object), 'polarity': array([''], dtype=object), 'from': array([0], dtype=int16), 'to': array([0], dtype=int16)}"
2547,The OS is still as fast as the day that the laptop was purchased and continues to run flawlessly.,"{'term': array(['OS', 'run'], dtype=object), 'polarity': array(['positive', 'positive'], dtype=object), 'from': array([ 4, 82], dtype=int16), 'to': array([ 6, 85], dtype=int16)}"
1070,"Also, I issued a replacement RMA for a few dead pixels in the upper zone of the screen, which is noticable to me.","{'term': array(['screen'], dtype=object), 'polarity': array(['negative'], dtype=object), 'from': array([80], dtype=int16), 'to': array([86], dtype=int16)}"
21,"Waited on getting this computer, but it has been a great change.","{'term': array([''], dtype=object), 'polarity': array([''], dtype=object), 'from': array([0], dtype=int16), 'to': array([0], dtype=int16)}"
99,"After way too many times sending the thing in for repairs (delivery service was slow, and without the laptop I had no access to the internet, and thus no way of tracking it to find out when I might hope to see my computer again), it finally kicked the bucket after just over 2 years.","{'term': array(['delivery service'], dtype=object), 'polarity': array(['negative'], dtype=object), 'from': array([59], dtype=int16), 'to': array([75], dtype=int16)}"
1480,"My friend reports the notebook is astonishing in performance, picture quality, and ease of use.","{'term': array(['performance', 'picture quality', 'use'], dtype=object), 'polarity': array(['positive', 'positive', 'positive'], dtype=object), 'from': array([49, 62, 91], dtype=int16), 'to': array([60, 77, 94], dtype=int16)}"
3078,the i3 processor doesn't seem to run hot and the fan rarely turns on.,"{'term': array(['i3 processor', 'fan'], dtype=object), 'polarity': array(['positive', 'positive'], dtype=object), 'from': array([ 4, 49], dtype=int16), 'to': array([16, 52], dtype=int16)}"
707,I was getting extrememly frustrated when I would want to do these simple taks that I would have to wait and wait and wait for things to download or virus that would clog up my PC.,"{'term': array([''], dtype=object), 'polarity': array([''], dtype=object), 'from': array([0], dtype=int16), 'to': array([0], dtype=int16)}"
897,Enjoy your sitdown,"{'term': array([''], dtype=object), 'polarity': array([''], dtype=object), 'from': array([0], dtype=int16), 'to': array([0], dtype=int16)}"
2009,"  The battery never held a charge longer than one hour and within two months, stopped holding a charge for more than ten minutes.","{'term': array(['battery', 'charge', 'charge'], dtype=object), 'polarity': array(['negative', 'negative', 'negative'], dtype=object), 'from': array([ 6, 27, 96], dtype=int16), 'to': array([ 13,  33, 102], dtype=int16)}"
963,"  Another THREE weeks later I had my laptop back with a new mousepad, keys, and casing.","{'term': array(['mousepad', 'keys', 'casing'], dtype=object), 'polarity': array(['neutral', 'neutral', 'neutral'], dtype=object), 'from': array([60, 70, 80], dtype=int16), 'to': array([68, 74, 86], dtype=int16)}"
86,I have had my new Macbook Pro i5 for a couple of days and have recycled ALL of my old PC laptops.,"{'term': array([''], dtype=object), 'polarity': array([''], dtype=object), 'from': array([0], dtype=int16), 'to': array([0], dtype=int16)}"
1645,See when it comes to laptops you buy it and get just a normal operating system with trials of must need stuff that should come with it.,"{'term': array(['operating system'], dtype=object), 'polarity': array(['neutral'], dtype=object), 'from': array([62], dtype=int16), 'to': array([78], dtype=int16)}"
2792,"The only thing I don't understand is that the resolution of the screen isn't high enough for some pages, such as Yahoo!Mail.","{'term': array(['resolution of the screen'], dtype=object), 'polarity': array(['negative'], dtype=object), 'from': array([46], dtype=int16), 'to': array([70], dtype=int16)}"
2575,"The only thing I wish this had was the option to turn off the touchpad with a button like my big 16"" laptop does.","{'term': array(['touchpad'], dtype=object), 'polarity': array(['negative'], dtype=object), 'from': array([62], dtype=int16), 'to': array([70], dtype=int16)}"
571,very convenient when you travel and the battery life is excellent...,"{'term': array(['battery life'], dtype=object), 'polarity': array(['positive'], dtype=object), 'from': array([40], dtype=int16), 'to': array([52], dtype=int16)}"
2011,  The machine is slow to boot up and occasionally crashes completely.,"{'term': array(['boot up'], dtype=object), 'polarity': array(['negative'], dtype=object), 'from': array([25], dtype=int16), 'to': array([32], dtype=int16)}"
2161,This is great if you have several lectures back to back and don't have a chance to charge during one of the lectures.,"{'term': array(['charge'], dtype=object), 'polarity': array(['positive'], dtype=object), 'from': array([83], dtype=int16), 'to': array([89], dtype=int16)}"
3080,I wish Toshiba would allow their customers to select an option that only boots the OS at setup and removes all the unnecessary stuff.,"{'term': array(['OS'], dtype=object), 'polarity': array(['neutral'], dtype=object), 'from': array([83], dtype=int16), 'to': array([85], dtype=int16)}"
1464,At first it's like you're in that honeymoon stage with your laptop.,"{'term': array([''], dtype=object), 'polarity': array([''], dtype=object), 'from': array([0], dtype=int16), 'to': array([0], dtype=int16)}"
2446,I didn't want to buy a generic brand computer but it is really nice.,"{'term': array([''], dtype=object), 'polarity': array([''], dtype=object), 'from': array([0], dtype=int16), 'to': array([0], dtype=int16)}"
2542,i can use it for all of my needs.,"{'term': array([''], dtype=object), 'polarity': array([''], dtype=object), 'from': array([0], dtype=int16), 'to': array([0], dtype=int16)}"
2262,"After doing CAD work all day at work, using a higher end PC, I couldn't come home and settle for the use of a lower end computer.","{'term': array([''], dtype=object), 'polarity': array([''], dtype=object), 'from': array([0], dtype=int16), 'to': array([0], dtype=int16)}"
2583,the screen brightness automatically adjusts.,"{'term': array(['screen brightness'], dtype=object), 'polarity': array(['neutral'], dtype=object), 'from': array([4], dtype=int16), 'to': array([21], dtype=int16)}"
2208,I especially like the backlit keyboard.,"{'term': array(['backlit keyboard'], dtype=object), 'polarity': array(['positive'], dtype=object), 'from': array([22], dtype=int16), 'to': array([38], dtype=int16)}"
1118,Either way I'm furious.,"{'term': array([''], dtype=object), 'polarity': array([''], dtype=object), 'from': array([0], dtype=int16), 'to': array([0], dtype=int16)}"
2526,"Besides the great look, it is a great machine.","{'term': array(['look'], dtype=object), 'polarity': array(['positive'], dtype=object), 'from': array([18], dtype=int16), 'to': array([22], dtype=int16)}"
396,"My laptop cost approximately $2,300 and DIED after only 2-years, 10-months and 18-days of use.","{'term': array(['cost'], dtype=object), 'polarity': array(['negative'], dtype=object), 'from': array([10], dtype=int16), 'to': array([14], dtype=int16)}"
2088,"The sound is a bit quiet if you're on a plane, this can easily be overcome with a decent pair of head phones.","{'term': array(['sound'], dtype=object), 'polarity': array(['negative'], dtype=object), 'from': array([4], dtype=int16), 'to': array([9], dtype=int16)}"
2061,I was not aware that this product cannot display websites that contain Flash.,"{'term': array([''], dtype=object), 'polarity': array([''], dtype=object), 'from': array([0], dtype=int16), 'to': array([0], dtype=int16)}"
1094,"This computer was bought because I wanted ""top of the line"", fast, reliable, HA.","{'term': array([''], dtype=object), 'polarity': array([''], dtype=object), 'from': array([0], dtype=int16), 'to': array([0], dtype=int16)}"
501,A lot of help they WEREN'T!,"{'term': array([''], dtype=object), 'polarity': array([''], dtype=object), 'from': array([0], dtype=int16), 'to': array([0], dtype=int16)}"
1799,(The SATA controller is the motherboard chip that lets the CPU talk to the hard drive.),"{'term': array(['SATA controller', 'motherboard chip', 'CPU', 'hard drive'],
      dtype=object), 'polarity': array(['neutral', 'neutral', 'neutral', 'neutral'], dtype=object), 'from': array([ 5, 28, 59, 75], dtype=int16), 'to': array([20, 44, 62, 85], dtype=int16)}"
1013,I will never buy anything from HP again!,"{'term': array([''], dtype=object), 'polarity': array([''], dtype=object), 'from': array([0], dtype=int16), 'to': array([0], dtype=int16)}"
1521,I can't imagine EVER buying a PC again!,"{'term': array([''], dtype=object), 'polarity': array([''], dtype=object), 'from': array([0], dtype=int16), 'to': array([0], dtype=int16)}"
1052,The buttons you have to press a little harder than most.,"{'term': array(['buttons'], dtype=object), 'polarity': array(['negative'], dtype=object), 'from': array([4], dtype=int16), 'to': array([11], dtype=int16)}"
1922,"The battery life was supposed to be 6 hours, but even if I ran off the battery with the high effeciency setting the battery would only last me on average about 2.5 to 3 hours.","{'term': array(['battery life', 'battery', 'battery'], dtype=object), 'polarity': array(['negative', 'neutral', 'negative'], dtype=object), 'from': array([  4,  71, 116], dtype=int16), 'to': array([ 16,  78, 123], dtype=int16)}"
2251,It allows you to automatically upload photos to your Facebook account with one click.,"{'term': array([''], dtype=object), 'polarity': array([''], dtype=object), 'from': array([0], dtype=int16), 'to': array([0], dtype=int16)}"
2715,Took it back as it was defective.,"{'term': array([''], dtype=object), 'polarity': array([''], dtype=object), 'from': array([0], dtype=int16), 'to': array([0], dtype=int16)}"
1115,"Other Thoughts: I love newegg, I recommend them to the world however this is just unacceptable.","{'term': array([''], dtype=object), 'polarity': array([''], dtype=object), 'from': array([0], dtype=int16), 'to': array([0], dtype=int16)}"
1214,Now 17 months later they want (would not say exact amount) $165.00 to $400 to fix the machine.,"{'term': array([''], dtype=object), 'polarity': array([''], dtype=object), 'from': array([0], dtype=int16), 'to': array([0], dtype=int16)}"
297,I simply got tired of a bad computer like windows with its constant freezing and anti-virus.,"{'term': array([''], dtype=object), 'polarity': array([''], dtype=object), 'from': array([0], dtype=int16), 'to': array([0], dtype=int16)}"
1025,"I am not one to throw things like this around but it is a laptop so carrying it around does seem to mean it will be jerked possibly a little, while driving a car and carrying it into where ever you are using it.","{'term': array([''], dtype=object), 'polarity': array([''], dtype=object), 'from': array([0], dtype=int16), 'to': array([0], dtype=int16)}"
2990,Right size and weight for portability.,"{'term': array(['size', 'weight', 'portability'], dtype=object), 'polarity': array(['positive', 'positive', 'positive'], dtype=object), 'from': array([ 6, 15, 26], dtype=int16), 'to': array([10, 21, 37], dtype=int16)}"
2555,We decided we would try to trade-in our old ones.,"{'term': array([''], dtype=object), 'polarity': array([''], dtype=object), 'from': array([0], dtype=int16), 'to': array([0], dtype=int16)}"
2384,"So far, so good!","{'term': array([''], dtype=object), 'polarity': array([''], dtype=object), 'from': array([0], dtype=int16), 'to': array([0], dtype=int16)}"
2929,It took a little over 2 weeks until i got it back.,"{'term': array([''], dtype=object), 'polarity': array([''], dtype=object), 'from': array([0], dtype=int16), 'to': array([0], dtype=int16)}"
1262,Eventually the screen went blank and the computer would not turn on.,"{'term': array([''], dtype=object), 'polarity': array([''], dtype=object), 'from': array([0], dtype=int16), 'to': array([0], dtype=int16)}"
701,The battery life also doesn't keep up with the claim but still I think macbook is much ahead from the rest of the pack.,"{'term': array(['battery life'], dtype=object), 'polarity': array(['negative'], dtype=object), 'from': array([4], dtype=int16), 'to': array([16], dtype=int16)}"
828,"  It was loaded with Windows Vista Home Premium--delivered with only 1GB of RAM, and it was a *dog*.","{'term': array(['Windows Vista Home Premium', '1GB of RAM'], dtype=object), 'polarity': array(['neutral', 'negative'], dtype=object), 'from': array([21, 69], dtype=int16), 'to': array([47, 79], dtype=int16)}"
2411,What a waste of time it was to run a Defrag on the PC!,"{'term': array([''], dtype=object), 'polarity': array([''], dtype=object), 'from': array([0], dtype=int16), 'to': array([0], dtype=int16)}"
3023,The reflectiveness of the display is only a minor inconvenience if you work in a controlled-lighting environment like me (I prefer it dark) or if you can crank up the brightness.,"{'term': array(['display', 'brightness'], dtype=object), 'polarity': array(['negative', 'neutral'], dtype=object), 'from': array([ 26, 167], dtype=int16), 'to': array([ 33, 177], dtype=int16)}"
2961,My one complaint with this laptop is that I've noticed an electronic fuzz sound coming out of the headphone jack when headphones are plugged in.,"{'term': array(['electronic fuzz sound', 'headphone jack'], dtype=object), 'polarity': array(['negative', 'negative'], dtype=object), 'from': array([58, 98], dtype=int16), 'to': array([ 79, 112], dtype=int16)}"
133,This system is not worth the money or trouble trying to get it fix.,"{'term': array([''], dtype=object), 'polarity': array([''], dtype=object), 'from': array([0], dtype=int16), 'to': array([0], dtype=int16)}"
1162,"UPDATE: Two years after buying this laptop, I am now the proud owner of a lemon.","{'term': array([''], dtype=object), 'polarity': array([''], dtype=object), 'from': array([0], dtype=int16), 'to': array([0], dtype=int16)}"
2329,"While it was highly rated, would I like it? I tried the keyboard at the store, and it seemed ok.","{'term': array(['keyboard'], dtype=object), 'polarity': array(['neutral'], dtype=object), 'from': array([56], dtype=int16), 'to': array([64], dtype=int16)}"
2000,"Treat yourself to a more expensive, long-lasting laptop of quality like a Sony, Apple, or Toshiba.","{'term': array(['quality'], dtype=object), 'polarity': array(['positive'], dtype=object), 'from': array([59], dtype=int16), 'to': array([66], dtype=int16)}"
2204,I love it - never had a computer I was so impressed with - and I've had a lot of laptops and desktops - this one is FAR AND ABOVE THE BEST ONE I EVER HAD BEFORE.,"{'term': array([''], dtype=object), 'polarity': array([''], dtype=object), 'from': array([0], dtype=int16), 'to': array([0], dtype=int16)}"
1269,We did not even have it a year.,"{'term': array([''], dtype=object), 'polarity': array([''], dtype=object), 'from': array([0], dtype=int16), 'to': array([0], dtype=int16)}"
1528,"I have had to call with a few questions or issues and they have helped me for free, even without the warranty.","{'term': array(['warranty'], dtype=object), 'polarity': array(['neutral'], dtype=object), 'from': array([101], dtype=int16), 'to': array([109], dtype=int16)}"
928,So you out of of notebook and money.,"{'term': array([''], dtype=object), 'polarity': array([''], dtype=object), 'from': array([0], dtype=int16), 'to': array([0], dtype=int16)}"
772,Was searching online for a power supply when I found this site.,"{'term': array(['power supply'], dtype=object), 'polarity': array(['neutral'], dtype=object), 'from': array([27], dtype=int16), 'to': array([39], dtype=int16)}"
1502,"But to be honest, I don't use my computer for anything like graphics editing and complex data analysis and gaming.","{'term': array(['gaming', 'graphics editing', 'complex data analysis'],
      dtype=object), 'polarity': array(['neutral', 'neutral', 'neutral'], dtype=object), 'from': array([107,  60,  81], dtype=int16), 'to': array([113,  76, 102], dtype=int16)}"
858,  I would  rather spend my money on a computer that costs more then a Toshiba that  isn't good at all.,"{'term': array(['costs'], dtype=object), 'polarity': array(['negative'], dtype=object), 'from': array([52], dtype=int16), 'to': array([57], dtype=int16)}"
1173,(No problem with the ordering or shipping by the way.,"{'term': array(['shipping'], dtype=object), 'polarity': array(['positive'], dtype=object), 'from': array([33], dtype=int16), 'to': array([41], dtype=int16)}"
1647,And the ram (the thing that makes it faster) comes sporting 2 gigs for high performance to handle more stuff at once and surf the web a whole lot faster than before.,"{'term': array(['ram', 'performance', 'surf the web'], dtype=object), 'polarity': array(['positive', 'positive', 'positive'], dtype=object), 'from': array([  8,  76, 121], dtype=int16), 'to': array([ 11,  87, 133], dtype=int16)}"
2488,The one thing I wish it had was a detailed hardcopy manuel.,"{'term': array(['hardcopy manuel'], dtype=object), 'polarity': array(['negative'], dtype=object), 'from': array([43], dtype=int16), 'to': array([58], dtype=int16)}"
1995,"I edit and burn to DVD a lot of video, so I obviously could not live with a non-functioning drive.","{'term': array(['drive'], dtype=object), 'polarity': array(['negative'], dtype=object), 'from': array([92], dtype=int16), 'to': array([97], dtype=int16)}"
2820,"Fast, great visual!","{'term': array(['visual'], dtype=object), 'polarity': array(['positive'], dtype=object), 'from': array([12], dtype=int16), 'to': array([18], dtype=int16)}"
2083,It's priced very reasonable and works very well right out of the box.,"{'term': array(['priced', 'works'], dtype=object), 'polarity': array(['positive', 'positive'], dtype=object), 'from': array([ 5, 32], dtype=int16), 'to': array([11, 37], dtype=int16)}"
1060,You will need them if you want to reload the OS (I recommend doing if you can to start fresh and optimal).,"{'term': array(['OS'], dtype=object), 'polarity': array(['neutral'], dtype=object), 'from': array([45], dtype=int16), 'to': array([47], dtype=int16)}"
261,"apple and quess what, you have to send the whole laptop in, too bad, so sad","{'term': array([''], dtype=object), 'polarity': array([''], dtype=object), 'from': array([0], dtype=int16), 'to': array([0], dtype=int16)}"
3038,If you could stretch by a few 100 dollars I highly recommend you should replace your Windows laptop with this one.,"{'term': array([''], dtype=object), 'polarity': array([''], dtype=object), 'from': array([0], dtype=int16), 'to': array([0], dtype=int16)}"
1814,"might have to buy one for me now, since I use it all the time.","{'term': array([''], dtype=object), 'polarity': array([''], dtype=object), 'from': array([0], dtype=int16), 'to': array([0], dtype=int16)}"
2782,"while the keyboard itself is alright, the plate around it is cheap plastic and makes a hollow sound when using the mouse command buttons.","{'term': array(['keyboard', 'plate', 'mouse command buttons'], dtype=object), 'polarity': array(['positive', 'negative', 'negative'], dtype=object), 'from': array([ 10,  42, 115], dtype=int16), 'to': array([ 18,  47, 136], dtype=int16)}"
468,I purchased it this year when my old HP laptop finally died and I was looking for something smaller and lighter than a laptop to carry around for classes and traveling.,"{'term': array([''], dtype=object), 'polarity': array([''], dtype=object), 'from': array([0], dtype=int16), 'to': array([0], dtype=int16)}"
1092,I Have a friend who has the other model and we put them side by side with the same dvd in (battle of the Smithsonian) After on Hour mine was at 53% life left and his was at 69% life left.,"{'term': array([''], dtype=object), 'polarity': array([''], dtype=object), 'from': array([0], dtype=int16), 'to': array([0], dtype=int16)}"
1280,The latest is on my LG Netbook X12,"{'term': array([''], dtype=object), 'polarity': array([''], dtype=object), 'from': array([0], dtype=int16), 'to': array([0], dtype=int16)}"
1478,Purchased as a gift for a friend.,"{'term': array([''], dtype=object), 'polarity': array([''], dtype=object), 'from': array([0], dtype=int16), 'to': array([0], dtype=int16)}"
1235,I would not recommend the purchase of this modle of Toshiba Computer or any Toshiba product for that matter.,"{'term': array([''], dtype=object), 'polarity': array([''], dtype=object), 'from': array([0], dtype=int16), 'to': array([0], dtype=int16)}"
1773,I've never had problems with viruses.,"{'term': array([''], dtype=object), 'polarity': array([''], dtype=object), 'from': array([0], dtype=int16), 'to': array([0], dtype=int16)}"
1854,"After they found no other way, they told me to courier it to them(since they don't allow the use of the post office) at my expense, and sent me a 4 page list of very specific packaging instructions to follow or it wouldn't be covered.","{'term': array([''], dtype=object), 'polarity': array([''], dtype=object), 'from': array([0], dtype=int16), 'to': array([0], dtype=int16)}"
1511,There are so many wonderful features and benefits to the new MacBook!,"{'term': array(['features'], dtype=object), 'polarity': array(['positive'], dtype=object), 'from': array([28], dtype=int16), 'to': array([36], dtype=int16)}"
563,the mcbook pro notebook will make it easy for you to write and read your emails at blazing speeds.,"{'term': array(['speeds'], dtype=object), 'polarity': array(['positive'], dtype=object), 'from': array([91], dtype=int16), 'to': array([97], dtype=int16)}"
2668,The only thing i can say is that the touch pad doesnt work like it should all the time.,"{'term': array(['touch pad'], dtype=object), 'polarity': array(['negative'], dtype=object), 'from': array([37], dtype=int16), 'to': array([46], dtype=int16)}"
1535,"However, I love this particular Mac because its very fast, great size, and has fantastic features like the lighted keyboard and easy mouse pad.","{'term': array(['size', 'features', 'lighted keyboard', 'mouse pad'], dtype=object), 'polarity': array(['positive', 'positive', 'positive', 'positive'], dtype=object), 'from': array([ 65,  89, 107, 133], dtype=int16), 'to': array([ 69,  97, 123, 142], dtype=int16)}"
2991,Battery life needs more life.,"{'term': array(['Battery life'], dtype=object), 'polarity': array(['negative'], dtype=object), 'from': array([0], dtype=int16), 'to': array([12], dtype=int16)}"
132,For some odd reasons the computer doesn't reconize the operation system.,"{'term': array(['operation system'], dtype=object), 'polarity': array(['negative'], dtype=object), 'from': array([55], dtype=int16), 'to': array([71], dtype=int16)}"
1011,I had to wait 3 weeks to get it back and it still is not working properly.,"{'term': array([''], dtype=object), 'polarity': array([''], dtype=object), 'from': array([0], dtype=int16), 'to': array([0], dtype=int16)}"
466,I am going to go back and return at Store I bought from!,"{'term': array([''], dtype=object), 'polarity': array([''], dtype=object), 'from': array([0], dtype=int16), 'to': array([0], dtype=int16)}"
208,The trackpad was easy to learn and navigate.,"{'term': array(['trackpad'], dtype=object), 'polarity': array(['positive'], dtype=object), 'from': array([4], dtype=int16), 'to': array([12], dtype=int16)}"
2314,"Applications open in seconds and there are no lags, hiccups or awkward moments when you wonder whether your computer is out for tea.","{'term': array(['Applications'], dtype=object), 'polarity': array(['positive'], dtype=object), 'from': array([0], dtype=int16), 'to': array([12], dtype=int16)}"
2552,My husband purchased a laptop at the same time for about $300 less (he got a pc).,"{'term': array([''], dtype=object), 'polarity': array([''], dtype=object), 'from': array([0], dtype=int16), 'to': array([0], dtype=int16)}"
634,I respond that I do not have the old computer and this way I would lose the data on my hard drive.,"{'term': array(['hard drive'], dtype=object), 'polarity': array(['negative'], dtype=object), 'from': array([87], dtype=int16), 'to': array([97], dtype=int16)}"
1926,Again in February my computer completely failed to the point that it could not load Windows so I contacted Acer to get it fixed thru my Warrenty and it took about 3 days fighting on the phone with agents and it seemed as though NONE of them spoke English.,"{'term': array(['Windows', 'Warrenty', 'agents'], dtype=object), 'polarity': array(['neutral', 'neutral', 'negative'], dtype=object), 'from': array([ 84, 136, 197], dtype=int16), 'to': array([ 91, 144, 203], dtype=int16)}"
880,I think this ps was manufactured in the mid 90's.,"{'term': array([''], dtype=object), 'polarity': array([''], dtype=object), 'from': array([0], dtype=int16), 'to': array([0], dtype=int16)}"
721,both upgrades were quickly accomplished after purchasing the necessary Product Key.,"{'term': array([''], dtype=object), 'polarity': array([''], dtype=object), 'from': array([0], dtype=int16), 'to': array([0], dtype=int16)}"
2849,I have owned it only two months!,"{'term': array([''], dtype=object), 'polarity': array([''], dtype=object), 'from': array([0], dtype=int16), 'to': array([0], dtype=int16)}"
360,I love my macbook pro!,"{'term': array([''], dtype=object), 'polarity': array([''], dtype=object), 'from': array([0], dtype=int16), 'to': array([0], dtype=int16)}"
1572,From the moment I opened the box to the present it has been a great joy.,"{'term': array([''], dtype=object), 'polarity': array([''], dtype=object), 'from': array([0], dtype=int16), 'to': array([0], dtype=int16)}"
247,I bought this eMachines Notebook PC in January of this year and I am highly dissatisfied with it.,"{'term': array([''], dtype=object), 'polarity': array([''], dtype=object), 'from': array([0], dtype=int16), 'to': array([0], dtype=int16)}"
2417,Even though the computer is larger they did not make the keyboard larger.,"{'term': array(['keyboard'], dtype=object), 'polarity': array(['negative'], dtype=object), 'from': array([57], dtype=int16), 'to': array([65], dtype=int16)}"
1715,"Thanks, MacConnection, for making this a seamless purchase!","{'term': array([''], dtype=object), 'polarity': array([''], dtype=object), 'from': array([0], dtype=int16), 'to': array([0], dtype=int16)}"
500,We paid for the three year warranty and the extended warranty after that one ended as well.,"{'term': array(['three year warranty', 'extended warranty'], dtype=object), 'polarity': array(['neutral', 'neutral'], dtype=object), 'from': array([16, 44], dtype=int16), 'to': array([35, 61], dtype=int16)}"
859,"Its not just slow on the internet, its slow in general.","{'term': array(['internet'], dtype=object), 'polarity': array(['negative'], dtype=object), 'from': array([25], dtype=int16), 'to': array([33], dtype=int16)}"
1504,It has just enough RAM to run smoothly and enough memory to satisfy my needs.,"{'term': array(['RAM', 'memory'], dtype=object), 'polarity': array(['positive', 'positive'], dtype=object), 'from': array([19, 50], dtype=int16), 'to': array([22, 56], dtype=int16)}"
2474,The difference is phenomenal.,"{'term': array([''], dtype=object), 'polarity': array([''], dtype=object), 'from': array([0], dtype=int16), 'to': array([0], dtype=int16)}"
158,"I acually believe the issue is with the Nvidia grafics card, but still requires a return.","{'term': array(['Nvidia grafics card'], dtype=object), 'polarity': array(['negative'], dtype=object), 'from': array([40], dtype=int16), 'to': array([59], dtype=int16)}"
2421,I am a freelance graphic artist.,"{'term': array([''], dtype=object), 'polarity': array([''], dtype=object), 'from': array([0], dtype=int16), 'to': array([0], dtype=int16)}"
2567,"No waiting to have my claim reviewed by someone in another state (or more often, another country).","{'term': array([''], dtype=object), 'polarity': array([''], dtype=object), 'from': array([0], dtype=int16), 'to': array([0], dtype=int16)}"
1961,I did not like my acer.,"{'term': array([''], dtype=object), 'polarity': array([''], dtype=object), 'from': array([0], dtype=int16), 'to': array([0], dtype=int16)}"
2879,My husband got me this for Chrismas after getting me a very expensve laptop that did not work after 2 days.,"{'term': array(['work'], dtype=object), 'polarity': array(['negative'], dtype=object), 'from': array([89], dtype=int16), 'to': array([93], dtype=int16)}"
946,  Problem fixed which is great but there went another two weeks without my laptop at school.,"{'term': array([''], dtype=object), 'polarity': array([''], dtype=object), 'from': array([0], dtype=int16), 'to': array([0], dtype=int16)}"
1565,The resolution is even higher then any other laptop on the market.,"{'term': array(['resolution'], dtype=object), 'polarity': array(['positive'], dtype=object), 'from': array([4], dtype=int16), 'to': array([14], dtype=int16)}"
2854,"Then just the other day, my left ""mouse"" button snapped!","{'term': array(['left ""mouse"" button'], dtype=object), 'polarity': array(['negative'], dtype=object), 'from': array([28], dtype=int16), 'to': array([47], dtype=int16)}"
2585,It is VERY easy to type on and feels great - besides the added feature that the keyboard is lighted.,"{'term': array(['keyboard', 'feature', 'type'], dtype=object), 'polarity': array(['positive', 'positive', 'positive'], dtype=object), 'from': array([80, 63, 19], dtype=int16), 'to': array([88, 70, 23], dtype=int16)}"
2692,"Laptop is advertised as a 15"" but the casing looks like that of a 17"".","{'term': array(['casing', '15""', '17""'], dtype=object), 'polarity': array(['negative', 'neutral', 'neutral'], dtype=object), 'from': array([38, 26, 66], dtype=int16), 'to': array([44, 29, 69], dtype=int16)}"
1146,  Remember to do your research first before consider buying a toshiba product.,"{'term': array([''], dtype=object), 'polarity': array([''], dtype=object), 'from': array([0], dtype=int16), 'to': array([0], dtype=int16)}"
413,I bought this laptop the moment unibody product came to the market.,"{'term': array([''], dtype=object), 'polarity': array([''], dtype=object), 'from': array([0], dtype=int16), 'to': array([0], dtype=int16)}"
2634,The only time I have restarted is during system updates.,"{'term': array([''], dtype=object), 'polarity': array([''], dtype=object), 'from': array([0], dtype=int16), 'to': array([0], dtype=int16)}"
2232,mac is extremely different than any other laptop.,"{'term': array([''], dtype=object), 'polarity': array([''], dtype=object), 'from': array([0], dtype=int16), 'to': array([0], dtype=int16)}"
3018,The feel of this machine compared to the old MacBook is far superior.,"{'term': array(['feel'], dtype=object), 'polarity': array(['positive'], dtype=object), 'from': array([4], dtype=int16), 'to': array([8], dtype=int16)}"
49,"In due course, I'll remove the hard disc from this new MacBook Pro and dump it where it belongs - in the trash.","{'term': array(['hard disc'], dtype=object), 'polarity': array(['negative'], dtype=object), 'from': array([31], dtype=int16), 'to': array([40], dtype=int16)}"
2614,"It's great and we will always stick with Apple computers, we have been so happy with them.","{'term': array([''], dtype=object), 'polarity': array([''], dtype=object), 'from': array([0], dtype=int16), 'to': array([0], dtype=int16)}"
981,  I should have realized that trouble was brewing .,"{'term': array([''], dtype=object), 'polarity': array([''], dtype=object), 'from': array([0], dtype=int16), 'to': array([0], dtype=int16)}"
259,"They break down just as often as PCs do, and the only reason they don't get viruses, is because no one makes viruses for them, they're not better in any way, they are worse, try finding virus protection programs for a Mac, they don't exist.","{'term': array(['virus protection programs for a Mac'], dtype=object), 'polarity': array(['negative'], dtype=object), 'from': array([186], dtype=int16), 'to': array([221], dtype=int16)}"
2774,Thank you.,"{'term': array([''], dtype=object), 'polarity': array([''], dtype=object), 'from': array([0], dtype=int16), 'to': array([0], dtype=int16)}"
2256,The benefits were immediate!,"{'term': array([''], dtype=object), 'polarity': array([''], dtype=object), 'from': array([0], dtype=int16), 'to': array([0], dtype=int16)}"
1550,Much faster than my old windows laptop that died on me.,"{'term': array([''], dtype=object), 'polarity': array([''], dtype=object), 'from': array([0], dtype=int16), 'to': array([0], dtype=int16)}"
1721,"Never any doubt I would get a MacBook, just wasn't sure which one.","{'term': array([''], dtype=object), 'polarity': array([''], dtype=object), 'from': array([0], dtype=int16), 'to': array([0], dtype=int16)}"
2146,"But with A WAY Bigger Screen, and IS able to connect to an HDMI.","{'term': array(['Screen', 'HDMI'], dtype=object), 'polarity': array(['positive', 'neutral'], dtype=object), 'from': array([22, 59], dtype=int16), 'to': array([28, 63], dtype=int16)}"
1399,the graphics are awful and the wireless switch it at the top rather than the side which I am used to it being on the side.,"{'term': array(['graphics', 'wireless switch'], dtype=object), 'polarity': array(['negative', 'negative'], dtype=object), 'from': array([ 4, 31], dtype=int16), 'to': array([12, 46], dtype=int16)}"
2400,The overall build quality of the unit is excellent and she'd recommend it to anyone else looking for a netbook.,"{'term': array(['build quality'], dtype=object), 'polarity': array(['positive'], dtype=object), 'from': array([12], dtype=int16), 'to': array([25], dtype=int16)}"
1917,I bought my Acer Aspire custom made in June 2008.,"{'term': array([''], dtype=object), 'polarity': array([''], dtype=object), 'from': array([0], dtype=int16), 'to': array([0], dtype=int16)}"
1302,I guess he was the technical person.,"{'term': array(['technical person'], dtype=object), 'polarity': array(['neutral'], dtype=object), 'from': array([19], dtype=int16), 'to': array([35], dtype=int16)}"
2815,They click.,"{'term': array([''], dtype=object), 'polarity': array([''], dtype=object), 'from': array([0], dtype=int16), 'to': array([0], dtype=int16)}"
534,A seventy dollar mouse!,"{'term': array(['mouse'], dtype=object), 'polarity': array(['neutral'], dtype=object), 'from': array([17], dtype=int16), 'to': array([22], dtype=int16)}"
429,"The repairs were made quickly though I must say, however the second time they shipped it to the incorrect address and it took nearly a week for them to get it to me.","{'term': array(['shipped'], dtype=object), 'polarity': array(['negative'], dtype=object), 'from': array([78], dtype=int16), 'to': array([85], dtype=int16)}"
978,I have the A65 - right now it's a paperweight.,"{'term': array([''], dtype=object), 'polarity': array([''], dtype=object), 'from': array([0], dtype=int16), 'to': array([0], dtype=int16)}"
2301,when i first got it i thought the size of it was a joke.,"{'term': array(['size'], dtype=object), 'polarity': array(['negative'], dtype=object), 'from': array([34], dtype=int16), 'to': array([38], dtype=int16)}"
2087,"That being said, it still runs video in full screen decently.","{'term': array([''], dtype=object), 'polarity': array([''], dtype=object), 'from': array([0], dtype=int16), 'to': array([0], dtype=int16)}"
2378,It is fast and i have not had a problem with internet connection or any other problems.,"{'term': array(['internet connection'], dtype=object), 'polarity': array(['positive'], dtype=object), 'from': array([45], dtype=int16), 'to': array([64], dtype=int16)}"
2722,I'm really impressed with the quality and performance for the price of the computer.,"{'term': array(['quality', 'performance', 'price'], dtype=object), 'polarity': array(['positive', 'positive', 'positive'], dtype=object), 'from': array([30, 42, 62], dtype=int16), 'to': array([37, 53, 67], dtype=int16)}"
1058,"But when I received my replacement, I made BOTH recovery DVDs (4), and a driver/application DVD.","{'term': array(['recovery DVDs', 'driver/application DVD'], dtype=object), 'polarity': array(['neutral', 'neutral'], dtype=object), 'from': array([48, 73], dtype=int16), 'to': array([61, 95], dtype=int16)}"
2252,"In addition, there is photo detection software that will allow you to group all the photos together based upon the people in the picture.","{'term': array(['photo detection software'], dtype=object), 'polarity': array(['positive'], dtype=object), 'from': array([22], dtype=int16), 'to': array([46], dtype=int16)}"
2781,The speakers are terrible and are probably the cheapest ones I have ever seen in a laptop so if your planning to listen to music I suggest you get something better.,"{'term': array(['speakers'], dtype=object), 'polarity': array(['negative'], dtype=object), 'from': array([4], dtype=int16), 'to': array([12], dtype=int16)}"
927,"So then you may be lucky to get ahold to someone who understands that its no good and they will let you send it back, but of course you are taking a chance of them testing it out to see what has happened, and they tell you that it was not on their side , then you are stuck paying for the repair (the price of a new one).","{'term': array(['price'], dtype=object), 'polarity': array(['negative'], dtype=object), 'from': array([301], dtype=int16), 'to': array([306], dtype=int16)}"
2293,What's really great about this product is you may have a family member who is computer illiterate and you can pretty much just let them loose on this computer without any real supervision.,"{'term': array([''], dtype=object), 'polarity': array([''], dtype=object), 'from': array([0], dtype=int16), 'to': array([0], dtype=int16)}"
424,"The lesson learned here is: It does not pay to by this loyal to any brand, since all of them are there to simply  to make as much money as possible, as fast as they can, and in this day and age, the customer no longer is right all the times.","{'term': array([''], dtype=object), 'polarity': array([''], dtype=object), 'from': array([0], dtype=int16), 'to': array([0], dtype=int16)}"
2316,PDF files can be viewed instantly.,"{'term': array([''], dtype=object), 'polarity': array([''], dtype=object), 'from': array([0], dtype=int16), 'to': array([0], dtype=int16)}"
2008,Dell Latitude d620 is not a reliable machine.,"{'term': array([''], dtype=object), 'polarity': array([''], dtype=object), 'from': array([0], dtype=int16), 'to': array([0], dtype=int16)}"
1726,I have had it for almost four years now and I have only had a few problems with it.,"{'term': array([''], dtype=object), 'polarity': array([''], dtype=object), 'from': array([0], dtype=int16), 'to': array([0], dtype=int16)}"
2779,Overall for the money this is a good deal.,"{'term': array([''], dtype=object), 'polarity': array([''], dtype=object), 'from': array([0], dtype=int16), 'to': array([0], dtype=int16)}"
2955,"It is so simple to use, I use it more than my desktop.","{'term': array(['use'], dtype=object), 'polarity': array(['positive'], dtype=object), 'from': array([19], dtype=int16), 'to': array([22], dtype=int16)}"
2697,I also had a problem with the touchpad that caused the mouse pointer to jump all over the screen.,"{'term': array(['touchpad', 'screen', 'mouse pointer'], dtype=object), 'polarity': array(['negative', 'neutral', 'negative'], dtype=object), 'from': array([30, 90, 55], dtype=int16), 'to': array([38, 96, 68], dtype=int16)}"
1575,I saved for this laptop for 3 months and I can tell you personally it was worth the wait.,"{'term': array([''], dtype=object), 'polarity': array([''], dtype=object), 'from': array([0], dtype=int16), 'to': array([0], dtype=int16)}"
1007,"I own a Hewlett Packard laptop and I've had man problems with it since I bought in in Feb, 201","{'term': array([''], dtype=object), 'polarity': array([''], dtype=object), 'from': array([0], dtype=int16), 'to': array([0], dtype=int16)}"
979,   It has a overheating issue - nearly to the point of being dangerous.,"{'term': array([''], dtype=object), 'polarity': array([''], dtype=object), 'from': array([0], dtype=int16), 'to': array([0], dtype=int16)}"
2357,I have had no problems with it unlike some hardware defects on past models.,"{'term': array(['hardware'], dtype=object), 'polarity': array(['negative'], dtype=object), 'from': array([43], dtype=int16), 'to': array([51], dtype=int16)}"
1087,"EITHER WAY, THE KEYBOARD IS UNSATISFACTORY.","{'term': array(['KEYBOARD'], dtype=object), 'polarity': array(['negative'], dtype=object), 'from': array([16], dtype=int16), 'to': array([24], dtype=int16)}"
2529,"Well, I have to say since I bought my Mac, I won't ever go back to any Windows.","{'term': array(['Windows'], dtype=object), 'polarity': array(['negative'], dtype=object), 'from': array([71], dtype=int16), 'to': array([78], dtype=int16)}"
2111,"I took it in to the Apple store and guess what? They fixed it, no cost out of pocket.","{'term': array(['cost'], dtype=object), 'polarity': array(['negative'], dtype=object), 'from': array([66], dtype=int16), 'to': array([70], dtype=int16)}"
71,I have used different laptops in the past and I have to rate this one way above the rest.,"{'term': array([''], dtype=object), 'polarity': array([''], dtype=object), 'from': array([0], dtype=int16), 'to': array([0], dtype=int16)}"
1619,I love the Mac so much better than my work PC!,"{'term': array([''], dtype=object), 'polarity': array([''], dtype=object), 'from': array([0], dtype=int16), 'to': array([0], dtype=int16)}"
400,"The quality, engineering design and warranty are superior--covers damage from dropping the laptop.","{'term': array(['quality', 'engineering design', 'warranty'], dtype=object), 'polarity': array(['positive', 'positive', 'positive'], dtype=object), 'from': array([ 4, 13, 36], dtype=int16), 'to': array([11, 31, 44], dtype=int16)}"
2628,I recommend the Macbook Pro if you want the best laptop on the market.,"{'term': array([''], dtype=object), 'polarity': array([''], dtype=object), 'from': array([0], dtype=int16), 'to': array([0], dtype=int16)}"
2212,"The applications are also very easy to find and maneuver, much easier than any other computer I have ever owned.","{'term': array(['applications'], dtype=object), 'polarity': array(['positive'], dtype=object), 'from': array([4], dtype=int16), 'to': array([16], dtype=int16)}"
2153,The large screen gives you the option to comfortably watch movies or TV shows on your computer instead of buying an additional TV for your dorm room.,"{'term': array(['screen'], dtype=object), 'polarity': array(['positive'], dtype=object), 'from': array([10], dtype=int16), 'to': array([16], dtype=int16)}"
212,Small and light weight.,"{'term': array([''], dtype=object), 'polarity': array([''], dtype=object), 'from': array([0], dtype=int16), 'to': array([0], dtype=int16)}"
443,"Great laptop for school, easy to use for beginners in the household.","{'term': array(['use'], dtype=object), 'polarity': array(['positive'], dtype=object), 'from': array([33], dtype=int16), 'to': array([36], dtype=int16)}"
511,"He didn't work for sony, he was just approved to fix their crappy products.","{'term': array([''], dtype=object), 'polarity': array([''], dtype=object), 'from': array([0], dtype=int16), 'to': array([0], dtype=int16)}"
194,"4) Laptop still did not work, blue screen within a week...","{'term': array(['work'], dtype=object), 'polarity': array(['negative'], dtype=object), 'from': array([24], dtype=int16), 'to': array([28], dtype=int16)}"
2620,"The only thing that isn't perfect about this netbook is the speakers, they are not loud at all but I expected that.","{'term': array(['speakers'], dtype=object), 'polarity': array(['negative'], dtype=object), 'from': array([60], dtype=int16), 'to': array([68], dtype=int16)}"
1593,"Bought for my daughter to take for starting college this fall - she has been on it non-stop ever since ""learning how to use it"".","{'term': array([''], dtype=object), 'polarity': array([''], dtype=object), 'from': array([0], dtype=int16), 'to': array([0], dtype=int16)}"
83,"Never had a single problem, and don't have to worry about viruses.","{'term': array([''], dtype=object), 'polarity': array([''], dtype=object), 'from': array([0], dtype=int16), 'to': array([0], dtype=int16)}"
1299,"Of course, I inspected the other netbooks and clearly their hinges are tighter and I even demonstrate the difference between my netbook and others.","{'term': array(['hinges'], dtype=object), 'polarity': array(['negative'], dtype=object), 'from': array([60], dtype=int16), 'to': array([66], dtype=int16)}"
366,Not to mention the fact that your mac comes fully loaded with all necessary basic programs.,"{'term': array(['programs'], dtype=object), 'polarity': array(['positive'], dtype=object), 'from': array([82], dtype=int16), 'to': array([90], dtype=int16)}"
2686,Didn't work when shipped from Walmart.com but went into a store and exchanged for a working laptop (same make/model).,"{'term': array(['work'], dtype=object), 'polarity': array(['negative'], dtype=object), 'from': array([7], dtype=int16), 'to': array([11], dtype=int16)}"
368,It is SO much fun to play with.,"{'term': array([''], dtype=object), 'polarity': array([''], dtype=object), 'from': array([0], dtype=int16), 'to': array([0], dtype=int16)}"
784,If this is an improvement in Customer Service then I would hate too see what it was before!,"{'term': array(['Customer Service'], dtype=object), 'polarity': array(['negative'], dtype=object), 'from': array([29], dtype=int16), 'to': array([45], dtype=int16)}"
647,*6th week*-They are not responding to my emails asking when they expect to dispatch the new unit...,"{'term': array([''], dtype=object), 'polarity': array([''], dtype=object), 'from': array([0], dtype=int16), 'to': array([0], dtype=int16)}"
1496,"All of the programs (Keynote, Pages, Numbers) have an option to save your documents as Microsoft compatible, which really eliminates the need for the actual.","{'term': array(['programs', 'Keynote', 'Pages', 'Numbers'], dtype=object), 'polarity': array(['positive', 'neutral', 'neutral', 'neutral'], dtype=object), 'from': array([11, 21, 30, 37], dtype=int16), 'to': array([19, 28, 35, 44], dtype=int16)}"
2602,"Sure, the initial out of pocket expense is greater, but that should not dissuade anyone from the fact that these machines run like none other on the planet, and when I factor in all the money in that I wasted on Geek Squad and the latest patches to de-corrupt my infested PCs, it probably comes out about even anyhow.","{'term': array(['expense', 'run'], dtype=object), 'polarity': array(['negative', 'positive'], dtype=object), 'from': array([ 32, 122], dtype=int16), 'to': array([ 39, 125], dtype=int16)}"
1450,"The best thing to do is build your own computer, but if u can't company's like dell who allow you to choose the components are better and for the same price you can get a computer who compares to one of apple $2000 systems and if you google ""dell coupons"" you can find codes that take a signifant  amount off the price.","{'term': array(['components', 'price', 'price'], dtype=object), 'polarity': array(['positive', 'positive', 'positive'], dtype=object), 'from': array([112, 151, 313], dtype=int16), 'to': array([122, 156, 318], dtype=int16)}"
1410,"There is no cd drive on the computer, which defeats the purpose of keeping files on a cd.","{'term': array(['cd drive'], dtype=object), 'polarity': array(['negative'], dtype=object), 'from': array([12], dtype=int16), 'to': array([20], dtype=int16)}"
688,And Toshiba is a quality supplier.,"{'term': array([''], dtype=object), 'polarity': array([''], dtype=object), 'from': array([0], dtype=int16), 'to': array([0], dtype=int16)}"
2097,For me I was lucky and a local store was selling them for $2000 off and Best Buy matched their price so I was able to buy one for under $1000,"{'term': array(['price'], dtype=object), 'polarity': array(['positive'], dtype=object), 'from': array([95], dtype=int16), 'to': array([100], dtype=int16)}"
527,I can't honestly say I was heartbroken.,"{'term': array([''], dtype=object), 'polarity': array([''], dtype=object), 'from': array([0], dtype=int16), 'to': array([0], dtype=int16)}"
2665,WILL NOT EVERY BUY ANOTHER--------LOU,"{'term': array([''], dtype=object), 'polarity': array([''], dtype=object), 'from': array([0], dtype=int16), 'to': array([0], dtype=int16)}"
1795,"Unfortunately, Apple's quality has continued to slide.","{'term': array(['quality'], dtype=object), 'polarity': array(['negative'], dtype=object), 'from': array([23], dtype=int16), 'to': array([30], dtype=int16)}"
2230,and finally i realized that mac is the best.,"{'term': array([''], dtype=object), 'polarity': array([''], dtype=object), 'from': array([0], dtype=int16), 'to': array([0], dtype=int16)}"
114,It's very annoying.,"{'term': array([''], dtype=object), 'polarity': array([''], dtype=object), 'from': array([0], dtype=int16), 'to': array([0], dtype=int16)}"
2224,I'm hoping that I can find a really quick way to clean it without it getting too gross.,"{'term': array([''], dtype=object), 'polarity': array([''], dtype=object), 'from': array([0], dtype=int16), 'to': array([0], dtype=int16)}"
3033,My only other complaint is that it gets really hot.,"{'term': array([''], dtype=object), 'polarity': array([''], dtype=object), 'from': array([0], dtype=int16), 'to': array([0], dtype=int16)}"
1614,I believe that the quality of a mac is worth the price.,"{'term': array(['quality', 'price'], dtype=object), 'polarity': array(['positive', 'positive'], dtype=object), 'from': array([19, 49], dtype=int16), 'to': array([26, 54], dtype=int16)}"
1003,I'm Very disappointed in Dell.,"{'term': array([''], dtype=object), 'polarity': array([''], dtype=object), 'from': array([0], dtype=int16), 'to': array([0], dtype=int16)}"
1392,sometimes you will be moving your finger and the pointer will not even move.,"{'term': array(['pointer'], dtype=object), 'polarity': array(['negative'], dtype=object), 'from': array([49], dtype=int16), 'to': array([56], dtype=int16)}"
680,I've only had mine a day but I'm already used to it...,"{'term': array([''], dtype=object), 'polarity': array([''], dtype=object), 'from': array([0], dtype=int16), 'to': array([0], dtype=int16)}"
436,And that was the fourth time ive sent it to them to get fixed.,"{'term': array([''], dtype=object), 'polarity': array([''], dtype=object), 'from': array([0], dtype=int16), 'to': array([0], dtype=int16)}"
697,"The 13"" Macbook Pro just fits in my budget and with free shipping and no tax to CA this is the best price we can get for a great product.","{'term': array(['shipping', 'price', 'budget'], dtype=object), 'polarity': array(['positive', 'positive', 'positive'], dtype=object), 'from': array([ 57, 100,  36], dtype=int16), 'to': array([ 65, 105,  42], dtype=int16)}"
1159,"I would rate this computer at 5 stars, but considering it has a short life span I can only give it 1 and implore anyone looking at laptops to stay away from this machine.","{'term': array(['life span'], dtype=object), 'polarity': array(['negative'], dtype=object), 'from': array([70], dtype=int16), 'to': array([79], dtype=int16)}"
2757,"I also love the design, the looks, the feel, and the my toshiba feature is wonderfull.","{'term': array(['design', 'looks', 'feel', 'my toshiba feature'], dtype=object), 'polarity': array(['positive', 'positive', 'positive', 'positive'], dtype=object), 'from': array([16, 28, 39, 53], dtype=int16), 'to': array([22, 33, 43, 71], dtype=int16)}"
232,"For me, five stars is not enough.","{'term': array([''], dtype=object), 'polarity': array([''], dtype=object), 'from': array([0], dtype=int16), 'to': array([0], dtype=int16)}"
2122,I love how easy every thing is to do on my Apple products.,"{'term': array([''], dtype=object), 'polarity': array([''], dtype=object), 'from': array([0], dtype=int16), 'to': array([0], dtype=int16)}"
1508,"Sadly Apple has discontinued this MacBook, I think it was never super popular since it fell somewhere in between the cheapest white model and the smaller Pros.","{'term': array([''], dtype=object), 'polarity': array([''], dtype=object), 'from': array([0], dtype=int16), 'to': array([0], dtype=int16)}"
278,The layout of the MacBook is horrible and confusing;,"{'term': array(['layout'], dtype=object), 'polarity': array(['negative'], dtype=object), 'from': array([4], dtype=int16), 'to': array([10], dtype=int16)}"
2783,Was not happy with one of the programs on it.,"{'term': array(['one of the programs'], dtype=object), 'polarity': array(['negative'], dtype=object), 'from': array([19], dtype=int16), 'to': array([38], dtype=int16)}"
327,"Also it is very good for college students who just need a reliable, easy to use computer.","{'term': array(['use'], dtype=object), 'polarity': array(['positive'], dtype=object), 'from': array([76], dtype=int16), 'to': array([79], dtype=int16)}"
2731,The first one sent: Touchpad didn't work The second sent: USB didn't work The third sent: Touchpad didn't work The fourth sent: Hasn't arrived yet.,"{'term': array(['Touchpad', 'USB', 'Touchpad'], dtype=object), 'polarity': array(['negative', 'negative', 'negative'], dtype=object), 'from': array([20, 58, 90], dtype=int16), 'to': array([28, 61, 98], dtype=int16)}"
218,I came from the Dell Laptops and now I am so glad I switched when I needed a new laptop.,"{'term': array([''], dtype=object), 'polarity': array([''], dtype=object), 'from': array([0], dtype=int16), 'to': array([0], dtype=int16)}"
5,This is definitely a computer worth the money;,"{'term': array([''], dtype=object), 'polarity': array([''], dtype=object), 'from': array([0], dtype=int16), 'to': array([0], dtype=int16)}"
1749,"Only other thing is that if you are using this for document creation Apple doesnt provide any kind of word processor (such as works for windows), but iwork is cheap compared to office.","{'term': array(['iwork', 'office', 'word processor', 'windows',
       'document creation'], dtype=object), 'polarity': array(['positive', 'negative', 'negative', 'neutral', 'neutral'],
      dtype=object), 'from': array([150, 177, 102, 136,  51], dtype=int16), 'to': array([155, 183, 116, 143,  68], dtype=int16)}"
820,  I am stuck with a laptop that I cannot do very much with.,"{'term': array([''], dtype=object), 'polarity': array([''], dtype=object), 'from': array([0], dtype=int16), 'to': array([0], dtype=int16)}"
245,It is light and the battery last a very long time.,"{'term': array(['battery'], dtype=object), 'polarity': array(['positive'], dtype=object), 'from': array([20], dtype=int16), 'to': array([27], dtype=int16)}"
1979,Better stick with another brand.,"{'term': array([''], dtype=object), 'polarity': array([''], dtype=object), 'from': array([0], dtype=int16), 'to': array([0], dtype=int16)}"
202,I am glad I did my research.,"{'term': array([''], dtype=object), 'polarity': array([''], dtype=object), 'from': array([0], dtype=int16), 'to': array([0], dtype=int16)}"
1142,"  And at one point, they blame me for installing a bad memory stick when I upgrade my memory for the first time during my purchase of the laptop (I bought the memory stick they recomended).","{'term': array(['memory', 'memory stick', 'memory stick'], dtype=object), 'polarity': array(['neutral', 'negative', 'neutral'], dtype=object), 'from': array([ 86,  55, 159], dtype=int16), 'to': array([ 92,  67, 171], dtype=int16)}"
1211,5 months dead again.,"{'term': array([''], dtype=object), 'polarity': array([''], dtype=object), 'from': array([0], dtype=int16), 'to': array([0], dtype=int16)}"
2294,"Also, you won't have to worry about them going onlne a getting a virus.","{'term': array([''], dtype=object), 'polarity': array([''], dtype=object), 'from': array([0], dtype=int16), 'to': array([0], dtype=int16)}"
1583,Very happy.,"{'term': array([''], dtype=object), 'polarity': array([''], dtype=object), 'from': array([0], dtype=int16), 'to': array([0], dtype=int16)}"
2372,The netbook is easier for me to take to bed and carry around with me.,"{'term': array([''], dtype=object), 'polarity': array([''], dtype=object), 'from': array([0], dtype=int16), 'to': array([0], dtype=int16)}"
1438,"Externally the keys on my keyboard are falling off, after a few uses the paint is rubbing off the button below the mouse pad and where the heals of my hands sit, and the screen has a terrible glare.","{'term': array(['keys', 'keyboard', 'button below the mouse pad', 'screen',
       'paint'], dtype=object), 'polarity': array(['negative', 'negative', 'negative', 'negative', 'negative'],
      dtype=object), 'from': array([ 15,  26,  98, 170,  73], dtype=int16), 'to': array([ 19,  34, 124, 176,  78], dtype=int16)}"
1949,My children won't even use it  for their school work.,"{'term': array([''], dtype=object), 'polarity': array([''], dtype=object), 'from': array([0], dtype=int16), 'to': array([0], dtype=int16)}"
2663,THIS LAPTOP WAS BAD FROM THE FIRST DAY OF USE----BROUGHT IT BACK TO STORE FOR RETURN OF MONEY.,"{'term': array([''], dtype=object), 'polarity': array([''], dtype=object), 'from': array([0], dtype=int16), 'to': array([0], dtype=int16)}"
952,The next time I had an issue my lightscribe wouldn't work.,"{'term': array(['lightscribe'], dtype=object), 'polarity': array(['negative'], dtype=object), 'from': array([32], dtype=int16), 'to': array([43], dtype=int16)}"
1858,"The touchpad is extremely sensitive, which is the only drawback.","{'term': array(['touchpad'], dtype=object), 'polarity': array(['negative'], dtype=object), 'from': array([4], dtype=int16), 'to': array([12], dtype=int16)}"
2235,also it comes with very useful applications like iphoto that it is the best photo application i have ever had,"{'term': array(['applications', 'iphoto', 'photo application'], dtype=object), 'polarity': array(['positive', 'positive', 'positive'], dtype=object), 'from': array([31, 49, 76], dtype=int16), 'to': array([43, 55, 93], dtype=int16)}"
2825,It has everything I would need for a home computer.,"{'term': array([''], dtype=object), 'polarity': array([''], dtype=object), 'from': array([0], dtype=int16), 'to': array([0], dtype=int16)}"
514,"The computer did what it was NOT supposed to do, and I didn't know what to do....","{'term': array([''], dtype=object), 'polarity': array([''], dtype=object), 'from': array([0], dtype=int16), 'to': array([0], dtype=int16)}"
1048,"-Bluetooth (2.1), Fingerprint Reader, Full 1920x1080 screen -Integrated Mic/Webcam* -Dual touchpad mode is interesting, and easy to use -5 USB ports -Runs about 38-41C on idle, Up to 65 (for me) on load -Very quiet -I could go on and on.","{'term': array(['Bluetooth', 'Fingerprint Reader', 'screen', 'Mic',
       'Dual touchpad mode', 'USB ports', 'Webcam', 'use', 'Runs'],
      dtype=object), 'polarity': array(['neutral', 'neutral', 'positive', 'positive', 'positive',
       'neutral', 'positive', 'positive', 'positive'], dtype=object), 'from': array([  1,  18,  53,  72,  85, 139,  76, 132, 150], dtype=int16), 'to': array([ 10,  36,  59,  75, 103, 148,  82, 135, 154], dtype=int16)}"
1729,I love this computer.,"{'term': array([''], dtype=object), 'polarity': array([''], dtype=object), 'from': array([0], dtype=int16), 'to': array([0], dtype=int16)}"
1904,"  They informed me that I had around 7 ""policies"" or viruses on it.","{'term': array([''], dtype=object), 'polarity': array([''], dtype=object), 'from': array([0], dtype=int16), 'to': array([0], dtype=int16)}"
1182,"They don t translate from a Mac, even on Word, resulting in a ton of run-on sentences.","{'term': array(['Word'], dtype=object), 'polarity': array(['negative'], dtype=object), 'from': array([41], dtype=int16), 'to': array([45], dtype=int16)}"
2455,"The acer one computer that I bought is 17 ince screen and its hard to find lap top bags for it, but I like the big screen on it.","{'term': array(['17 ince screen', 'screen'], dtype=object), 'polarity': array(['neutral', 'positive'], dtype=object), 'from': array([ 39, 115], dtype=int16), 'to': array([ 53, 121], dtype=int16)}"
1213,Summary: They played games with me for the warranty period.,"{'term': array(['warranty period'], dtype=object), 'polarity': array(['negative'], dtype=object), 'from': array([43], dtype=int16), 'to': array([58], dtype=int16)}"
1394,i cant believe HP put this out.,"{'term': array([''], dtype=object), 'polarity': array([''], dtype=object), 'from': array([0], dtype=int16), 'to': array([0], dtype=int16)}"
1924,"In November my computer messed up entirely and wouldn't power on after intalling a Windows update, I had to have my HD flashed and lost EVERYTHING on it, including my school assignments and irriplaceable pictures that were only in digital format and several other things, when this update was installed for some reason I was unable to roll back the drivers and everything to an earlier working condition because when the update was installed it deleted my history.","{'term': array(['HD', 'drivers', 'Windows update'], dtype=object), 'polarity': array(['negative', 'negative', 'neutral'], dtype=object), 'from': array([116, 349,  83], dtype=int16), 'to': array([118, 356,  97], dtype=int16)}"
2268,"without a big ol' clunky machine in my backpack, I feel like I can do programming homework anywhere.","{'term': array([''], dtype=object), 'polarity': array([''], dtype=object), 'from': array([0], dtype=int16), 'to': array([0], dtype=int16)}"
2171,I can have both OSX and Windows XP running at the same time!,"{'term': array(['OSX', 'Windows XP'], dtype=object), 'polarity': array(['positive', 'positive'], dtype=object), 'from': array([16, 24], dtype=int16), 'to': array([19, 34], dtype=int16)}"
790,"I tell everyone that I know, friends, family and enemies this is the absolute worst computer i have ever used.","{'term': array([''], dtype=object), 'polarity': array([''], dtype=object), 'from': array([0], dtype=int16), 'to': array([0], dtype=int16)}"
552,"Overall : Poor, Features: Average, Performance: Poor, Battery Life: Excellent, Price-Value: Poor","{'term': array(['Features', 'Performance', 'Battery Life', 'Price', 'Value'],
      dtype=object), 'polarity': array(['neutral', 'negative', 'positive', 'negative', 'negative'],
      dtype=object), 'from': array([16, 35, 54, 79, 85], dtype=int16), 'to': array([24, 46, 66, 84, 90], dtype=int16)}"
1859,"Otherwise, I love it!","{'term': array([''], dtype=object), 'polarity': array([''], dtype=object), 'from': array([0], dtype=int16), 'to': array([0], dtype=int16)}"
2589,Having someone give you a quick tour of how to's is the best.,"{'term': array([''], dtype=object), 'polarity': array([''], dtype=object), 'from': array([0], dtype=int16), 'to': array([0], dtype=int16)}"
2643,I have recently converted back to a mac and I couldn't be happier!,"{'term': array([''], dtype=object), 'polarity': array([''], dtype=object), 'from': array([0], dtype=int16), 'to': array([0], dtype=int16)}"
733,Microsoft seems to be unable to keep up with repairs for the multitude of windows problems.,"{'term': array(['windows'], dtype=object), 'polarity': array(['negative'], dtype=object), 'from': array([74], dtype=int16), 'to': array([81], dtype=int16)}"
870,At 16 months it started shutting off after only 5 or 10 minutes.,"{'term': array([''], dtype=object), 'polarity': array([''], dtype=object), 'from': array([0], dtype=int16), 'to': array([0], dtype=int16)}"
1910,  They basically told me that the machine would be problem free now.,"{'term': array([''], dtype=object), 'polarity': array([''], dtype=object), 'from': array([0], dtype=int16), 'to': array([0], dtype=int16)}"
2029,I paid about 18000 for this laptop because of all the bells and whistles and it kept crapping out on me.,"{'term': array([''], dtype=object), 'polarity': array([''], dtype=object), 'from': array([0], dtype=int16), 'to': array([0], dtype=int16)}"
2242,The graphics are stunning.,"{'term': array(['graphics'], dtype=object), 'polarity': array(['positive'], dtype=object), 'from': array([4], dtype=int16), 'to': array([12], dtype=int16)}"
2085,"(I found a 2GB stick for a bit under $50) Nice and portable and definitely a decent enough system to keep you entertained while sitting in the airplane for a couple of hours, or at the hotel taking care of some last minute details and documents.","{'term': array(['system'], dtype=object), 'polarity': array(['positive'], dtype=object), 'from': array([91], dtype=int16), 'to': array([97], dtype=int16)}"
543,after much effort and 10 days ASUS replaced itThe WiFi is very weak.,"{'term': array(['WiFi'], dtype=object), 'polarity': array(['negative'], dtype=object), 'from': array([50], dtype=int16), 'to': array([54], dtype=int16)}"
925,You can call HP and they want you to buy more software to fix it.,"{'term': array(['software'], dtype=object), 'polarity': array(['neutral'], dtype=object), 'from': array([46], dtype=int16), 'to': array([54], dtype=int16)}"
724,It has been plagued with problems since the day i turned it on.,"{'term': array([''], dtype=object), 'polarity': array([''], dtype=object), 'from': array([0], dtype=int16), 'to': array([0], dtype=int16)}"
2139,this computer is a little more expensive than any pc but it will last you longer and it worth every penny.,"{'term': array([''], dtype=object), 'polarity': array([''], dtype=object), 'from': array([0], dtype=int16), 'to': array([0], dtype=int16)}"
1771,It is easy to navigate and update programs.,"{'term': array(['update programs', 'navigate'], dtype=object), 'polarity': array(['neutral', 'positive'], dtype=object), 'from': array([27, 14], dtype=int16), 'to': array([42, 22], dtype=int16)}"
383,The laptop is gorgeous.,"{'term': array([''], dtype=object), 'polarity': array([''], dtype=object), 'from': array([0], dtype=int16), 'to': array([0], dtype=int16)}"
2355,It's more expensive but well worth it in the long run.,"{'term': array([''], dtype=object), 'polarity': array([''], dtype=object), 'from': array([0], dtype=int16), 'to': array([0], dtype=int16)}"
2200,"I'm making the switch and finding that my biggest problem is trying to do things the 'old' way - and Apple does, indeed, have the better idea.","{'term': array([''], dtype=object), 'polarity': array([''], dtype=object), 'from': array([0], dtype=int16), 'to': array([0], dtype=int16)}"
723,I've had hp desktop for over 4 yrs now and not one days goes by that i don't regret buying it.,"{'term': array([''], dtype=object), 'polarity': array([''], dtype=object), 'from': array([0], dtype=int16), 'to': array([0], dtype=int16)}"
2043,HP didn't fix it.,"{'term': array([''], dtype=object), 'polarity': array([''], dtype=object), 'from': array([0], dtype=int16), 'to': array([0], dtype=int16)}"
2258,", Applications respond immediately (not like the tired MS applications).","{'term': array(['Applications', 'MS applications'], dtype=object), 'polarity': array(['positive', 'negative'], dtype=object), 'from': array([ 2, 55], dtype=int16), 'to': array([14, 70], dtype=int16)}"
1960,"All in all, a very disappointing experience except that I learned how good the Geek Squad is and also Customer Service.","{'term': array(['Customer Service'], dtype=object), 'polarity': array(['positive'], dtype=object), 'from': array([102], dtype=int16), 'to': array([118], dtype=int16)}"
2006,"Now, I guess, I'll have to unload my M6809 on some poor, hapless soul.","{'term': array([''], dtype=object), 'polarity': array([''], dtype=object), 'from': array([0], dtype=int16), 'to': array([0], dtype=int16)}"
2223,"The only drawback for me is how dirty the screen gets, and rather quickly too.","{'term': array(['screen'], dtype=object), 'polarity': array(['negative'], dtype=object), 'from': array([42], dtype=int16), 'to': array([48], dtype=int16)}"
23,"The laptop is very lightweight, can easily carry around in a knapsack full of text books and it barely adds any weight.","{'term': array(['carry', 'weight'], dtype=object), 'polarity': array(['positive', 'positive'], dtype=object), 'from': array([ 43, 112], dtype=int16), 'to': array([ 48, 118], dtype=int16)}"
2711,"Seems to slow down occassionally but can run many applications (ie Internet tabs, programs, etc) simultaneously.","{'term': array(['applications', 'programs', 'Internet tabs'], dtype=object), 'polarity': array(['positive', 'neutral', 'positive'], dtype=object), 'from': array([50, 82, 67], dtype=int16), 'to': array([62, 90, 80], dtype=int16)}"
1899,  The problems started with just the screen freezing.,"{'term': array([''], dtype=object), 'polarity': array([''], dtype=object), 'from': array([0], dtype=int16), 'to': array([0], dtype=int16)}"
495,Taking it anywhere was a pain!,"{'term': array([''], dtype=object), 'polarity': array([''], dtype=object), 'from': array([0], dtype=int16), 'to': array([0], dtype=int16)}"
1606,I also did not like the loud noises it made or how the bottom of the computer would get really hot.,"{'term': array(['noises', 'bottom of the computer'], dtype=object), 'polarity': array(['negative', 'negative'], dtype=object), 'from': array([29, 55], dtype=int16), 'to': array([35, 77], dtype=int16)}"
1018,I had in the past a Dell laptop and they sent me the items it needed or they sent a repair technician to my house to fix it.,"{'term': array(['repair technician'], dtype=object), 'polarity': array(['positive'], dtype=object), 'from': array([84], dtype=int16), 'to': array([101], dtype=int16)}"
1761,I previously owned a Toshiba and it only lasted about 2 years.,"{'term': array([''], dtype=object), 'polarity': array([''], dtype=object), 'from': array([0], dtype=int16), 'to': array([0], dtype=int16)}"
554,I can't imagine my life without it anymore!,"{'term': array([''], dtype=object), 'polarity': array([''], dtype=object), 'from': array([0], dtype=int16), 'to': array([0], dtype=int16)}"
2728,defective software.,"{'term': array(['software'], dtype=object), 'polarity': array(['negative'], dtype=object), 'from': array([10], dtype=int16), 'to': array([18], dtype=int16)}"
1964,This computer was so challenging to carry and handle.,"{'term': array(['carry', 'handle'], dtype=object), 'polarity': array(['negative', 'negative'], dtype=object), 'from': array([36, 46], dtype=int16), 'to': array([41, 52], dtype=int16)}"
2808,Cords coming out the right for power plus cords coming out front for headphones/mic plus network connection on left make for a very messy setup with cords going every direction.,"{'term': array(['Cords', 'power', 'headphones', 'mic', 'network connection',
       'setup', 'cords', 'cords'], dtype=object), 'polarity': array(['negative', 'negative', 'negative', 'negative', 'negative',
       'negative', 'negative', 'negative'], dtype=object), 'from': array([  0,  31,  69,  80,  89, 138,  42, 149], dtype=int16), 'to': array([  5,  36,  79,  83, 107, 143,  47, 154], dtype=int16)}"
775,Unless you want to be inconvenienced with a non working power supply which you can't find a replacement for because they made the attachment so small.,"{'term': array(['power supply'], dtype=object), 'polarity': array(['negative'], dtype=object), 'from': array([56], dtype=int16), 'to': array([68], dtype=int16)}"
2424,It is much faster than my desktop which is a Core2 Quad running at 2.83 GHz.,"{'term': array(['Core2 Quad'], dtype=object), 'polarity': array(['neutral'], dtype=object), 'from': array([45], dtype=int16), 'to': array([55], dtype=int16)}"
1689,It is good to know that I can mobilize without having to worry about the battery life.,"{'term': array(['battery life'], dtype=object), 'polarity': array(['positive'], dtype=object), 'from': array([73], dtype=int16), 'to': array([85], dtype=int16)}"
1894,I baby my electronics so I know for a fact it was defective and not anything that I did to it.,"{'term': array([''], dtype=object), 'polarity': array([''], dtype=object), 'from': array([0], dtype=int16), 'to': array([0], dtype=int16)}"
1078,"The screen is nice, side view angles are pretty good.","{'term': array(['screen'], dtype=object), 'polarity': array(['positive'], dtype=object), 'from': array([4], dtype=int16), 'to': array([10], dtype=int16)}"
1492,"The fact that the screen reacts to the lighting around you is an added luxury-when you are working around others in dark areas and want privacy or don't want to bother them with bright lighting, it is very convenient to have a darker, softer lit screen.","{'term': array(['screen', 'screen'], dtype=object), 'polarity': array(['positive', 'positive'], dtype=object), 'from': array([ 18, 246], dtype=int16), 'to': array([ 24, 252], dtype=int16)}"
808,3 weeks went by and the computer keeps crashing and will not open any applications.,"{'term': array(['applications'], dtype=object), 'polarity': array(['neutral'], dtype=object), 'from': array([70], dtype=int16), 'to': array([82], dtype=int16)}"
1472,Not to mention sometimes the whole charger unit will decide not to work entirely.,"{'term': array(['charger unit'], dtype=object), 'polarity': array(['negative'], dtype=object), 'from': array([35], dtype=int16), 'to': array([47], dtype=int16)}"
1038,"Looks nice, but has a horribly cheap feel.","{'term': array(['feel', 'Looks'], dtype=object), 'polarity': array(['negative', 'positive'], dtype=object), 'from': array([37,  0], dtype=int16), 'to': array([41,  5], dtype=int16)}"
818,I would recommend not buying this product.,"{'term': array([''], dtype=object), 'polarity': array([''], dtype=object), 'from': array([0], dtype=int16), 'to': array([0], dtype=int16)}"
861,its more like a snail crawl.,"{'term': array([''], dtype=object), 'polarity': array([''], dtype=object), 'from': array([0], dtype=int16), 'to': array([0], dtype=int16)}"
544,"I have other computers that get strong signals that don't drop in places that this ""net""book loses its signal.","{'term': array(['signals', 'signal'], dtype=object), 'polarity': array(['positive', 'negative'], dtype=object), 'from': array([ 39, 103], dtype=int16), 'to': array([ 46, 109], dtype=int16)}"
1959,"The feel of this is better than the Toshiba, too.","{'term': array(['feel'], dtype=object), 'polarity': array(['positive'], dtype=object), 'from': array([4], dtype=int16), 'to': array([8], dtype=int16)}"
315,I would recommend this laptop to anyone looking to get a new laptop who is willing to spend a little more money to get great quality!,"{'term': array(['quality'], dtype=object), 'polarity': array(['positive'], dtype=object), 'from': array([125], dtype=int16), 'to': array([132], dtype=int16)}"
2573,"I upgraded the memory and replaced the base Windows 7 Starter to Win 7 Home, and it runs just fine.","{'term': array(['memory', 'Windows 7 Starter', 'Win 7 Home', 'runs'], dtype=object), 'polarity': array(['neutral', 'neutral', 'neutral', 'positive'], dtype=object), 'from': array([15, 44, 65, 84], dtype=int16), 'to': array([21, 61, 75, 88], dtype=int16)}"
1996,"I am not sure if it was the drive itself, however;","{'term': array(['drive'], dtype=object), 'polarity': array(['neutral'], dtype=object), 'from': array([28], dtype=int16), 'to': array([33], dtype=int16)}"
509,"So I called, AGAIN.","{'term': array([''], dtype=object), 'polarity': array([''], dtype=object), 'from': array([0], dtype=int16), 'to': array([0], dtype=int16)}"
1600,"Also, one of the users mentioned how the edges on the macbook is sharp, if you have money to spend on one of the incase shells, it doesn't seem to be a problem.","{'term': array(['edges', 'incase shells'], dtype=object), 'polarity': array(['negative', 'positive'], dtype=object), 'from': array([ 41, 113], dtype=int16), 'to': array([ 46, 126], dtype=int16)}"
719,"It is easy to use, its keyboard easily accommodates large hands, and its weight is fantasic.","{'term': array(['keyboard', 'weight', 'use'], dtype=object), 'polarity': array(['positive', 'positive', 'positive'], dtype=object), 'from': array([23, 73, 14], dtype=int16), 'to': array([31, 79, 17], dtype=int16)}"
141,"Called Acer many times, they want me to pay the shipping to ship it to their repair center - I was very disappointed since it is a brand new computer!","{'term': array(['shipping', 'repair center'], dtype=object), 'polarity': array(['negative', 'neutral'], dtype=object), 'from': array([48, 77], dtype=int16), 'to': array([56, 90], dtype=int16)}"
1920,I was constantly having to roll back the computer after doing updates.,"{'term': array([''], dtype=object), 'polarity': array([''], dtype=object), 'from': array([0], dtype=int16), 'to': array([0], dtype=int16)}"
760,Stay away from Envy.,"{'term': array([''], dtype=object), 'polarity': array([''], dtype=object), 'from': array([0], dtype=int16), 'to': array([0], dtype=int16)}"
193,-got it back 3 months later,"{'term': array([''], dtype=object), 'polarity': array([''], dtype=object), 'from': array([0], dtype=int16), 'to': array([0], dtype=int16)}"
1016,I have had to send in my laptop three times to get it fixed.,"{'term': array([''], dtype=object), 'polarity': array([''], dtype=object), 'from': array([0], dtype=int16), 'to': array([0], dtype=int16)}"
507,"When I turned it on, nothing.","{'term': array([''], dtype=object), 'polarity': array([''], dtype=object), 'from': array([0], dtype=int16), 'to': array([0], dtype=int16)}"
1255,I should have checked this before I installed my applications.,"{'term': array(['applications'], dtype=object), 'polarity': array(['neutral'], dtype=object), 'from': array([49], dtype=int16), 'to': array([61], dtype=int16)}"
667,The battery is really long.,"{'term': array(['battery'], dtype=object), 'polarity': array(['positive'], dtype=object), 'from': array([4], dtype=int16), 'to': array([11], dtype=int16)}"
1992,"Anyway, in early July of this year, the DVD burner stopped working, and the computer stared having issues with power supply.","{'term': array(['DVD burner', 'power supply'], dtype=object), 'polarity': array(['negative', 'negative'], dtype=object), 'from': array([ 40, 111], dtype=int16), 'to': array([ 50, 123], dtype=int16)}"
2430,Had some trouble finding a case that it would fit in.,"{'term': array(['case'], dtype=object), 'polarity': array(['negative'], dtype=object), 'from': array([27], dtype=int16), 'to': array([31], dtype=int16)}"
2406,The 17 in Macbook Pro has been a wonderful addition.,"{'term': array([''], dtype=object), 'polarity': array([''], dtype=object), 'from': array([0], dtype=int16), 'to': array([0], dtype=int16)}"
1021,This computer that I have has had issues with the keyboard where it lost half the keyboard functions.,"{'term': array(['keyboard', 'keyboard functions'], dtype=object), 'polarity': array(['negative', 'negative'], dtype=object), 'from': array([50, 82], dtype=int16), 'to': array([ 58, 100], dtype=int16)}"
1209,1st time they got it working the next 5 month they had me send it in.,"{'term': array([''], dtype=object), 'polarity': array([''], dtype=object), 'from': array([0], dtype=int16), 'to': array([0], dtype=int16)}"
1701,Comes with iMovie;,"{'term': array(['iMovie'], dtype=object), 'polarity': array(['positive'], dtype=object), 'from': array([11], dtype=int16), 'to': array([17], dtype=int16)}"
2570,I just love my Mac!,"{'term': array([''], dtype=object), 'polarity': array([''], dtype=object), 'from': array([0], dtype=int16), 'to': array([0], dtype=int16)}"
287,I can not even read what I am writing half of the time.,"{'term': array([''], dtype=object), 'polarity': array([''], dtype=object), 'from': array([0], dtype=int16), 'to': array([0], dtype=int16)}"
681,MACS ARE AMAZING!!!,"{'term': array([''], dtype=object), 'polarity': array([''], dtype=object), 'from': array([0], dtype=int16), 'to': array([0], dtype=int16)}"
866,My hp G60-244dx died after only 16 months.,"{'term': array([''], dtype=object), 'polarity': array([''], dtype=object), 'from': array([0], dtype=int16), 'to': array([0], dtype=int16)}"
1248,They freeze all the time.,"{'term': array([''], dtype=object), 'polarity': array([''], dtype=object), 'from': array([0], dtype=int16), 'to': array([0], dtype=int16)}"
2857,"this one, in my opinion, might be a lemon!","{'term': array([''], dtype=object), 'polarity': array([''], dtype=object), 'from': array([0], dtype=int16), 'to': array([0], dtype=int16)}"
266,The book is useless.,"{'term': array([''], dtype=object), 'polarity': array([''], dtype=object), 'from': array([0], dtype=int16), 'to': array([0], dtype=int16)}"
811,COMPUTER HAS BEEN AT SERVICE FACILITY MORE THAN IN MY HANDS.,"{'term': array(['SERVICE FACILITY'], dtype=object), 'polarity': array(['negative'], dtype=object), 'from': array([21], dtype=int16), 'to': array([37], dtype=int16)}"
2693,This laptop is very large and barely fits in any carrying cases.,"{'term': array([''], dtype=object), 'polarity': array([''], dtype=object), 'from': array([0], dtype=int16), 'to': array([0], dtype=int16)}"
504,When I called Sony the Customer Service was Great.,"{'term': array(['Customer Service'], dtype=object), 'polarity': array(['positive'], dtype=object), 'from': array([23], dtype=int16), 'to': array([39], dtype=int16)}"
1845,  even though I had the receipt in front of me proving it still had 2 months left on the warranty.,"{'term': array(['warranty'], dtype=object), 'polarity': array(['negative'], dtype=object), 'from': array([89], dtype=int16), 'to': array([97], dtype=int16)}"
434,I sent it to them to fix in perfect condition but for what was wrong with it.,"{'term': array([''], dtype=object), 'polarity': array([''], dtype=object), 'from': array([0], dtype=int16), 'to': array([0], dtype=int16)}"
2479,"It is a much more streamlined system for adding programs, using the internet, and doing other things everyone does on a computer.","{'term': array(['programs', 'system', 'using the internet'], dtype=object), 'polarity': array(['neutral', 'positive', 'neutral'], dtype=object), 'from': array([48, 30, 58], dtype=int16), 'to': array([56, 36, 76], dtype=int16)}"
1407,"My computer froze on several occasion, had buttons that randomely would fall off and even had moments when the computer would refuse to turn on at all.","{'term': array(['buttons'], dtype=object), 'polarity': array(['negative'], dtype=object), 'from': array([43], dtype=int16), 'to': array([50], dtype=int16)}"
1113,Not even safe mode boots.,"{'term': array(['safe mode'], dtype=object), 'polarity': array(['negative'], dtype=object), 'from': array([9], dtype=int16), 'to': array([18], dtype=int16)}"
1976,Which was way too much money.,"{'term': array([''], dtype=object), 'polarity': array([''], dtype=object), 'from': array([0], dtype=int16), 'to': array([0], dtype=int16)}"
1643,"To those thinking about switching, do it and do not look back!","{'term': array([''], dtype=object), 'polarity': array([''], dtype=object), 'from': array([0], dtype=int16), 'to': array([0], dtype=int16)}"
2431,"This is an over-sized, 18-inch laptop.","{'term': array(['18-inch'], dtype=object), 'polarity': array(['negative'], dtype=object), 'from': array([23], dtype=int16), 'to': array([30], dtype=int16)}"
905,I had to pay $100 for a universal charger for this cheap $300 laptop.,"{'term': array(['universal charger'], dtype=object), 'polarity': array(['negative'], dtype=object), 'from': array([24], dtype=int16), 'to': array([41], dtype=int16)}"
2196,The powerpoint opened seamlessly in the apple and the mac hooked up to the projector so easily it was almost scary.,"{'term': array(['powerpoint'], dtype=object), 'polarity': array(['positive'], dtype=object), 'from': array([4], dtype=int16), 'to': array([14], dtype=int16)}"
1878,1.You can not change your desktop background (window's 7 starter does NOT support that function).,"{'term': array(['desktop background', ""window's 7 starter"", 'function'],
      dtype=object), 'polarity': array(['negative', 'negative', 'negative'], dtype=object), 'from': array([26, 46, 87], dtype=int16), 'to': array([44, 64, 95], dtype=int16)}"
758,"Took me 11 hours, 3 trips to different FedEx offices, and brutal conversations with 14 of the worse IT support technicians in the world.","{'term': array(['IT support technicians'], dtype=object), 'polarity': array(['negative'], dtype=object), 'from': array([100], dtype=int16), 'to': array([122], dtype=int16)}"
1131,Then after 4 or so months the charger stopped working so I was forced to go out and buy new hardware just to keep this computer running.,"{'term': array(['charger', 'hardware'], dtype=object), 'polarity': array(['negative', 'negative'], dtype=object), 'from': array([30, 92], dtype=int16), 'to': array([ 37, 100], dtype=int16)}"
2052,"One year of trying to fix the computer by myself, with help of friends, and even help from computer experts I have given up on trying to fix it.","{'term': array([''], dtype=object), 'polarity': array([''], dtype=object), 'from': array([0], dtype=int16), 'to': array([0], dtype=int16)}"
1295,"As usual at customer service center, she asked me to hold for a moment while she went to the back-office and compare it with other same model netbooks and discussed it with her colleague (I could see them).","{'term': array(['customer service center'], dtype=object), 'polarity': array(['negative'], dtype=object), 'from': array([12], dtype=int16), 'to': array([35], dtype=int16)}"
112,The screen gets smeary and dusty very quickly and it's very noticeable.,"{'term': array(['screen'], dtype=object), 'polarity': array(['negative'], dtype=object), 'from': array([4], dtype=int16), 'to': array([10], dtype=int16)}"
2123,It all just makes sense.,"{'term': array([''], dtype=object), 'polarity': array([''], dtype=object), 'from': array([0], dtype=int16), 'to': array([0], dtype=int16)}"
190,2) Blue screen first month,"{'term': array([''], dtype=object), 'polarity': array([''], dtype=object), 'from': array([0], dtype=int16), 'to': array([0], dtype=int16)}"
2459,I love it so much.,"{'term': array([''], dtype=object), 'polarity': array([''], dtype=object), 'from': array([0], dtype=int16), 'to': array([0], dtype=int16)}"
1665,"I got it for Christmas, and I was so excited to set it up!","{'term': array([''], dtype=object), 'polarity': array([''], dtype=object), 'from': array([0], dtype=int16), 'to': array([0], dtype=int16)}"
1101,Strengths:Well-shaped Weaknesses:A bad videocard!,"{'term': array(['videocard', 'shaped'], dtype=object), 'polarity': array(['negative', 'positive'], dtype=object), 'from': array([39, 15], dtype=int16), 'to': array([48, 21], dtype=int16)}"
1948,You can't even get a satellite card which is why I bought to begin with.,"{'term': array(['satellite card'], dtype=object), 'polarity': array(['negative'], dtype=object), 'from': array([21], dtype=int16), 'to': array([35], dtype=int16)}"
2340,I use it now more than I even thought I would.,"{'term': array([''], dtype=object), 'polarity': array([''], dtype=object), 'from': array([0], dtype=int16), 'to': array([0], dtype=int16)}"
115,"The battery life, before the battery completely died of course, left much to be desired.","{'term': array(['battery life', 'battery'], dtype=object), 'polarity': array(['negative', 'negative'], dtype=object), 'from': array([ 4, 29], dtype=int16), 'to': array([16, 36], dtype=int16)}"
196,"Do yourself a favor, this is not a fake story trying to hurt alienware...","{'term': array([''], dtype=object), 'polarity': array([''], dtype=object), 'from': array([0], dtype=int16), 'to': array([0], dtype=int16)}"
2332,"It is a REAL touchpad, not the toy I saw in other brands.","{'term': array(['touchpad'], dtype=object), 'polarity': array(['positive'], dtype=object), 'from': array([13], dtype=int16), 'to': array([21], dtype=int16)}"
2687,It has worked fine.,"{'term': array([''], dtype=object), 'polarity': array([''], dtype=object), 'from': array([0], dtype=int16), 'to': array([0], dtype=int16)}"
2633,The most amazing part to me as a PC user is the startup and shutdown times - and the fact that you very rarely have to restart the thing.,"{'term': array([''], dtype=object), 'polarity': array([''], dtype=object), 'from': array([0], dtype=int16), 'to': array([0], dtype=int16)}"
845,"Long story, but after many calls to various  offices, I was told that no one can override the depot and that managers  don't take phone calls or e/mails.","{'term': array(['depot'], dtype=object), 'polarity': array(['neutral'], dtype=object), 'from': array([94], dtype=int16), 'to': array([99], dtype=int16)}"
1741,"I can throw anything at it (and I do), Pictures, video editing, schoolwork.","{'term': array([''], dtype=object), 'polarity': array([''], dtype=object), 'from': array([0], dtype=int16), 'to': array([0], dtype=int16)}"
2914,Price and purpose is awesome!,"{'term': array(['Price'], dtype=object), 'polarity': array(['positive'], dtype=object), 'from': array([0], dtype=int16), 'to': array([5], dtype=int16)}"
2318,Wonderful zooming.,"{'term': array(['zooming'], dtype=object), 'polarity': array(['positive'], dtype=object), 'from': array([10], dtype=int16), 'to': array([17], dtype=int16)}"
153,"The screen is huge and coloful, but no LED backlighting.","{'term': array(['screen'], dtype=object), 'polarity': array(['positive'], dtype=object), 'from': array([4], dtype=int16), 'to': array([10], dtype=int16)}"
3071,the two of us use it regularly.,"{'term': array([''], dtype=object), 'polarity': array([''], dtype=object), 'from': array([0], dtype=int16), 'to': array([0], dtype=int16)}"
1415,"In all honesty, if someone is looking for a quality laptop and willing to pay a little more money for a normal sized laptop than a cheaper and less impressive laptop, then do not buy this computer.","{'term': array(['sized'], dtype=object), 'polarity': array(['neutral'], dtype=object), 'from': array([111], dtype=int16), 'to': array([116], dtype=int16)}"
2946,Everything about this computer is easy to use.,"{'term': array(['use'], dtype=object), 'polarity': array(['positive'], dtype=object), 'from': array([42], dtype=int16), 'to': array([45], dtype=int16)}"
1380,"  After paying over $1000 for this computer, it was not worth it.","{'term': array([''], dtype=object), 'polarity': array([''], dtype=object), 'from': array([0], dtype=int16), 'to': array([0], dtype=int16)}"
833,"  Worse, for the price I could get a *netbook* that outperforms this machine.","{'term': array(['price'], dtype=object), 'polarity': array(['negative'], dtype=object), 'from': array([17], dtype=int16), 'to': array([22], dtype=int16)}"
2285,Very happy with my 7th Toshiba laptop!,"{'term': array([''], dtype=object), 'polarity': array([''], dtype=object), 'from': array([0], dtype=int16), 'to': array([0], dtype=int16)}"
2148,My wife recently purchased an Apple MacBook Pro and our granddaughter fell in love with it and asked for one for her birthday.,"{'term': array([''], dtype=object), 'polarity': array([''], dtype=object), 'from': array([0], dtype=int16), 'to': array([0], dtype=int16)}"
2106,It had most of the features and all of the power that I wanted to replace my desktop machine.,"{'term': array(['features', 'power'], dtype=object), 'polarity': array(['positive', 'positive'], dtype=object), 'from': array([19, 43], dtype=int16), 'to': array([27, 48], dtype=int16)}"
2595,Keyboard was also very nice and had a solid feel.,"{'term': array(['Keyboard'], dtype=object), 'polarity': array(['positive'], dtype=object), 'from': array([0], dtype=int16), 'to': array([8], dtype=int16)}"
584,I will only buy apple laptops from now on.,"{'term': array([''], dtype=object), 'polarity': array([''], dtype=object), 'from': array([0], dtype=int16), 'to': array([0], dtype=int16)}"
2244,I would definitely suggest this laptop!,"{'term': array([''], dtype=object), 'polarity': array([''], dtype=object), 'from': array([0], dtype=int16), 'to': array([0], dtype=int16)}"
1966,It did not have all the features I expected it to have.,"{'term': array(['features'], dtype=object), 'polarity': array(['negative'], dtype=object), 'from': array([24], dtype=int16), 'to': array([32], dtype=int16)}"
991,Just a bunch of idiots who's English as a 5th language is forced at best.,"{'term': array([''], dtype=object), 'polarity': array([''], dtype=object), 'from': array([0], dtype=int16), 'to': array([0], dtype=int16)}"
617,"No luck, although I waited for hours on the phone-Visited MacHouse, they stated the their call center is down due to too many phonecalls (difficult to believe).","{'term': array(['call center'], dtype=object), 'polarity': array(['negative'], dtype=object), 'from': array([90], dtype=int16), 'to': array([101], dtype=int16)}"
2168,There is a backlit keyboard which is perfect for typing in the dark.,"{'term': array(['backlit keyboard'], dtype=object), 'polarity': array(['positive'], dtype=object), 'from': array([11], dtype=int16), 'to': array([27], dtype=int16)}"
1765,It has a lot of memory and a great battery life.,"{'term': array(['memory', 'battery life'], dtype=object), 'polarity': array(['positive', 'positive'], dtype=object), 'from': array([16, 35], dtype=int16), 'to': array([22, 47], dtype=int16)}"
778,"I spoke with a service rep at Micro Center and his girlfriend is having the same problem with her power adapter, so it's not just an isolated incident!!!","{'term': array(['service rep', 'power adapter'], dtype=object), 'polarity': array(['neutral', 'negative'], dtype=object), 'from': array([15, 98], dtype=int16), 'to': array([ 26, 111], dtype=int16)}"
1215,They had me send in the machine last April returned it to me in May with no documentation on what was done it anything.,"{'term': array([''], dtype=object), 'polarity': array([''], dtype=object), 'from': array([0], dtype=int16), 'to': array([0], dtype=int16)}"
195,5) Cut my losses and sold it for parts,"{'term': array([''], dtype=object), 'polarity': array([''], dtype=object), 'from': array([0], dtype=int16), 'to': array([0], dtype=int16)}"
1,All I can say is W-O-W.,"{'term': array([''], dtype=object), 'polarity': array([''], dtype=object), 'from': array([0], dtype=int16), 'to': array([0], dtype=int16)}"
1707,"I love this program, it is superior to windows movie maker.","{'term': array(['program', 'windows movie maker'], dtype=object), 'polarity': array(['positive', 'negative'], dtype=object), 'from': array([12, 39], dtype=int16), 'to': array([19, 58], dtype=int16)}"
530,"Which is what I did, check out my ACER 5517!","{'term': array([''], dtype=object), 'polarity': array([''], dtype=object), 'from': array([0], dtype=int16), 'to': array([0], dtype=int16)}"
2553,He has replaced his hard drive twice and (of course) has had to pay for antivirus software every year.,"{'term': array(['hard drive', 'antivirus software'], dtype=object), 'polarity': array(['negative', 'negative'], dtype=object), 'from': array([20, 72], dtype=int16), 'to': array([30, 90], dtype=int16)}"
1485,"This purchase opened me to the world of Macbooks, and I am impressed with the intuition of the design, the beauty of the product, and the excellent technological advances associated with it.","{'term': array(['design', 'beauty'], dtype=object), 'polarity': array(['positive', 'positive'], dtype=object), 'from': array([ 95, 107], dtype=int16), 'to': array([101, 113], dtype=int16)}"
666,I have loved this since i took it out of the box.,"{'term': array([''], dtype=object), 'polarity': array([''], dtype=object), 'from': array([0], dtype=int16), 'to': array([0], dtype=int16)}"
2672,"The price is great for this model, I only plan on using it for media in the entertainment room.","{'term': array(['price'], dtype=object), 'polarity': array(['positive'], dtype=object), 'from': array([4], dtype=int16), 'to': array([9], dtype=int16)}"
1258,It seemed to be a very nice laptop except I was not able to load my Garmin GPS software or Microsoft Office 2003.,"{'term': array(['Garmin GPS software', 'Microsoft Office 2003'], dtype=object), 'polarity': array(['negative', 'negative'], dtype=object), 'from': array([68, 91], dtype=int16), 'to': array([ 87, 112], dtype=int16)}"
375,"But, like I said before, the only reason I don't currently have a Mac laptop is because all of their laptops are too pricey.","{'term': array([''], dtype=object), 'polarity': array([''], dtype=object), 'from': array([0], dtype=int16), 'to': array([0], dtype=int16)}"
63,I've also had to have the keyboard replaced at my expense.,"{'term': array(['keyboard'], dtype=object), 'polarity': array(['negative'], dtype=object), 'from': array([26], dtype=int16), 'to': array([34], dtype=int16)}"
3048,"I had the staff telling me older version did not make the fan noise cause it is a ""different"" computer.","{'term': array(['staff', 'fan noise'], dtype=object), 'polarity': array(['negative', 'negative'], dtype=object), 'from': array([10, 58], dtype=int16), 'to': array([15, 67], dtype=int16)}"
1552,Was very much worth the price i paid.,"{'term': array(['price'], dtype=object), 'polarity': array(['positive'], dtype=object), 'from': array([24], dtype=int16), 'to': array([29], dtype=int16)}"
2598,"So far, so good.","{'term': array([''], dtype=object), 'polarity': array([''], dtype=object), 'from': array([0], dtype=int16), 'to': array([0], dtype=int16)}"
2112,Even out of warranty!,"{'term': array(['warranty'], dtype=object), 'polarity': array(['neutral'], dtype=object), 'from': array([12], dtype=int16), 'to': array([20], dtype=int16)}"
461,A tip for people looking into this computer: DO NOT BUY IT save up a bit more money and buy a computer that will last.,"{'term': array([''], dtype=object), 'polarity': array([''], dtype=object), 'from': array([0], dtype=int16), 'to': array([0], dtype=int16)}"
2823,This is a great little computer for the price.,"{'term': array(['price'], dtype=object), 'polarity': array(['positive'], dtype=object), 'from': array([40], dtype=int16), 'to': array([45], dtype=int16)}"
2249,This comes in very handy for me as an educator.,"{'term': array([''], dtype=object), 'polarity': array([''], dtype=object), 'from': array([0], dtype=int16), 'to': array([0], dtype=int16)}"
1582,"Crisp screen, great battery life, and plenty of storage.","{'term': array(['screen', 'battery life', 'storage'], dtype=object), 'polarity': array(['positive', 'positive', 'positive'], dtype=object), 'from': array([ 6, 20, 48], dtype=int16), 'to': array([12, 32, 55], dtype=int16)}"
1141,  It's a long and tirring process that after a while it seems like their game plan was to wear you out so you would want to give up on contacting them.,"{'term': array([''], dtype=object), 'polarity': array([''], dtype=object), 'from': array([0], dtype=int16), 'to': array([0], dtype=int16)}"
2140,"All apple associates are always wiling to help you out with anything, no matter when you purchased the computer and how many years passed.","{'term': array(['apple associates'], dtype=object), 'polarity': array(['positive'], dtype=object), 'from': array([4], dtype=int16), 'to': array([20], dtype=int16)}"
1786,"I was waiting for this model to be released since January, and have been holding off on buying a Macbook Pro until the new model came out.","{'term': array([''], dtype=object), 'polarity': array([''], dtype=object), 'from': array([0], dtype=int16), 'to': array([0], dtype=int16)}"
2023,I will never buy another HP computer.,"{'term': array([''], dtype=object), 'polarity': array([''], dtype=object), 'from': array([0], dtype=int16), 'to': array([0], dtype=int16)}"
351,So i would not reccomend anyone buying this computer,"{'term': array([''], dtype=object), 'polarity': array([''], dtype=object), 'from': array([0], dtype=int16), 'to': array([0], dtype=int16)}"
1389,You will regret it if you buy any dell.,"{'term': array([''], dtype=object), 'polarity': array([''], dtype=object), 'from': array([0], dtype=int16), 'to': array([0], dtype=int16)}"
2545,i think that anyone looking for a good durrable laptop then this is the way to go.,"{'term': array([''], dtype=object), 'polarity': array([''], dtype=object), 'from': array([0], dtype=int16), 'to': array([0], dtype=int16)}"
908,"Also, my sister got the exact same laptop (since they were so cheap) and after 8 months, the screen split in half just from everyday use.","{'term': array(['screen'], dtype=object), 'polarity': array(['negative'], dtype=object), 'from': array([93], dtype=int16), 'to': array([99], dtype=int16)}"
867,It started out getting hot after only a few months.,"{'term': array([''], dtype=object), 'polarity': array([''], dtype=object), 'from': array([0], dtype=int16), 'to': array([0], dtype=int16)}"
2898,The Toshiba Satellite has been more than I expected for the price.,"{'term': array(['price'], dtype=object), 'polarity': array(['positive'], dtype=object), 'from': array([60], dtype=int16), 'to': array([65], dtype=int16)}"
29,"I had to adjust my mousepad sensitivity, because it is very sensitive.","{'term': array(['mousepad sensitivity'], dtype=object), 'polarity': array(['negative'], dtype=object), 'from': array([19], dtype=int16), 'to': array([39], dtype=int16)}"
2561,"I wish iWork or MS Office came with the Mac, but MS Office doesn't even come with most pc laptops.","{'term': array(['iWork', 'MS Office', 'MS Office'], dtype=object), 'polarity': array(['negative', 'negative', 'negative'], dtype=object), 'from': array([ 7, 16, 49], dtype=int16), 'to': array([12, 25, 58], dtype=int16)}"
2376,To my mind much more usable than the toy called an IPad.,"{'term': array([''], dtype=object), 'polarity': array([''], dtype=object), 'from': array([0], dtype=int16), 'to': array([0], dtype=int16)}"
1560,It allows me to do everything I need from a computer and more.,"{'term': array([''], dtype=object), 'polarity': array([''], dtype=object), 'from': array([0], dtype=int16), 'to': array([0], dtype=int16)}"
2461,"The best thing is even while doing almost ten or twenty things at once, it never slows down.","{'term': array([''], dtype=object), 'polarity': array([''], dtype=object), 'from': array([0], dtype=int16), 'to': array([0], dtype=int16)}"
1039,Keyboard is plastic and spongey feeling.,"{'term': array(['Keyboard'], dtype=object), 'polarity': array(['negative'], dtype=object), 'from': array([0], dtype=int16), 'to': array([8], dtype=int16)}"
1519,", which Apple doesn't offer, is why I bought my MacBook at Best Buy.","{'term': array([''], dtype=object), 'polarity': array([''], dtype=object), 'from': array([0], dtype=int16), 'to': array([0], dtype=int16)}"
2380,"previous laptops were pc's, still have them, but the mac osx is a clean and smooth operating system.","{'term': array(['mac osx', 'operating system'], dtype=object), 'polarity': array(['positive', 'positive'], dtype=object), 'from': array([53, 83], dtype=int16), 'to': array([60, 99], dtype=int16)}"
2172,The computer is a dream come true.,"{'term': array([''], dtype=object), 'polarity': array([''], dtype=object), 'from': array([0], dtype=int16), 'to': array([0], dtype=int16)}"
349,i also love having the extra calculator number set up on the keyboard which most laptops do not have.,"{'term': array(['keyboard'], dtype=object), 'polarity': array(['positive'], dtype=object), 'from': array([61], dtype=int16), 'to': array([69], dtype=int16)}"
2255,I'm glad I made the choice to switch and buy this MAC.,"{'term': array([''], dtype=object), 'polarity': array([''], dtype=object), 'from': array([0], dtype=int16), 'to': array([0], dtype=int16)}"
1309,Because he said that the hinge is under the motherboard and they have to dismantle the whole thing before it can be tightened.,"{'term': array(['hinge', 'motherboard'], dtype=object), 'polarity': array(['negative', 'neutral'], dtype=object), 'from': array([25, 44], dtype=int16), 'to': array([30, 55], dtype=int16)}"
2299,You can do it all on this bad boy but the main thing this netbook was desinged for was surfing the web and boy o boy does it ever.,"{'term': array(['surfing the web'], dtype=object), 'polarity': array(['positive'], dtype=object), 'from': array([87], dtype=int16), 'to': array([102], dtype=int16)}"
712,"I love my Apple, it is quick and easy to use.","{'term': array(['use'], dtype=object), 'polarity': array(['positive'], dtype=object), 'from': array([41], dtype=int16), 'to': array([44], dtype=int16)}"
872,I took it to the shop and they said It would cost too much to repair it.,"{'term': array([''], dtype=object), 'polarity': array([''], dtype=object), 'from': array([0], dtype=int16), 'to': array([0], dtype=int16)}"
1109,Didn't expect to repair it at once!,"{'term': array([''], dtype=object), 'polarity': array([''], dtype=object), 'from': array([0], dtype=int16), 'to': array([0], dtype=int16)}"
389,It is quiet and a real joy to watch work.,"{'term': array([''], dtype=object), 'polarity': array([''], dtype=object), 'from': array([0], dtype=int16), 'to': array([0], dtype=int16)}"
506,With notes saying they replaced the hard drive.,"{'term': array(['hard drive'], dtype=object), 'polarity': array(['neutral'], dtype=object), 'from': array([36], dtype=int16), 'to': array([46], dtype=int16)}"
1175,"The laptop is relatively simple to use, though I bought  Macs for Dummies,  which is well worth $2","{'term': array(['use'], dtype=object), 'polarity': array(['positive'], dtype=object), 'from': array([35], dtype=int16), 'to': array([38], dtype=int16)}"
1049,"Can't close the 2nd HDD bay since there are brackets you have to break off (even then, it still doesn't shut) That could be a major flaw for the dual HDD user.","{'term': array(['HDD bay'], dtype=object), 'polarity': array(['negative'], dtype=object), 'from': array([20], dtype=int16), 'to': array([27], dtype=int16)}"
233,"From the start, when you open the box you see a completely different class of machine.","{'term': array([''], dtype=object), 'polarity': array([''], dtype=object), 'from': array([0], dtype=int16), 'to': array([0], dtype=int16)}"
265,No tutorials on the display.,"{'term': array(['tutorials'], dtype=object), 'polarity': array(['negative'], dtype=object), 'from': array([3], dtype=int16), 'to': array([12], dtype=int16)}"
394,"The leather carrying case, keyboard and mouse arrived in two days from Memphis warehouse.","{'term': array(['leather carrying case', 'keyboard', 'mouse'], dtype=object), 'polarity': array(['neutral', 'neutral', 'neutral'], dtype=object), 'from': array([ 4, 27, 40], dtype=int16), 'to': array([25, 35, 45], dtype=int16)}"
152,The touch pad is among the best.,"{'term': array(['touch pad'], dtype=object), 'polarity': array(['positive'], dtype=object), 'from': array([4], dtype=int16), 'to': array([13], dtype=int16)}"
143,Very very disappointed!,"{'term': array([''], dtype=object), 'polarity': array([''], dtype=object), 'from': array([0], dtype=int16), 'to': array([0], dtype=int16)}"
1656,"If you are a person like me, more on the creative side, the mac has something for you too.","{'term': array([''], dtype=object), 'polarity': array([''], dtype=object), 'from': array([0], dtype=int16), 'to': array([0], dtype=int16)}"
1402,I had to have these computers in my school.,"{'term': array([''], dtype=object), 'polarity': array([''], dtype=object), 'from': array([0], dtype=int16), 'to': array([0], dtype=int16)}"
1284,"Thus, when you carry it at a slanted angle, the screen will ""topple"" or ""slide"" down, if you understand what I mean.","{'term': array(['screen'], dtype=object), 'polarity': array(['negative'], dtype=object), 'from': array([48], dtype=int16), 'to': array([54], dtype=int16)}"
1317,Again.,"{'term': array([''], dtype=object), 'polarity': array([''], dtype=object), 'from': array([0], dtype=int16), 'to': array([0], dtype=int16)}"
1636,"To this day, there are NONE.","{'term': array([''], dtype=object), 'polarity': array([''], dtype=object), 'from': array([0], dtype=int16), 'to': array([0], dtype=int16)}"
409,i setup my password last night with the password on my other computer.,"{'term': array([''], dtype=object), 'polarity': array([''], dtype=object), 'from': array([0], dtype=int16), 'to': array([0], dtype=int16)}"
2131,it is an amazing image and it too is holding up quite nicely to little hands grabbing the back of my laptop.,"{'term': array([''], dtype=object), 'polarity': array([''], dtype=object), 'from': array([0], dtype=int16), 'to': array([0], dtype=int16)}"
2228,first i have been searching for long time before i decided to get mac.,"{'term': array([''], dtype=object), 'polarity': array([''], dtype=object), 'from': array([0], dtype=int16), 'to': array([0], dtype=int16)}"
1797,It's now all commodity hardware.,"{'term': array(['commodity hardwar'], dtype=object), 'polarity': array(['neutral'], dtype=object), 'from': array([13], dtype=int16), 'to': array([30], dtype=int16)}"
2272,"We also use Paralles so we can run virtual machines of Windows XP Professional, Windows 7 Home Premium, Windows Server Enterprise 2003, and Windows Server 2008 Enterprise.","{'term': array(['Paralles', 'Windows XP Professional', 'Windows 7 Home Premium',
       'Windows Server Enterprise 2003', 'Windows Server 2008 Enterprise'],
      dtype=object), 'polarity': array(['neutral', 'neutral', 'neutral', 'neutral', 'neutral'],
      dtype=object), 'from': array([ 12,  55,  80, 104, 140], dtype=int16), 'to': array([ 20,  78, 102, 134, 170], dtype=int16)}"
479,I was so excited when my dad said i could get a new laptop for my birthday.,"{'term': array([''], dtype=object), 'polarity': array([''], dtype=object), 'from': array([0], dtype=int16), 'to': array([0], dtype=int16)}"
2657,We purchased this as a back up computer after our more expensive HP needed to be repaired.,"{'term': array([''], dtype=object), 'polarity': array([''], dtype=object), 'from': array([0], dtype=int16), 'to': array([0], dtype=int16)}"
618,-They reported that the computer is in their headquarters.,"{'term': array([''], dtype=object), 'polarity': array([''], dtype=object), 'from': array([0], dtype=int16), 'to': array([0], dtype=int16)}"
1207,bought notebook 07/2009.,"{'term': array([''], dtype=object), 'polarity': array([''], dtype=object), 'from': array([0], dtype=int16), 'to': array([0], dtype=int16)}"
848,"How Toshiba handles the repair seems to vary, some folks  indicate that they were charged for even an intial fix, others had the  repair done 5 times.","{'term': array(['repair', 'repair'], dtype=object), 'polarity': array(['conflict', 'positive'], dtype=object), 'from': array([ 24, 130], dtype=int16), 'to': array([ 30, 136], dtype=int16)}"
734,I would like to use a different operating system altogether.,"{'term': array(['operating system'], dtype=object), 'polarity': array(['neutral'], dtype=object), 'from': array([32], dtype=int16), 'to': array([48], dtype=int16)}"
230,All of them were Windows machines.,"{'term': array([''], dtype=object), 'polarity': array([''], dtype=object), 'from': array([0], dtype=int16), 'to': array([0], dtype=int16)}"
2194,"Well, I had completed the presentation in powerpoint the night before on my PC, but took the Apple to the conference.","{'term': array([''], dtype=object), 'polarity': array([''], dtype=object), 'from': array([0], dtype=int16), 'to': array([0], dtype=int16)}"
611,The latest and mightiest Macbook pro 17-inch was bought by my university on the 30th of June 2009.,"{'term': array([''], dtype=object), 'polarity': array([''], dtype=object), 'from': array([0], dtype=int16), 'to': array([0], dtype=int16)}"
1195,I have a business website and every time I have to change something I have to go to the public library to use a PC.,"{'term': array([''], dtype=object), 'polarity': array([''], dtype=object), 'from': array([0], dtype=int16), 'to': array([0], dtype=int16)}"
2893,I paid about the same for my Toshiba as I did for the compaq a few years back.,"{'term': array([''], dtype=object), 'polarity': array([''], dtype=object), 'from': array([0], dtype=int16), 'to': array([0], dtype=int16)}"
1712,This was an update from an early MacBook Pro.,"{'term': array([''], dtype=object), 'polarity': array([''], dtype=object), 'from': array([0], dtype=int16), 'to': array([0], dtype=int16)}"
2982,I think I might rather suffer for something that is simple to fix in my opinion.,"{'term': array([''], dtype=object), 'polarity': array([''], dtype=object), 'from': array([0], dtype=int16), 'to': array([0], dtype=int16)}"
